genero,edad,programa,jornada,ocupacion,eps,municipio_direccion,riesgo_%,prioridad,perfil
Masculino,24,36T -  TÉCNICO LABORAL EN AUXILIAR ANÁLISIS Y PROGRAMACIÓN DE SOFTWARE,NOCHE,Sin registro,EPS Sura,Envigado,70.9,ALTA,Perfil 1
Masculino,27,TÉCNICO LABORAL EN DISEÑO GRAFICO,DIURNA,Sin registro,Sin registro,Envigado,70.1,ALTA,Perfil 1
Masculino,28,TÉCNICO LABORAL EN DISEÑO GRAFICO,DIURNA,Sin registro,Sin registro,Envigado,69.7,ALTA,Perfil 2
Masculino,28,21T-TÉCNICO LABORAL EN MANTENIMIENTO DE COMPUTADORES Y REDES LOCALES DE DATOS,NOCHE,Independiente,SISBEN,Envigado,69.7,ALTA,Perfil 3
Masculino,30,TÉCNICO LABORAL EN DISEÑO GRAFICO,DIURNA,Sin registro,Sin registro,Envigado,69.0,ALTA,Perfil 2
Masculino,27,24T-TÉCNICO LABORAL EN MECANICA AUTOMOTRIZ (Estudiantes Antiguos),DIURNA,Sin registro,Sin registro,Medellín,68.7,ALTA,Perfil 1
Masculino,17,04-V Técnico Laboral Auxiliar Análisis de Datos E Inteligencia Artificial (50% Modalidad Distancia),DIURNA,Estudiante superior,EPS Sura,Envigado,68.3,ALTA,Perfil 2
Masculino,20,18T-TÉCNICO LABORAL EN GASTRONOMÍA,DIURNA,Sin registro,Savia Salud,Envigado,67.8,ALTA,Perfil 3
Masculino,23,04-V Técnico Laboral Auxiliar Análisis de Datos E Inteligencia Artificial (50% Modalidad Distancia),NOCHE,Empleado,Sin registro,Envigado,67.5,ALTA,Perfil 1
Masculino,23,EXTENSIÓN - BIOSEGURIDAD,DIURNA,Estudiante superior,Servicio Occidental de Salud S.A. S.O.S  EPS,Envigado,66.4,ALTA,Perfil 1
Masculino,18,MEDIA TECNICA MARKETING DIGITAL,MEDIA TÉCNICA,Sin registro,Sin registro,Envigado,65.9,ALTA,Perfil 2
Masculino,16,MEDIA TÉCNICA TÉCNICO EN MARKETING Y VENTA DE PRODUCTOS Y SERVICIOS,MEDIA TÉCNICA,Estudiante básica,Sin registro,Envigado,64.4,ALTA,Perfil 3
Femenino,37,18T-TÉCNICO LABORAL EN GASTRONOMÍA,DIURNA,Sin registro,Salud Total EPS,Envigado,64.0,ALTA,Perfil 1
Femenino,18,22T-TÉCNICO LABORAL EN MARKETING DIGITAL,NOCHE,Estudiante superior,EPS Sura,Envigado,63.2,ALTA,Perfil 3
Masculino,15,MEDIA TÉCNICA TÉCNICO EN MARKETING Y VENTA DE PRODUCTOS Y SERVICIOS,MEDIA TÉCNICA,Sin registro,Sin registro,Envigado,62.9,ALTA,Perfil 1
Femenino,18,30T-TÉCNICO LABORAL EN EDUCACIÓN PARA LA PRIMERA INFANCIA,NOCHE,Estudiante básica,Savia Salud,Envigado,62.4,ALTA,Perfil 2
Masculino,32,21T-TÉCNICO LABORAL EN MANTENIMIENTO DE COMPUTADORES Y REDES LOCALES DE DATOS,NOCHE,Independiente,Sin registro,Envigado,62.3,ALTA,Perfil 2
Masculino,26,25T-TÉCNICO LABORAL EN MECANICA DE MOTOCICLETAS,DIURNA,Sin registro,Sin registro,Envigado,62.3,ALTA,Perfil 1
Masculino,23,16T-TÉCNICO LABORAL EN ELECTRICISTA,NOCHE,Sin registro,Sin registro,Envigado,62.2,ALTA,Perfil 1
Masculino,28,25T-TÉCNICO LABORAL EN MECANICA DE MOTOCICLETAS,DIURNA,Desempleado,Nueva Promotora de Salud - Nueva EPS,Envigado,62.2,ALTA,Perfil 3
Masculino,20,06-VTécnico Laboral en Asistente Community Manager y Redes Sociales (50% Modalidad Distancia),DIURNA,Estudiante básica,Coomeva EPS,Envigado,62.1,ALTA,Perfil 1
Masculino,26,18T-TÉCNICO LABORAL EN GASTRONOMÍA,DIURNA,Estudiante superior,Sin registro,Envigado,62.0,ALTA,Perfil 2
Masculino,26,12T-TÉCNICO LABORAL EN AUXILIAR DE RECURSO HUMANO,NOCHE,Desempleado,Sin registro,Envigado,61.8,ALTA,Perfil 1
Masculino,28,29T-TÉCNICO LABORAL EN PANADERIA Y REPOSTERIA,DIURNA,Estudiante superior,EPS Sura,Envigado,61.7,ALTA,Perfil 2
Masculino,38,03T-TÉCNICO LABORAL AUXILIAR EN LOGÍSTICA,NOCHE,Desempleado,Sin registro,Envigado,61.0,ALTA,Perfil 3
Masculino,27,29T-TÉCNICO LABORAL EN PANADERIA Y REPOSTERIA,DIURNA,Desempleado,SISBEN,Envigado,61.0,ALTA,Perfil 3
Masculino,36,09T-TÉCNICO LABORAL EN AUXILIAR ADMINISTRATIVO,NOCHE,Independiente,Savia Salud,Envigado,60.8,ALTA,Perfil 1
Masculino,27,22T-TÉCNICO LABORAL EN MARKETING DIGITAL,NOCHE,Desempleado,SISBEN,Envigado,60.7,ALTA,Perfil 2
Masculino,16,MEDIA TÉCNICA TÉCNICO EN MARKETING Y VENTA DE PRODUCTOS Y SERVICIOS,MEDIA TÉCNICA,Sin registro,Sin registro,Envigado,60.5,ALTA,Perfil 3
Masculino,26,36T -  TÉCNICO LABORAL EN AUXILIAR ANÁLISIS Y PROGRAMACIÓN DE SOFTWARE,NOCHE,Desempleado,EPS Sura,Envigado,60.3,ALTA,Perfil 1
Masculino,23,18T-TÉCNICO LABORAL EN GASTRONOMÍA,NOCHE,Estudiante superior,Sin registro,Envigado,60.3,ALTA,Perfil 2
Masculino,31,12T-TÉCNICO LABORAL EN AUXILIAR DE RECURSO HUMANO,NOCHE,Independiente,Nueva Promotora de Salud - Nueva EPS,Envigado,60.1,ALTA,Perfil 2
Masculino,25,29T-TÉCNICO LABORAL EN PANADERIA Y REPOSTERIA,NOCHE,Desempleado,EPS Sura,Envigado,60.1,ALTA,Perfil 1
Masculino,29,16T-TÉCNICO LABORAL EN ELECTRICISTA,NOCHE,Desempleado,EPS Sura,Envigado,60.0,Media,Perfil 1
Masculino,27,14T-TÉCNICO LABORAL EN CONTABILIDAD,NOCHE,Desempleado,EPS Sura,Envigado,60.0,Media,Perfil 2
Masculino,68,14T-TÉCNICO LABORAL EN CONTABILIDAD,NOCHE,Desempleado,SISBEN,Envigado,60.0,Media,Perfil 1
Masculino,23,37 - TÉCNICO POR COMPETENCIAS ASISTENTE EN ENTRENAMIENTO FÍSICO Y DEPORTIVO,DIURNA,Empleado,Nueva Promotora de Salud - Nueva EPS,Envigado,60.0,Media,Perfil 2
Masculino,31,36T -  TÉCNICO LABORAL EN AUXILIAR ANÁLISIS Y PROGRAMACIÓN DE SOFTWARE,NOCHE,Desempleado,EPS Sura,Envigado,59.9,Media,Perfil 1
Masculino,15,MEDIA TÉCNICA TÉCNICO EN MARKETING Y VENTA DE PRODUCTOS Y SERVICIOS,MEDIA TÉCNICA,Sin registro,Sin registro,Envigado,59.9,Media,Perfil 3
Masculino,33,22T-TÉCNICO LABORAL EN MARKETING DIGITAL,DIURNA,Desempleado,SISBEN V2 - Nivel 1,Envigado,59.9,Media,Perfil 1
Masculino,31,16T-TÉCNICO LABORAL EN ELECTRICISTA,NOCHE,Independiente,Savia Salud,Envigado,59.8,Media,Perfil 3
Masculino,23,20T-TÉCNICO LABORAL EN JOYERIA,DIURNA,Independiente,EPS Sura,Envigado,59.8,Media,Perfil 2
Masculino,23,22T-TÉCNICO LABORAL EN MARKETING DIGITAL,DIURNA,Desempleado,SISBEN,Envigado,59.7,Media,Perfil 2
Masculino,31,08T-TÉCNICO LABORAL EN AUTOMOTRIZ,DIURNA,Independiente,EPS Sura,Envigado,59.7,Media,Perfil 1
Masculino,37,08T-TÉCNICO LABORAL EN AUTOMOTRIZ,DIURNA,Estudiante superior,Sin registro,Envigado,59.6,Media,Perfil 1
Masculino,32,25T-TÉCNICO LABORAL EN MECANICA DE MOTOCICLETAS,NOCHE,Independiente,Sin registro,Envigado,59.5,Media,Perfil 1
Masculino,26,20T-TÉCNICO LABORAL EN JOYERIA,DIURNA,Estudiante superior,EPS Sura,Envigado,59.5,Media,Perfil 1
Masculino,32,20T-TÉCNICO LABORAL EN JOYERIA,DIURNA,Estudiante superior,EPS Sura,Envigado,59.5,Media,Perfil 1
Masculino,28,20T-TÉCNICO LABORAL EN JOYERIA,DIURNA,Independiente,Coomeva EPS,Envigado,59.4,Media,Perfil 2
Masculino,33,18T-TÉCNICO LABORAL EN GASTRONOMÍA,NOCHE,Desempleado,SISBEN,Envigado,59.2,Media,Perfil 3
Masculino,18,18T-TÉCNICO LABORAL EN GASTRONOMÍA,DIURNA,Sin registro,EPS Sura,Envigado,59.1,Media,Perfil 3
Masculino,22,13T-TÉCNICO LABORAL EN AUXILIAR EN SEGURIDAD OCUPACIONAL,NOCHE,Sin registro,EPS Sura,Envigado,59.0,Media,Perfil 2
Masculino,24,22T-TÉCNICO LABORAL EN MARKETING DIGITAL,NOCHE,Estudiante superior,EPS Sura,Envigado,58.9,Media,Perfil 1
Masculino,15,MEDIA TÉCNICA TÉCNICO EN MARKETING Y VENTA DE PRODUCTOS Y SERVICIOS,MEDIA TÉCNICA,Sin registro,Sin registro,Envigado,58.9,Media,Perfil 2
Masculino,15,MEDIA TÉCNICA TÉCNICO EN MARKETING Y VENTA DE PRODUCTOS Y SERVICIOS,MEDIA TÉCNICA,Sin registro,Sin registro,Envigado,58.9,Media,Perfil 2
Masculino,16,MEDIA TÉCNICA - ORIENTACIÓN VOCACIONAL,MEDIA TÉCNICA,Sin registro,Sin registro,Envigado,58.9,Media,Perfil 1
Masculino,16,MEDIA TÉCNICA TÉCNICO EN MARKETING Y VENTA DE PRODUCTOS Y SERVICIOS,MEDIA TÉCNICA,Sin registro,Sin registro,Envigado,58.9,Media,Perfil 3
Masculino,25,25T-TÉCNICO LABORAL EN MECANICA DE MOTOCICLETAS,NOCHE,Desempleado,SISBEN V2 - Nivel 1,Envigado,58.8,Media,Perfil 3
Masculino,25,18T-TÉCNICO LABORAL EN GASTRONOMÍA,DIURNA,Sin registro,EPS Sura,Envigado,58.8,Media,Perfil 1
Masculino,23,20T-TÉCNICO LABORAL EN JOYERIA,DIURNA,Desempleado,EPS Sura,Envigado,58.8,Media,Perfil 2
Masculino,34,37 - TÉCNICO POR COMPETENCIAS ASISTENTE EN ENTRENAMIENTO FÍSICO Y DEPORTIVO,DIURNA,Empleado,Savia Salud,Envigado,58.8,Media,Perfil 3
Masculino,24,22T-TÉCNICO LABORAL EN MARKETING DIGITAL,NOCHE,Estudiante superior,EPS Sura,Envigado,58.8,Media,Perfil 2
Masculino,26,19T-TÉCNICO LABORAL EN GASTRONOMIA INTERNACIONAL,NOCHE,Estudiante superior,Sin registro,Envigado,58.6,Media,Perfil 1
Masculino,23,14T-TÉCNICO LABORAL EN CONTABILIDAD,NOCHE,Desempleado,Salud Total EPS,Envigado,58.5,Media,Perfil 1
Masculino,29,16T-TÉCNICO LABORAL EN ELECTRICISTA,NOCHE,Desempleado,Nueva Promotora de Salud - Nueva EPS,Envigado,58.5,Media,Perfil 2
Masculino,29,23T-TÉCNICO LABORAL EN MARKETING Y VENTA DE PRODUCTOS Y SERVICIOS,DIURNA,Independiente,EPS Sura,Envigado,58.5,Media,Perfil 2
Masculino,24,08T-TÉCNICO LABORAL EN AUTOMOTRIZ,DIURNA,Desempleado,Savia Salud,Envigado,58.5,Media,Perfil 2
Masculino,27,16T-TÉCNICO LABORAL EN ELECTRICISTA,NOCHE,Desempleado,Nueva Promotora de Salud - Nueva EPS,Envigado,58.4,Media,Perfil 2
Masculino,23,14T-TÉCNICO LABORAL EN CONTABILIDAD,DIURNA,Desempleado,Salud Total EPS,Envigado,58.4,Media,Perfil 3
Masculino,17,31T-TÉCNICO LABORAL EN SISTEMAS (Estudiantes Antiguos),NOCHE,Sin registro,Sin registro,Envigado,58.4,Media,Perfil 1
Masculino,27,09T-TÉCNICO LABORAL EN AUXILIAR ADMINISTRATIVO,NOCHE,Estudiante básica,Sin registro,Envigado,58.4,Media,Perfil 3
Masculino,25,09T-TÉCNICO LABORAL EN AUXILIAR ADMINISTRATIVO,DIURNA,Empleado,Sin registro,Envigado,58.3,Media,Perfil 1
Masculino,41,29T-TÉCNICO LABORAL EN PANADERIA Y REPOSTERIA,DIURNA,Desempleado,Sin registro,Envigado,58.3,Media,Perfil 3
Masculino,23,22T-TÉCNICO LABORAL EN MARKETING DIGITAL,NOCHE,Desempleado,EPS Sura,Envigado,58.2,Media,Perfil 2
Masculino,50,12T-TÉCNICO LABORAL EN AUXILIAR DE RECURSO HUMANO,NOCHE,Estudiante superior,Sin registro,Envigado,58.2,Media,Perfil 1
Masculino,25,16T-TÉCNICO LABORAL EN ELECTRICISTA,NOCHE,Desempleado,Sin registro,Envigado,58.1,Media,Perfil 1
Masculino,31,22T-TÉCNICO LABORAL EN MARKETING DIGITAL,DIURNA,Independiente,EPS Sura,Itagui,58.1,Media,Perfil 1
Masculino,24,23T-TÉCNICO LABORAL EN MARKETING Y VENTA DE PRODUCTOS Y SERVICIOS,NOCHE,Estudiante superior,SISBEN,Envigado,58.1,Media,Perfil 3
Masculino,18,22T-TÉCNICO LABORAL EN MARKETING DIGITAL,DIURNA,Independiente,EPS Sura,Medellín,57.9,Media,Perfil 3
Masculino,18,MEDIA TECNICA MARKETING DIGITAL,MEDIA TÉCNICA,Estudiante básica,Sin registro,Medellín,57.9,Media,Perfil 2
Masculino,33,13T-TÉCNICO LABORAL EN AUXILIAR EN SEGURIDAD OCUPACIONAL,NOCHE,Empleado,SISBEN,Envigado,57.9,Media,Perfil 2
Masculino,32,23T-TÉCNICO LABORAL EN MARKETING Y VENTA DE PRODUCTOS Y SERVICIOS,DIURNA,Independiente,Sin registro,Envigado,57.9,Media,Perfil 2
Masculino,26,EXTENSIÓN MANIPULACIÓN DE ALIMENTOS,DIURNA,Sin registro,Sin registro,Envigado,57.8,Media,Perfil 2
Masculino,46,21T-TÉCNICO LABORAL EN MANTENIMIENTO DE COMPUTADORES Y REDES LOCALES DE DATOS,NOCHE,Desempleado,Sin registro,Envigado,57.8,Media,Perfil 1
Masculino,43,16T-TÉCNICO LABORAL EN ELECTRICISTA,NOCHE,Desempleado,EPS Sura,Envigado,57.8,Media,Perfil 1
Masculino,37,14T-TÉCNICO LABORAL EN CONTABILIDAD,DIURNA,Desempleado,Savia Salud,Envigado,57.8,Media,Perfil 1
Masculino,23,16T-TÉCNICO LABORAL EN ELECTRICISTA,NOCHE,Desempleado,Sin registro,Envigado,57.8,Media,Perfil 3
Masculino,27,16T-TÉCNICO LABORAL EN ELECTRICISTA,NOCHE,Empleado,SISBEN,Envigado,57.7,Media,Perfil 1
Masculino,45,16T-TÉCNICO LABORAL EN ELECTRICISTA,NOCHE,Independiente,SISBEN,Envigado,57.7,Media,Perfil 2
Masculino,65,16T-TÉCNICO LABORAL EN ELECTRICISTA,NOCHE,Independiente,Coomeva EPS,Envigado,57.7,Media,Perfil 1
Masculino,26,26T-TÉCNICO LABORAL EN MECÁNICA DE MOTOS  (Estudiantes Antiguos),NOCHE,Sin registro,Sin registro,Envigado,57.6,Media,Perfil 1
Masculino,26,26T-TÉCNICO LABORAL EN MECÁNICA DE MOTOS  (Estudiantes Antiguos),NOCHE,Sin registro,Sin registro,Envigado,57.6,Media,Perfil 2
Masculino,29,09T-TÉCNICO LABORAL EN AUXILIAR ADMINISTRATIVO,NOCHE,Desempleado,Savia Salud,Envigado,57.6,Media,Perfil 2
Masculino,21,14T-TÉCNICO LABORAL EN CONTABILIDAD,DIURNA,Independiente,EPS Sura,Envigado,57.5,Media,Perfil 2
Masculino,26,MEDIA TÉCNICA - ORIENTACIÓN VOCACIONAL,MEDIA TÉCNICA,Estudiante básica,EPS Sura,Envigado,57.5,Media,Perfil 1
Masculino,25,18T-TÉCNICO LABORAL EN GASTRONOMÍA,DIURNA,Estudiante básica,Coomeva EPS,Envigado,57.5,Media,Perfil 1
Masculino,23,23T-TÉCNICO LABORAL EN MARKETING Y VENTA DE PRODUCTOS Y SERVICIOS,NOCHE,Estudiante superior,SISBEN,Envigado,57.4,Media,Perfil 2
Masculino,24,14T-TÉCNICO LABORAL EN CONTABILIDAD,NOCHE,Estudiante básica,EPS Sura,Envigado,57.4,Media,Perfil 1
Masculino,18,04-V Técnico Laboral Auxiliar Análisis de Datos E Inteligencia Artificial (50% Modalidad Distancia),DIURNA,Desempleado,EPS Sura,Envigado,57.4,Media,Perfil 2
Masculino,20,18T-TÉCNICO LABORAL EN GASTRONOMÍA,DIURNA,Estudiante superior,Sin registro,Envigado,57.4,Media,Perfil 1
Masculino,17,18T-TÉCNICO LABORAL EN GASTRONOMÍA,DIURNA,Estudiante superior,Sin registro,Envigado,57.3,Media,Perfil 3
Masculino,26,26T-TÉCNICO LABORAL EN MECÁNICA DE MOTOS  (Estudiantes Antiguos),NOCHE,Sin registro,Sin registro,Envigado,57.3,Media,Perfil 2
Masculino,33,18T-TÉCNICO LABORAL EN GASTRONOMÍA,DIURNA,Independiente,EPS Sura,Envigado,57.3,Media,Perfil 2
Masculino,30,05-V-Técnico Laboral Auxiliar en Ciberseguridad (50% Modalidad Distancia),NOCHE,Desempleado,Suramericana,Envigado,57.3,Media,Perfil 1
Masculino,26,18T-TÉCNICO LABORAL EN GASTRONOMÍA,DIURNA,Independiente,EPS Sura,Envigado,57.3,Media,Perfil 3
Masculino,32,16T-TÉCNICO LABORAL EN ELECTRICISTA,NOCHE,Estudiante superior,SISBEN,Envigado,57.3,Media,Perfil 2
Masculino,33,36T -  TÉCNICO LABORAL EN AUXILIAR ANÁLISIS Y PROGRAMACIÓN DE SOFTWARE,NOCHE,Empleado,Sanitas EPS,Envigado,57.3,Media,Perfil 3
Masculino,16,36T -  TÉCNICO LABORAL EN AUXILIAR ANÁLISIS Y PROGRAMACIÓN DE SOFTWARE,NOCHE,Sin registro,Nueva Promotora de Salud - Nueva EPS,Envigado,57.3,Media,Perfil 2
Masculino,24,31T-TÉCNICO LABORAL EN SISTEMAS (Estudiantes Antiguos),NOCHE,Estudiante superior,EPS Sura,Envigado,57.2,Media,Perfil 3
Femenino,55,EXTENSIÓN - BIOSEGURIDAD,DIURNA,Empleado,Sin registro,Envigado,57.2,Media,Perfil 1
Masculino,31,25T-TÉCNICO LABORAL EN MECANICA DE MOTOCICLETAS,DIURNA,Independiente,SISBEN,Envigado,57.2,Media,Perfil 3
Masculino,31,37 - TÉCNICO POR COMPETENCIAS ASISTENTE EN ENTRENAMIENTO FÍSICO Y DEPORTIVO,DIURNA,Sin registro,EPS Sura,Envigado,57.2,Media,Perfil 2
Femenino,16,MEDIA TECNICA MARKETING DIGITAL,MEDIA TÉCNICA,Sin registro,Sin registro,Envigado,57.2,Media,Perfil 1
Masculino,17,36T -  TÉCNICO LABORAL EN AUXILIAR ANÁLISIS Y PROGRAMACIÓN DE SOFTWARE,NOCHE,Desempleado,Salud Total EPS,Envigado,57.2,Media,Perfil 2
Masculino,23,25T-TÉCNICO LABORAL EN MECANICA DE MOTOCICLETAS,DIURNA,Estudiante superior,Sin registro,Envigado,57.2,Media,Perfil 2
Femenino,31,21T-TÉCNICO LABORAL EN MANTENIMIENTO DE COMPUTADORES Y REDES LOCALES DE DATOS,NOCHE,Empleado,EPS Sura,Envigado,57.2,Media,Perfil 2
Masculino,25,07T-TÉCNICO LABORAL EN ATENCION Y CUIDADO DE PERSONAS MAYORES,NOCHE,Desempleado,Savia Salud,Envigado,57.1,Media,Perfil 3
Masculino,47,16T-TÉCNICO LABORAL EN ELECTRICISTA,NOCHE,Independiente,Colsanitas,Envigado,57.1,Media,Perfil 1
Masculino,26,14T-TÉCNICO LABORAL EN CONTABILIDAD,NOCHE,Desempleado,Coomeva EPS,Envigado,57.1,Media,Perfil 1
Masculino,26,26T-TÉCNICO LABORAL EN MECÁNICA DE MOTOS  (Estudiantes Antiguos),NOCHE,Sin registro,Sin registro,Envigado,57.0,Media,Perfil 1
Masculino,25,25T-TÉCNICO LABORAL EN MECANICA DE MOTOCICLETAS,DIURNA,Estudiante básica,EPS Sura,Envigado,57.0,Media,Perfil 2
Masculino,26,08T-TÉCNICO LABORAL EN AUTOMOTRIZ,DIURNA,Empleado,Savia Salud,Envigado,57.0,Media,Perfil 2
Masculino,22,18T-TÉCNICO LABORAL EN GASTRONOMÍA,DIURNA,Desempleado,EPS Sura,Envigado,57.0,Media,Perfil 2
Masculino,33,36T -  TÉCNICO LABORAL EN AUXILIAR ANÁLISIS Y PROGRAMACIÓN DE SOFTWARE,NOCHE,Desempleado,EPS Sura,Envigado,56.9,Media,Perfil 1
Masculino,32,12T-TÉCNICO LABORAL EN AUXILIAR DE RECURSO HUMANO,NOCHE,Desempleado,Nueva Promotora de Salud - Nueva EPS,Envigado,56.9,Media,Perfil 1
Masculino,37,29T-TÉCNICO LABORAL EN PANADERIA Y REPOSTERIA,NOCHE,Independiente,EPS Sura,Envigado,56.9,Media,Perfil 1
Masculino,26,22T-TÉCNICO LABORAL EN MARKETING DIGITAL,NOCHE,Desempleado,EPS Sura,Envigado,56.9,Media,Perfil 2
Masculino,23,23T-TÉCNICO LABORAL EN MARKETING Y VENTA DE PRODUCTOS Y SERVICIOS,NOCHE,Independiente,EPS Sura,Envigado,56.8,Media,Perfil 1
Masculino,36,22T-TÉCNICO LABORAL EN MARKETING DIGITAL,NOCHE,Desempleado,EPS Sura,Envigado,56.8,Media,Perfil 2
Masculino,24,17T-TÉCNICO LABORAL EN ENTRENAMIENTO DEPORTIVO,DIURNA,Independiente,EPS Sura,Envigado,56.8,Media,Perfil 1
Masculino,33,09T-TÉCNICO LABORAL EN AUXILIAR ADMINISTRATIVO,DIURNA,Desempleado,EPS Sura,Envigado,56.8,Media,Perfil 2
Masculino,28,16T-TÉCNICO LABORAL EN ELECTRICISTA,NOCHE,Estudiante básica,SISBEN V2 - Nivel 1,Envigado,56.8,Media,Perfil 2
Masculino,21,09T-TÉCNICO LABORAL EN AUXILIAR ADMINISTRATIVO,DIURNA,Desempleado,EPS Sura,Envigado,56.7,Media,Perfil 1
Masculino,22,18T-TÉCNICO LABORAL EN GASTRONOMÍA,DIURNA,Empleado,Sin registro,Envigado,56.7,Media,Perfil 1
Masculino,27,26T-TÉCNICO LABORAL EN MECÁNICA DE MOTOS  (Estudiantes Antiguos),NOCHE,Sin registro,Sin registro,Itagui,56.7,Media,Perfil 2
Masculino,27,36T -  TÉCNICO LABORAL EN AUXILIAR ANÁLISIS Y PROGRAMACIÓN DE SOFTWARE,NOCHE,Empleado,EPS Sura,Envigado,56.6,Media,Perfil 1
Masculino,23,16T-TÉCNICO LABORAL EN ELECTRICISTA,NOCHE,Empleado,EPS Sura,Envigado,56.6,Media,Perfil 3
Masculino,23,16T-TÉCNICO LABORAL EN ELECTRICISTA,NOCHE,Desempleado,Nueva Promotora de Salud - Nueva EPS,Envigado,56.6,Media,Perfil 2
Masculino,26,25T-TÉCNICO LABORAL EN MECANICA DE MOTOCICLETAS,DIURNA,Desempleado,EPS Sura,Envigado,56.5,Media,Perfil 1
Masculino,31,09T-TÉCNICO LABORAL EN AUXILIAR ADMINISTRATIVO,NOCHE,Estudiante básica,SISBEN V3 - Rango de 70% a 79%,Envigado,56.5,Media,Perfil 3
Masculino,20,04-V Técnico Laboral Auxiliar Análisis de Datos E Inteligencia Artificial (50% Modalidad Distancia),DIURNA,Desempleado,Unisalud,Envigado,56.5,Media,Perfil 2
Masculino,20,23T-TÉCNICO LABORAL EN MARKETING Y VENTA DE PRODUCTOS Y SERVICIOS,DIURNA,Desempleado,EPS Sura,Envigado,56.5,Media,Perfil 1
Masculino,24,09T-TÉCNICO LABORAL EN AUXILIAR ADMINISTRATIVO,NOCHE,Independiente,Salud Total EPS,Envigado,56.5,Media,Perfil 1
Masculino,23,22T-TÉCNICO LABORAL EN MARKETING DIGITAL,DIURNA,Independiente,EPS Sura,Sabaneta,56.5,Media,Perfil 2
Masculino,22,23T-TÉCNICO LABORAL EN MARKETING Y VENTA DE PRODUCTOS Y SERVICIOS,NOCHE,Empleado,Salud Total EPS,Envigado,56.4,Media,Perfil 1
Masculino,24,21T-TÉCNICO LABORAL EN MANTENIMIENTO DE COMPUTADORES Y REDES LOCALES DE DATOS,NOCHE,Estudiante superior,EPS Sura,Envigado,56.4,Media,Perfil 3
Masculino,18,25T-TÉCNICO LABORAL EN MECANICA DE MOTOCICLETAS,DIURNA,Empleado,Sin registro,Envigado,56.4,Media,Perfil 1
Masculino,29,09T-TÉCNICO LABORAL EN AUXILIAR ADMINISTRATIVO,NOCHE,Estudiante superior,Coomeva EPS,Envigado,56.4,Media,Perfil 1
Masculino,40,04-V Técnico Laboral Auxiliar Análisis de Datos E Inteligencia Artificial (50% Modalidad Distancia),DIURNA,Independiente,Sin registro,Envigado,56.3,Media,Perfil 2
Femenino,15,MEDIA TÉCNICA - ORIENTACIÓN VOCACIONAL,MEDIA TÉCNICA,Sin registro,EPS Sura,Envigado,56.3,Media,Perfil 2
Masculino,21,14T-TÉCNICO LABORAL EN CONTABILIDAD,DIURNA,Desempleado,SISBEN,Envigado,56.3,Media,Perfil 2
Masculino,17,EXTENSIÓN MANIPULACIÓN DE ALIMENTOS,DIURNA,Sin registro,Sin registro,Envigado,56.3,Media,Perfil 1
Masculino,19,EXTENSIÓN MANIPULACIÓN DE ALIMENTOS,DIURNA,Sin registro,Sin registro,Envigado,56.3,Media,Perfil 2
Masculino,22,08T-TÉCNICO LABORAL EN AUTOMOTRIZ,DIURNA,Desempleado,Sin registro,Envigado,56.3,Media,Perfil 2
Masculino,22,08T-TÉCNICO LABORAL EN AUTOMOTRIZ,DIURNA,Independiente,EPS Sura,Envigado,56.2,Media,Perfil 2
Masculino,24,22T-TÉCNICO LABORAL EN MARKETING DIGITAL,NOCHE,Estudiante superior,EPS Sura,Envigado,56.2,Media,Perfil 1
Masculino,66,29T-TÉCNICO LABORAL EN PANADERIA Y REPOSTERIA,DIURNA,Desempleado,Nueva Promotora de Salud - Nueva EPS,Envigado,56.2,Media,Perfil 3
Masculino,26,18T-TÉCNICO LABORAL EN GASTRONOMÍA,NOCHE,Empleado,EPS Sura,Envigado,56.2,Media,Perfil 2
Masculino,52,14T-TÉCNICO LABORAL EN CONTABILIDAD,NOCHE,Empleado,Salud Total EPS,Envigado,56.2,Media,Perfil 2
Masculino,17,MEDIA TÉCNICA - ORIENTACIÓN VOCACIONAL,MEDIA TÉCNICA,Sin registro,EPS Sura,Envigado,56.2,Media,Perfil 2
Masculino,28,14T-TÉCNICO LABORAL EN CONTABILIDAD,DIURNA,Desempleado,EPS Sura,Envigado,56.2,Media,Perfil 1
Masculino,26,36T -  TÉCNICO LABORAL EN AUXILIAR ANÁLISIS Y PROGRAMACIÓN DE SOFTWARE,NOCHE,Independiente,EPS Sura,Envigado,56.1,Media,Perfil 1
Masculino,19,36T -  TÉCNICO LABORAL EN AUXILIAR ANÁLISIS Y PROGRAMACIÓN DE SOFTWARE,NOCHE,Desempleado,Nueva Promotora de Salud - Nueva EPS,Envigado,56.1,Media,Perfil 2
Masculino,31,04-V Técnico Laboral Auxiliar Análisis de Datos E Inteligencia Artificial (50% Modalidad Distancia),NOCHE,Desempleado,Sin registro,Envigado,56.1,Media,Perfil 1
Masculino,21,18T-TÉCNICO LABORAL EN GASTRONOMÍA,DIURNA,Desempleado,Nueva Promotora de Salud - Nueva EPS,Envigado,56.1,Media,Perfil 2
Masculino,18,EXTENSIÓN MANIPULACIÓN DE ALIMENTOS,DIURNA,Sin registro,Sin registro,Medellín,56.1,Media,Perfil 1
Masculino,21,37 - TÉCNICO POR COMPETENCIAS ASISTENTE EN ENTRENAMIENTO FÍSICO Y DEPORTIVO,DIURNA,Empleado,Savia Salud,Envigado,56.1,Media,Perfil 1
Masculino,47,16T-TÉCNICO LABORAL EN ELECTRICISTA,NOCHE,Independiente,Policía Nacional,Envigado,56.0,Media,Perfil 1
Masculino,21,23T-TÉCNICO LABORAL EN MARKETING Y VENTA DE PRODUCTOS Y SERVICIOS,DIURNA,Desempleado,Suramericana,Envigado,56.0,Media,Perfil 1
Masculino,17,08T-TÉCNICO LABORAL EN AUTOMOTRIZ,DIURNA,Desempleado,EPS Sura,Envigado,56.0,Media,Perfil 2
Masculino,37,21T-TÉCNICO LABORAL EN MANTENIMIENTO DE COMPUTADORES Y REDES LOCALES DE DATOS,NOCHE,Estudiante superior,Sin registro,Envigado,56.0,Media,Perfil 2
Masculino,22,08T-TÉCNICO LABORAL EN AUTOMOTRIZ,DIURNA,Empleado,EPS Sura,Envigado,55.9,Media,Perfil 2
Masculino,18,16T-TÉCNICO LABORAL EN ELECTRICISTA,NOCHE,Independiente,Suramericana,Envigado,55.9,Media,Perfil 1
Masculino,17,23T-TÉCNICO LABORAL EN MARKETING Y VENTA DE PRODUCTOS Y SERVICIOS,DIURNA,Desempleado,Famisanar Ltda.,Envigado,55.8,Media,Perfil 2
Masculino,19,22T-TÉCNICO LABORAL EN MARKETING DIGITAL,DIURNA,Desempleado,SISBEN V2 - Nivel 1,Envigado,55.8,Media,Perfil 2
Masculino,18,MEDIA TECNICA MARKETING DIGITAL,MEDIA TÉCNICA,Estudiante básica,Coomeva EPS,Envigado,55.8,Media,Perfil 1
Masculino,18,08T-TÉCNICO LABORAL EN AUTOMOTRIZ,DIURNA,Sin registro,EPS Sura,Envigado,55.8,Media,Perfil 3
Masculino,20,18T-TÉCNICO LABORAL EN GASTRONOMÍA,DIURNA,Empleado,EPS Sura,Envigado,55.7,Media,Perfil 2
Masculino,17,17T-TÉCNICO LABORAL EN ENTRENAMIENTO DEPORTIVO,NOCHE,Independiente,EPS Sura,Envigado,55.7,Media,Perfil 2
Masculino,24,29T-TÉCNICO LABORAL EN PANADERIA Y REPOSTERIA,DIURNA,Independiente,EPS Sura,Envigado,55.7,Media,Perfil 2
Masculino,21,25T-TÉCNICO LABORAL EN MECANICA DE MOTOCICLETAS,DIURNA,Independiente,EPS Sura,Envigado,55.7,Media,Perfil 2
Masculino,33,08T-TÉCNICO LABORAL EN AUTOMOTRIZ,DIURNA,Independiente,EPS Sura,Itagui,55.7,Media,Perfil 1
Masculino,44,09T-TÉCNICO LABORAL EN AUXILIAR ADMINISTRATIVO,DIURNA,Independiente,Salud Total EPS,Envigado,55.7,Media,Perfil 2
Masculino,27,25T-TÉCNICO LABORAL EN MECANICA DE MOTOCICLETAS,NOCHE,Independiente,Coomeva EPS,Medellín,55.7,Media,Perfil 1
Masculino,15,MEDIA TÉCNICA - ORIENTACIÓN VOCACIONAL,MEDIA TÉCNICA,Estudiante básica,Coomeva EPS,Envigado,55.7,Media,Perfil 2
Masculino,18,22T-TÉCNICO LABORAL EN MARKETING DIGITAL,DIURNA,Estudiante superior,EPS Sura,Envigado,55.7,Media,Perfil 3
Masculino,17,23T-TÉCNICO LABORAL EN MARKETING Y VENTA DE PRODUCTOS Y SERVICIOS,DIURNA,Estudiante superior,EPS Sura,Envigado,55.7,Media,Perfil 1
Masculino,32,16T-TÉCNICO LABORAL EN ELECTRICISTA,NOCHE,Desempleado,Sanitas EPS,Envigado,55.7,Media,Perfil 2
Masculino,33,26T-TÉCNICO LABORAL EN MECÁNICA DE MOTOS  (Estudiantes Antiguos),NOCHE,Sin registro,Sin registro,Envigado,55.6,Media,Perfil 1
Masculino,20,18T-TÉCNICO LABORAL EN GASTRONOMÍA,NOCHE,Desempleado,EPS Sura,Envigado,55.6,Media,Perfil 1
Masculino,18,08T-TÉCNICO LABORAL EN AUTOMOTRIZ,DIURNA,Desempleado,EPS Sura,Envigado,55.6,Media,Perfil 1
Masculino,21,25T-TÉCNICO LABORAL EN MECANICA DE MOTOCICLETAS,NOCHE,Desempleado,SISBEN,Envigado,55.6,Media,Perfil 1
Masculino,18,08T-TÉCNICO LABORAL EN AUTOMOTRIZ,DIURNA,Sin registro,SISBEN V2 - Nivel 1,Envigado,55.6,Media,Perfil 1
Masculino,16,MEDIA TÉCNICA TÉCNICO EN MARKETING Y VENTA DE PRODUCTOS Y SERVICIOS,MEDIA TÉCNICA,Sin registro,Sin registro,Itagui,55.5,Media,Perfil 2
Masculino,25,18T-TÉCNICO LABORAL EN GASTRONOMÍA,DIURNA,Empleado,EPS Sura,Medellín,55.5,Media,Perfil 1
Masculino,24,14T-TÉCNICO LABORAL EN CONTABILIDAD,NOCHE,Empleado,EPS Sura,Envigado,55.5,Media,Perfil 1
Masculino,21,17T-TÉCNICO LABORAL EN ENTRENAMIENTO DEPORTIVO,DIURNA,Desempleado,SISBEN,Envigado,55.5,Media,Perfil 2
Masculino,43,16T-TÉCNICO LABORAL EN ELECTRICISTA,NOCHE,Independiente,EPS Sura,Itagui,55.5,Media,Perfil 3
Masculino,19,22T-TÉCNICO LABORAL EN MARKETING DIGITAL,DIURNA,Desempleado,EPS Sura,Envigado,55.5,Media,Perfil 2
Masculino,31,25T-TÉCNICO LABORAL EN MECANICA DE MOTOCICLETAS,NOCHE,Empleado,EPS Sura,Envigado,55.4,Media,Perfil 3
Masculino,17,04-V Técnico Laboral Auxiliar Análisis de Datos E Inteligencia Artificial (50% Modalidad Distancia),DIURNA,Desempleado,Susalud,Envigado,55.4,Media,Perfil 2
Masculino,30,26T-TÉCNICO LABORAL EN MECÁNICA DE MOTOS  (Estudiantes Antiguos),NOCHE,Sin registro,Sin registro,Envigado,55.4,Media,Perfil 1
Masculino,51,16T-TÉCNICO LABORAL EN ELECTRICISTA,NOCHE,Independiente,EPS Sura,Envigado,55.4,Media,Perfil 2
Masculino,18,EXTENSIÓN MANIPULACIÓN DE ALIMENTOS,DIURNA,Sin registro,Sin registro,Envigado,55.4,Media,Perfil 3
Masculino,19,EXTENSIÓN - BIOSEGURIDAD,DIURNA,Sin registro,Sin registro,Envigado,55.4,Media,Perfil 1
Masculino,20,EXTENSIÓN MANIPULACIÓN DE ALIMENTOS,DIURNA,Sin registro,Sin registro,Envigado,55.4,Media,Perfil 2
Masculino,19,EXTENSIÓN MANIPULACIÓN DE ALIMENTOS,DIURNA,Sin registro,Sin registro,Envigado,55.4,Media,Perfil 3
Masculino,19,EXTENSIÓN - BIOSEGURIDAD,DIURNA,Sin registro,Sin registro,Envigado,55.4,Media,Perfil 2
Masculino,18,EXTENSIÓN MANIPULACIÓN DE ALIMENTOS,DIURNA,Sin registro,Sin registro,Envigado,55.4,Media,Perfil 1
Masculino,18,EXTENSIÓN MANIPULACIÓN DE ALIMENTOS,DIURNA,Sin registro,Sin registro,Envigado,55.4,Media,Perfil 2
Masculino,20,20T-TÉCNICO LABORAL EN JOYERIA,DIURNA,Independiente,EPS Sura,Envigado,55.4,Media,Perfil 2
Masculino,24,EXTENSIÓN - BIOSEGURIDAD,DIURNA,Independiente,Salud Total EPS,Envigado,55.4,Media,Perfil 1
Masculino,21,25T-TÉCNICO LABORAL EN MECANICA DE MOTOCICLETAS,DIURNA,Desempleado,SISBEN,Envigado,55.3,Media,Perfil 2
Masculino,17,37 - TÉCNICO POR COMPETENCIAS ASISTENTE EN ENTRENAMIENTO FÍSICO Y DEPORTIVO,DIURNA,Desempleado,Savia Salud,Envigado,55.3,Media,Perfil 2
Masculino,20,36T -  TÉCNICO LABORAL EN AUXILIAR ANÁLISIS Y PROGRAMACIÓN DE SOFTWARE,NOCHE,Desempleado,EPS Sura,Envigado,55.3,Media,Perfil 1
Masculino,20,16T-TÉCNICO LABORAL EN ELECTRICISTA,NOCHE,Desempleado,EPS Sura,Envigado,55.3,Media,Perfil 2
Masculino,25,21T-TÉCNICO LABORAL EN MANTENIMIENTO DE COMPUTADORES Y REDES LOCALES DE DATOS,NOCHE,Desempleado,Suramericana,Envigado,55.3,Media,Perfil 1
Masculino,26,FORMACIÓN EN CONOCIMIENTOS ACADÉMICOS PARA LA ACTUALIZACIÓN DEL DESEMPEÑO DOCENTE CEFIT,NOCHE,Sin registro,Sin registro,Medellín,55.3,Media,Perfil 2
Masculino,26,FORMACIÓN EN CONOCIMIENTOS ACADÉMICOS PARA LA ACTUALIZACIÓN DEL DESEMPEÑO DOCENTE CEFIT,NOCHE,Sin registro,Sin registro,Medellín,55.3,Media,Perfil 2
Masculino,19,25T-TÉCNICO LABORAL EN MECANICA DE MOTOCICLETAS,DIURNA,Estudiante básica,EPS Sura,Envigado,55.3,Media,Perfil 2
Masculino,16,04-V Técnico Laboral Auxiliar Análisis de Datos E Inteligencia Artificial (50% Modalidad Distancia),DIURNA,Estudiante superior,EPS Sura,Envigado,55.3,Media,Perfil 1
Masculino,18,18T-TÉCNICO LABORAL EN GASTRONOMÍA,NOCHE,Desempleado,EPS Sura,Envigado,55.3,Media,Perfil 1
Masculino,18,16T-TÉCNICO LABORAL EN ELECTRICISTA,NOCHE,Desempleado,EPS Sura,Envigado,55.3,Media,Perfil 1
Masculino,21,18T-TÉCNICO LABORAL EN GASTRONOMÍA,NOCHE,Independiente,EPS Sura,Envigado,55.2,Media,Perfil 2
Masculino,30,09T-TÉCNICO LABORAL EN AUXILIAR ADMINISTRATIVO,NOCHE,Empleado,EPS Sura,Envigado,55.2,Media,Perfil 1
Masculino,34,36T -  TÉCNICO LABORAL EN AUXILIAR ANÁLISIS Y PROGRAMACIÓN DE SOFTWARE,NOCHE,Empleado,EPS Sura,Envigado,55.2,Media,Perfil 2
Femenino,26,26T-TÉCNICO LABORAL EN MECÁNICA DE MOTOS  (Estudiantes Antiguos),DIURNA,Sin registro,Sin registro,Envigado,55.2,Media,Perfil 3
Masculino,15,MEDIA TÉCNICA - ORIENTACIÓN VOCACIONAL,MEDIA TÉCNICA,Estudiante superior,Salud Total EPS,Envigado,55.2,Media,Perfil 1
Masculino,21,22T-TÉCNICO LABORAL EN MARKETING DIGITAL,DIURNA,Desempleado,Sin registro,Envigado,55.2,Media,Perfil 1
Femenino,27,25T-TÉCNICO LABORAL EN MECANICA DE MOTOCICLETAS,NOCHE,Independiente,Suramericana,Medellín,55.2,Media,Perfil 3
Masculino,17,37 - TÉCNICO POR COMPETENCIAS ASISTENTE EN ENTRENAMIENTO FÍSICO Y DEPORTIVO,DIURNA,Independiente,EPS Sura,Envigado,55.2,Media,Perfil 3
Masculino,22,08T-TÉCNICO LABORAL EN AUTOMOTRIZ,NOCHE,Independiente,EPS Sura,Envigado,55.2,Media,Perfil 3
Masculino,43,20T-TÉCNICO LABORAL EN JOYERIA,DIURNA,Independiente,Coomeva EPS,Envigado,55.2,Media,Perfil 3
Masculino,20,21T-TÉCNICO LABORAL EN MANTENIMIENTO DE COMPUTADORES Y REDES LOCALES DE DATOS,NOCHE,Estudiante superior,Nueva Promotora de Salud - Nueva EPS,Medellín,55.2,Media,Perfil 3
Masculino,28,25T-TÉCNICO LABORAL EN MECANICA DE MOTOCICLETAS,NOCHE,Independiente,Sanitas EPS,Envigado,55.2,Media,Perfil 1
Masculino,31,23T-TÉCNICO LABORAL EN MARKETING Y VENTA DE PRODUCTOS Y SERVICIOS,DIURNA,Sin registro,SISBEN,Envigado,55.2,Media,Perfil 2
Femenino,41,29T-TÉCNICO LABORAL EN PANADERIA Y REPOSTERIA,DIURNA,Independiente,EPS Sura,Envigado,55.1,Media,Perfil 2
Masculino,18,36T -  TÉCNICO LABORAL EN AUXILIAR ANÁLISIS Y PROGRAMACIÓN DE SOFTWARE,NOCHE,Desempleado,EPS Sura,Envigado,55.1,Media,Perfil 2
Masculino,18,18T-TÉCNICO LABORAL EN GASTRONOMÍA,NOCHE,Desempleado,EPS Sura,Envigado,55.1,Media,Perfil 3
Masculino,16,16T-TÉCNICO LABORAL EN ELECTRICISTA,NOCHE,Desempleado,EPS Sura,Envigado,55.1,Media,Perfil 3
Masculino,27,08T-TÉCNICO LABORAL EN AUTOMOTRIZ,DIURNA,Independiente,SISBEN,Envigado,55.1,Media,Perfil 1
Masculino,37,20T-TÉCNICO LABORAL EN JOYERIA,DIURNA,Independiente,Savia Salud,Envigado,55.1,Media,Perfil 1
Masculino,18,22T-TÉCNICO LABORAL EN MARKETING DIGITAL,DIURNA,Desempleado,Suramericana,Envigado,55.1,Media,Perfil 3
Masculino,20,36T -  TÉCNICO LABORAL EN AUXILIAR ANÁLISIS Y PROGRAMACIÓN DE SOFTWARE,TARDE,Estudiante básica,EPS Sura,Envigado,55.1,Media,Perfil 1
Masculino,43,22T-TÉCNICO LABORAL EN MARKETING DIGITAL,NOCHE,Independiente,Coomeva EPS,Envigado,55.1,Media,Perfil 1
Masculino,23,08T-TÉCNICO LABORAL EN AUTOMOTRIZ,DIURNA,Empleado,EPS Sura,Envigado,55.1,Media,Perfil 2
Masculino,39,EXTENSIÓN HERRAMIENTAS TICS MEDIO,DIURNA,Empleado,SISBEN,Medellín,55.0,Media,Perfil 2
Masculino,26,22T-TÉCNICO LABORAL EN MARKETING DIGITAL,DIURNA,Independiente,Sin registro,Envigado,55.0,Media,Perfil 2
Masculino,31,26T-TÉCNICO LABORAL EN MECÁNICA DE MOTOS  (Estudiantes Antiguos),NOCHE,Sin registro,Sin registro,Envigado,55.0,Media,Perfil 1
Masculino,29,24T-TÉCNICO LABORAL EN MECANICA AUTOMOTRIZ (Estudiantes Antiguos),NOCHE,Desempleado,Sin registro,Envigado,55.0,Media,Perfil 2
Masculino,23,EXTENSIÓN - BIOSEGURIDAD,DIURNA,Sin registro,Sin registro,Medellín,55.0,Media,Perfil 1
Masculino,23,EXTENSIÓN - BIOSEGURIDAD,DIURNA,Sin registro,Sin registro,Medellín,55.0,Media,Perfil 3
Masculino,23,EXTENSIÓN - BIOSEGURIDAD,DIURNA,Sin registro,Sin registro,Medellín,55.0,Media,Perfil 2
Masculino,18,22T-TÉCNICO LABORAL EN MARKETING DIGITAL,DIURNA,Desempleado,EPS Sura,Envigado,55.0,Media,Perfil 1
Masculino,22,25T-TÉCNICO LABORAL EN MECANICA DE MOTOCICLETAS,DIURNA,Desempleado,EPS Sura,Itagui,55.0,Media,Perfil 3
Masculino,30,26T-TÉCNICO LABORAL EN MECÁNICA DE MOTOS  (Estudiantes Antiguos),NOCHE,Sin registro,Sin registro,Envigado,55.0,Media,Perfil 2
Masculino,30,26T-TÉCNICO LABORAL EN MECÁNICA DE MOTOS  (Estudiantes Antiguos),NOCHE,Sin registro,Sin registro,Envigado,55.0,Media,Perfil 2
Masculino,21,EXTENSIÓN MANIPULACIÓN DE ALIMENTOS,DIURNA,Sin registro,Sin registro,Envigado,54.9,Media,Perfil 2
Masculino,18,17T-TÉCNICO LABORAL EN ENTRENAMIENTO DEPORTIVO,DIURNA,Desempleado,EPS Sura,Envigado,54.9,Media,Perfil 1
Masculino,26,25T-TÉCNICO LABORAL EN MECANICA DE MOTOCICLETAS,DIURNA,Empleado,SISBEN,Envigado,54.9,Media,Perfil 2
Masculino,24,22T-TÉCNICO LABORAL EN MARKETING DIGITAL,DIURNA,Desempleado,EPS Sura,Medellín,54.9,Media,Perfil 1
Masculino,53,16T-TÉCNICO LABORAL EN ELECTRICISTA,NOCHE,Independiente,EPS Sura,Envigado,54.9,Media,Perfil 3
Masculino,23,18T-TÉCNICO LABORAL EN GASTRONOMÍA,DIURNA,Desempleado,EPS Sura,Envigado,54.9,Media,Perfil 2
Masculino,26,FORMACIÓN EN CONOCIMIENTOS ACADÉMICOS PARA LA ACTUALIZACIÓN DEL DESEMPEÑO DOCENTE CEFIT,NOCHE,Sin registro,Sin registro,Envigado,54.9,Media,Perfil 1
Masculino,26,FORMACIÓN EN CONOCIMIENTOS ACADÉMICOS PARA LA ACTUALIZACIÓN DEL DESEMPEÑO DOCENTE CEFIT,NOCHE,Sin registro,Sin registro,Envigado,54.9,Media,Perfil 1
Masculino,26,FORMACIÓN EN CONOCIMIENTOS ACADÉMICOS PARA LA ACTUALIZACIÓN DEL DESEMPEÑO DOCENTE CEFIT,NOCHE,Sin registro,Sin registro,Envigado,54.9,Media,Perfil 3
Masculino,22,22T-TÉCNICO LABORAL EN MARKETING DIGITAL,DIURNA,Desempleado,EPS Sura,Envigado,54.9,Media,Perfil 1
Masculino,19,22T-TÉCNICO LABORAL EN MARKETING DIGITAL,DIURNA,Empleado,EPS Sura,Envigado,54.8,Media,Perfil 3
Masculino,21,08T-TÉCNICO LABORAL EN AUTOMOTRIZ,DIURNA,Estudiante superior,Sin registro,Envigado,54.8,Media,Perfil 3
Masculino,24,25T-TÉCNICO LABORAL EN MECANICA DE MOTOCICLETAS,DIURNA,Desempleado,SISBEN,Envigado,54.8,Media,Perfil 1
Femenino,16,MEDIA TECNICA MARKETING DIGITAL,MEDIA TÉCNICA,Sin registro,Sin registro,Medellín,54.8,Media,Perfil 2
Masculino,18,08T-TÉCNICO LABORAL EN AUTOMOTRIZ,NOCHE,Desempleado,EPS Sura,Envigado,54.8,Media,Perfil 2
Masculino,19,18T-TÉCNICO LABORAL EN GASTRONOMÍA,NOCHE,Desempleado,EPS Sura,Envigado,54.8,Media,Perfil 3
Masculino,28,12T-TÉCNICO LABORAL EN AUXILIAR DE RECURSO HUMANO,NOCHE,Desempleado,EPS Sura,Envigado,54.8,Media,Perfil 3
Masculino,22,22T-TÉCNICO LABORAL EN MARKETING DIGITAL,DIURNA,Estudiante superior,EPS Sura,Envigado,54.8,Media,Perfil 1
Masculino,27,22T-TÉCNICO LABORAL EN MARKETING DIGITAL,DIURNA,Independiente,Coomeva EPS,Envigado,54.8,Media,Perfil 1
Masculino,20,23T-TÉCNICO LABORAL EN MARKETING Y VENTA DE PRODUCTOS Y SERVICIOS,DIURNA,Independiente,EPS Sura,Itagui,54.8,Media,Perfil 1
Masculino,21,25T-TÉCNICO LABORAL EN MECANICA DE MOTOCICLETAS,DIURNA,Desempleado,SISBEN,Envigado,54.7,Media,Perfil 2
Masculino,60,29T-TÉCNICO LABORAL EN PANADERIA Y REPOSTERIA,DIURNA,Independiente,No afiliado a EPS,Envigado,54.7,Media,Perfil 1
Masculino,16,MEDIA TÉCNICA - ORIENTACIÓN VOCACIONAL,MEDIA TÉCNICA,Estudiante básica,EPS Sura,Envigado,54.7,Media,Perfil 2
Masculino,61,16T-TÉCNICO LABORAL EN ELECTRICISTA,NOCHE,Independiente,Salud Total EPS,Envigado,54.7,Media,Perfil 1
Masculino,39,12T-TÉCNICO LABORAL EN AUXILIAR DE RECURSO HUMANO,NOCHE,Desempleado,Salud Total EPS,Envigado,54.7,Media,Perfil 3
Masculino,36,FORMACIÓN EN CONOCIMIENTOS ACADÉMICOS PARA LA ACTUALIZACIÓN DEL DESEMPEÑO DOCENTE CEFIT,NOCHE,Sin registro,Sin registro,Envigado,54.7,Media,Perfil 1
Masculino,20,22T-TÉCNICO LABORAL EN MARKETING DIGITAL,NOCHE,Estudiante superior,Sin registro,Envigado,54.6,Media,Perfil 1
Masculino,61,16T-TÉCNICO LABORAL EN ELECTRICISTA,NOCHE,Desempleado,Sin registro,Envigado,54.6,Media,Perfil 1
Masculino,18,18T-TÉCNICO LABORAL EN GASTRONOMÍA,DIURNA,Desempleado,Sanitas EPS,Envigado,54.6,Media,Perfil 3
Masculino,35,37 - TÉCNICO POR COMPETENCIAS ASISTENTE EN ENTRENAMIENTO FÍSICO Y DEPORTIVO,DIURNA,Empleado,Nueva Promotora de Salud - Nueva EPS,Envigado,54.6,Media,Perfil 1
Masculino,29,18T-TÉCNICO LABORAL EN GASTRONOMÍA,DIURNA,Estudiante superior,Coomeva EPS,Envigado,54.6,Media,Perfil 1
Masculino,25,08T-TÉCNICO LABORAL EN AUTOMOTRIZ,NOCHE,Independiente,EPS Sura,Envigado,54.6,Media,Perfil 2
Masculino,19,13T-TÉCNICO LABORAL EN AUXILIAR EN SEGURIDAD OCUPACIONAL,NOCHE,Desempleado,EPS Sura,Envigado,54.6,Media,Perfil 1
Masculino,20,25T-TÉCNICO LABORAL EN MECANICA DE MOTOCICLETAS,DIURNA,Desempleado,EPS Sura,Envigado,54.6,Media,Perfil 1
Masculino,20,37 - TÉCNICO POR COMPETENCIAS ASISTENTE EN ENTRENAMIENTO FÍSICO Y DEPORTIVO,DIURNA,Desempleado,EPS Sura,Envigado,54.6,Media,Perfil 2
Masculino,19,18T-TÉCNICO LABORAL EN GASTRONOMÍA,DIURNA,Desempleado,Coomeva EPS,Envigado,54.6,Media,Perfil 2
Masculino,27,25T-TÉCNICO LABORAL EN MECANICA DE MOTOCICLETAS,DIURNA,Independiente,Sin registro,Envigado,54.5,Media,Perfil 1
Masculino,16,MEDIA TECNICA MARKETING DIGITAL,MEDIA TÉCNICA,Estudiante básica,Sanitas EPS,Envigado,54.5,Media,Perfil 1
Masculino,22,EXTENSIÓN MANIPULACIÓN DE ALIMENTOS,DIURNA,Sin registro,Sin registro,Envigado,54.5,Media,Perfil 2
Masculino,25,30T-TÉCNICO LABORAL EN EDUCACIÓN PARA LA PRIMERA INFANCIA,NOCHE,Desempleado,EPS Sura,Envigado,54.5,Media,Perfil 2
Masculino,33,37 - TÉCNICO POR COMPETENCIAS ASISTENTE EN ENTRENAMIENTO FÍSICO Y DEPORTIVO,DIURNA,Desempleado,EPS Sura,Envigado,54.5,Media,Perfil 1
Masculino,22,22T-TÉCNICO LABORAL EN MARKETING DIGITAL,NOCHE,Independiente,EPS Sura,Envigado,54.5,Media,Perfil 2
Masculino,17,25T-TÉCNICO LABORAL EN MECANICA DE MOTOCICLETAS,DIURNA,Desempleado,Savia Salud,Envigado,54.5,Media,Perfil 2
Masculino,22,36T -  TÉCNICO LABORAL EN AUXILIAR ANÁLISIS Y PROGRAMACIÓN DE SOFTWARE,NOCHE,Desempleado,EPS Sura,Envigado,54.5,Media,Perfil 2
Masculino,17,04-V Técnico Laboral Auxiliar Análisis de Datos E Inteligencia Artificial (50% Modalidad Distancia),DIURNA,Estudiante básica,Sin registro,Envigado,54.5,Media,Perfil 2
Masculino,38,12T-TÉCNICO LABORAL EN AUXILIAR DE RECURSO HUMANO,NOCHE,Empleado,Suramericana,Envigado,54.5,Media,Perfil 1
Masculino,34,09T-TÉCNICO LABORAL EN AUXILIAR ADMINISTRATIVO,NOCHE,Desempleado,EPS Sura,Envigado,54.5,Media,Perfil 2
Masculino,18,18T-TÉCNICO LABORAL EN GASTRONOMÍA,DIURNA,Estudiante superior,EPS Sura,La Estrella,54.5,Media,Perfil 1
Masculino,15,MEDIA TÉCNICA - ORIENTACIÓN VOCACIONAL,MEDIA TÉCNICA,Estudiante básica,Salud Total EPS,Envigado,54.4,Media,Perfil 1
Masculino,35,08T-TÉCNICO LABORAL EN AUTOMOTRIZ,DIURNA,Independiente,SISBEN,Envigado,54.4,Media,Perfil 1
Masculino,17,MEDIA TECNICA MARKETING DIGITAL,MEDIA TÉCNICA,Estudiante básica,EPS Sura,Envigado,54.4,Media,Perfil 1
Masculino,35,26T-TÉCNICO LABORAL EN MECÁNICA DE MOTOS  (Estudiantes Antiguos),NOCHE,Sin registro,Sin registro,Envigado,54.3,Media,Perfil 1
Masculino,21,08T-TÉCNICO LABORAL EN AUTOMOTRIZ,NOCHE,Desempleado,EPS Sura,Itagui,54.3,Media,Perfil 2
Masculino,25,12T-TÉCNICO LABORAL EN AUXILIAR DE RECURSO HUMANO,NOCHE,Empleado,EPS Sura,Sabaneta,54.3,Media,Perfil 3
Masculino,21,31T-TÉCNICO LABORAL EN SISTEMAS (Estudiantes Antiguos),NOCHE,Desempleado,Nueva Promotora de Salud - Nueva EPS,Envigado,54.3,Media,Perfil 2
Masculino,19,36T -  TÉCNICO LABORAL EN AUXILIAR ANÁLISIS Y PROGRAMACIÓN DE SOFTWARE,NOCHE,Desempleado,Salud Total EPS,Sabaneta,54.3,Media,Perfil 1
Masculino,17,08T-TÉCNICO LABORAL EN AUTOMOTRIZ,DIURNA,Estudiante básica,Coomeva EPS,Envigado,54.2,Media,Perfil 1
Masculino,21,14T-TÉCNICO LABORAL EN CONTABILIDAD,DIURNA,Estudiante superior,EPS Sura,Envigado,54.2,Media,Perfil 1
Masculino,26,EXTENSIÓN MANIPULACIÓN DE ALIMENTOS,DIURNA,Sin registro,Sin registro,Medellín,54.2,Media,Perfil 2
Masculino,26,EXTENSIÓN HERRAMIENTAS TICS MEDIO,DIURNA,Sin registro,Sin registro,Medellín,54.2,Media,Perfil 2
Masculino,18,25T-TÉCNICO LABORAL EN MECANICA DE MOTOCICLETAS,DIURNA,Estudiante básica,SISBEN,Envigado,54.2,Media,Perfil 1
Masculino,21,20T-TÉCNICO LABORAL EN JOYERIA,DIURNA,Empleado,Salud Total EPS,Medellín,54.2,Media,Perfil 1
Masculino,25,EXTENSIÓN - BIOSEGURIDAD,DIURNA,Sin registro,Sin registro,Envigado,54.2,Media,Perfil 2
Masculino,25,EXTENSIÓN MANIPULACIÓN DE ALIMENTOS,DIURNA,Sin registro,Sin registro,Envigado,54.2,Media,Perfil 3
Masculino,25,EXTENSIÓN MANIPULACIÓN DE ALIMENTOS,DIURNA,Sin registro,Sin registro,Envigado,54.2,Media,Perfil 3
Masculino,34,FORMACIÓN EN CONOCIMIENTOS ACADÉMICOS PARA LA ACTUALIZACIÓN DEL DESEMPEÑO DOCENTE CEFIT,NOCHE,Empleado,Salud Vida EPS,Itagui,54.2,Media,Perfil 1
Masculino,20,09T-TÉCNICO LABORAL EN AUXILIAR ADMINISTRATIVO,DIURNA,Estudiante superior,SISBEN,Envigado,54.2,Media,Perfil 2
Masculino,21,36T -  TÉCNICO LABORAL EN AUXILIAR ANÁLISIS Y PROGRAMACIÓN DE SOFTWARE,NOCHE,Desempleado,EPS Sura,Envigado,54.1,Media,Perfil 2
Masculino,38,14T-TÉCNICO LABORAL EN CONTABILIDAD,DIURNA,Empleado,Savia Salud,Envigado,54.1,Media,Perfil 1
Masculino,36,36T -  TÉCNICO LABORAL EN AUXILIAR ANÁLISIS Y PROGRAMACIÓN DE SOFTWARE,NOCHE,Empleado,EPS Sura,Envigado,54.1,Media,Perfil 1
Masculino,18,01-V- TÉCNICO LABORAL EN MARKETING DIGITAL A DISTANCIA,NOCHE,Estudiante básica,Sin registro,Envigado,54.1,Media,Perfil 2
Masculino,21,18T-TÉCNICO LABORAL EN GASTRONOMÍA,DIURNA,Desempleado,EPS Sura,Envigado,54.1,Media,Perfil 2
Masculino,22,36T -  TÉCNICO LABORAL EN AUXILIAR ANÁLISIS Y PROGRAMACIÓN DE SOFTWARE,DIURNA,Desempleado,EPS Sura,Envigado,54.1,Media,Perfil 3
Masculino,29,EXTENSIÓN - BIOSEGURIDAD,DIURNA,Sin registro,Sin registro,Envigado,54.1,Media,Perfil 2
Masculino,15,MEDIA TÉCNICA - ORIENTACIÓN VOCACIONAL,MEDIA TÉCNICA,Estudiante básica,EPS Sura,Envigado,54.1,Media,Perfil 2
Masculino,16,MEDIA TÉCNICA - ORIENTACIÓN VOCACIONAL,MEDIA TÉCNICA,Sin registro,Savia Salud,Envigado,54.1,Media,Perfil 1
Masculino,14,MEDIA TÉCNICA - ORIENTACIÓN VOCACIONAL,MEDIA TÉCNICA,Estudiante básica,SISBEN,San Rafael,54.1,Media,Perfil 1
Masculino,23,16T-TÉCNICO LABORAL EN ELECTRICISTA,NOCHE,Independiente,EPS Sura,Envigado,54.1,Media,Perfil 1
Masculino,27,20T-TÉCNICO LABORAL EN JOYERIA,DIURNA,Independiente,Sin registro,Envigado,54.0,Media,Perfil 1
Masculino,27,EXTENSIÓN - BIOSEGURIDAD,DIURNA,Sin registro,Sin registro,Medellín,54.0,Media,Perfil 2
Masculino,27,EXTENSIÓN - BIOSEGURIDAD,DIURNA,Sin registro,Sin registro,Medellín,54.0,Media,Perfil 1
Masculino,22,18T-TÉCNICO LABORAL EN GASTRONOMÍA,DIURNA,Independiente,EPS Sura,Envigado,54.0,Media,Perfil 1
Masculino,18,09T-TÉCNICO LABORAL EN AUXILIAR ADMINISTRATIVO,DIURNA,Desempleado,SISBEN,Envigado,54.0,Media,Perfil 1
Masculino,16,MEDIA TECNICA MARKETING DIGITAL,MEDIA TÉCNICA,Estudiante básica,Sin registro,Envigado,54.0,Media,Perfil 1
Masculino,59,04-V Técnico Laboral Auxiliar Análisis de Datos E Inteligencia Artificial (50% Modalidad Distancia),DIURNA,Independiente,SISBEN V2 - Nivel 1,Envigado,54.0,Media,Perfil 3
Masculino,15,MEDIA TÉCNICA TÉCNICO EN MARKETING Y VENTA DE PRODUCTOS Y SERVICIOS,MEDIA TÉCNICA,Estudiante básica,EPS Sura,Envigado,54.0,Media,Perfil 2
Masculino,26,29T-TÉCNICO LABORAL EN PANADERIA Y REPOSTERIA,DIURNA,Desempleado,Salud Total EPS,Envigado,54.0,Media,Perfil 1
Masculino,39,08T-TÉCNICO LABORAL EN AUTOMOTRIZ,NOCHE,Independiente,EPS Sura,Envigado,54.0,Media,Perfil 2
Masculino,26,18T-TÉCNICO LABORAL EN GASTRONOMÍA,DIURNA,Independiente,SISBEN,Envigado,54.0,Media,Perfil 2
Masculino,28,EXTENSIÓN - BIOSEGURIDAD,DIURNA,Sin registro,Sin registro,Medellín,54.0,Media,Perfil 2
Masculino,54,08T-TÉCNICO LABORAL EN AUTOMOTRIZ,DIURNA,Desempleado,Savia Salud,Envigado,53.9,Media,Perfil 1
Masculino,15,MEDIA TÉCNICA - ORIENTACIÓN VOCACIONAL,MEDIA TÉCNICA,Sin registro,Savia Salud,Envigado,53.9,Media,Perfil 1
Masculino,17,22T-TÉCNICO LABORAL EN MARKETING DIGITAL,DIURNA,Sin registro,EPS Sura,Envigado,53.9,Media,Perfil 3
Masculino,44,22T-TÉCNICO LABORAL EN MARKETING DIGITAL,DIURNA,Independiente,EPS Sura,Envigado,53.9,Media,Perfil 2
Masculino,24,36T -  TÉCNICO LABORAL EN AUXILIAR ANÁLISIS Y PROGRAMACIÓN DE SOFTWARE,DIURNA,Desempleado,Sanitas EPS,Envigado,53.9,Media,Perfil 1
Masculino,44,12T-TÉCNICO LABORAL EN AUXILIAR DE RECURSO HUMANO,NOCHE,Independiente,EPS Sura,Envigado,53.8,Media,Perfil 1
Masculino,27,08T-TÉCNICO LABORAL EN AUTOMOTRIZ,NOCHE,Independiente,EPS Sura,Barbosa,53.8,Media,Perfil 2
Masculino,23,EXTENSIÓN - BIOSEGURIDAD,DIURNA,Sin registro,Sin registro,Envigado,53.8,Media,Perfil 2
Masculino,23,EXTENSIÓN MANIPULACIÓN DE ALIMENTOS,DIURNA,Sin registro,Sin registro,Envigado,53.8,Media,Perfil 2
Masculino,23,EXTENSIÓN - BIOSEGURIDAD,DIURNA,Sin registro,Sin registro,Envigado,53.8,Media,Perfil 2
Masculino,23,EXTENSIÓN - BIOSEGURIDAD,DIURNA,Sin registro,Sin registro,Envigado,53.8,Media,Perfil 1
Masculino,17,17T-TÉCNICO LABORAL EN ENTRENAMIENTO DEPORTIVO,DIURNA,Empleado,EPS Sura,Envigado,53.8,Media,Perfil 2
Masculino,38,04-V Técnico Laboral Auxiliar Análisis de Datos E Inteligencia Artificial (50% Modalidad Distancia),DIURNA,Desempleado,EPS Sura,Envigado,53.8,Media,Perfil 2
Masculino,29,09T-TÉCNICO LABORAL EN AUXILIAR ADMINISTRATIVO,NOCHE,Empleado,EPS Sura,Envigado,53.8,Media,Perfil 3
Masculino,19,16T-TÉCNICO LABORAL EN ELECTRICISTA,NOCHE,Empleado,EPS Sura,Envigado,53.8,Media,Perfil 3
Masculino,21,22T-TÉCNICO LABORAL EN MARKETING DIGITAL,NOCHE,Estudiante superior,SISBEN,Envigado,53.7,Media,Perfil 2
Masculino,18,22T-TÉCNICO LABORAL EN MARKETING DIGITAL,NOCHE,Desempleado,EPS Sura,Envigado,53.7,Media,Perfil 1
Masculino,18,18T-TÉCNICO LABORAL EN GASTRONOMÍA,DIURNA,Desempleado,EPS Sura,Envigado,53.7,Media,Perfil 1
Masculino,18,25T-TÉCNICO LABORAL EN MECANICA DE MOTOCICLETAS,DIURNA,Desempleado,EPS Sura,Envigado,53.7,Media,Perfil 1
Masculino,28,26T-TÉCNICO LABORAL EN MECÁNICA DE MOTOS  (Estudiantes Antiguos),NOCHE,Sin registro,Sin registro,Sabaneta,53.7,Media,Perfil 3
Masculino,32,14T-TÉCNICO LABORAL EN CONTABILIDAD,NOCHE,Empleado,EPS Sura,Envigado,53.7,Media,Perfil 2
Masculino,21,08T-TÉCNICO LABORAL EN AUTOMOTRIZ,DIURNA,Desempleado,EPS Sura,Envigado,53.7,Media,Perfil 3
Masculino,27,14T-TÉCNICO LABORAL EN CONTABILIDAD,NOCHE,Sin registro,Sin registro,Envigado,53.7,Media,Perfil 3
Masculino,18,14T-TÉCNICO LABORAL EN CONTABILIDAD,NOCHE,Desempleado,Nueva Promotora de Salud - Nueva EPS,Envigado,53.7,Media,Perfil 1
Masculino,24,EXTENSIÓN - BIOSEGURIDAD,DIURNA,Sin registro,Sin registro,Envigado,53.7,Media,Perfil 1
Masculino,24,EXTENSIÓN - BIOSEGURIDAD,DIURNA,Sin registro,Sin registro,Envigado,53.7,Media,Perfil 2
Masculino,24,EXTENSIÓN - BIOSEGURIDAD,DIURNA,Sin registro,Sin registro,Envigado,53.7,Media,Perfil 1
Masculino,24,EXTENSIÓN - BIOSEGURIDAD,DIURNA,Sin registro,Sin registro,Envigado,53.7,Media,Perfil 1
Masculino,24,EXTENSIÓN - BIOSEGURIDAD,DIURNA,Sin registro,Sin registro,Envigado,53.7,Media,Perfil 2
Masculino,31,23T-TÉCNICO LABORAL EN MARKETING Y VENTA DE PRODUCTOS Y SERVICIOS,NOCHE,Empleado,Suramericana,Envigado,53.7,Media,Perfil 3
Masculino,60,16T-TÉCNICO LABORAL EN ELECTRICISTA,NOCHE,Desempleado,Sin registro,Envigado,53.7,Media,Perfil 3
Masculino,18,08T-TÉCNICO LABORAL EN AUTOMOTRIZ,DIURNA,Estudiante superior,SISBEN,Envigado,53.7,Media,Perfil 1
Masculino,24,15T-TÉCNICO LABORAL EN ELECTRICIDAD (Estudiantes Antiguos),NOCHE,Estudiante superior,SISBEN,Medellín,53.7,Media,Perfil 1
Masculino,51,20T-TÉCNICO LABORAL EN JOYERIA,DIURNA,Desempleado,EPS Sura,Envigado,53.7,Media,Perfil 2
Masculino,16,MEDIA TECNICA MARKETING DIGITAL,MEDIA TÉCNICA,Estudiante superior,EPS Sura,Envigado,53.7,Media,Perfil 1
Masculino,21,18T-TÉCNICO LABORAL EN GASTRONOMÍA,NOCHE,Empleado,Salud Total EPS,Envigado,53.7,Media,Perfil 2
Masculino,21,14T-TÉCNICO LABORAL EN CONTABILIDAD,NOCHE,Empleado,Salud Total EPS,Envigado,53.7,Media,Perfil 1
Masculino,20,18T-TÉCNICO LABORAL EN GASTRONOMÍA,DIURNA,Empleado,EPS Sura,Envigado,53.6,Media,Perfil 2
Masculino,28,22T-TÉCNICO LABORAL EN MARKETING DIGITAL,DIURNA,Desempleado,EPS Sura,Envigado,53.6,Media,Perfil 1
Femenino,51,18T-TÉCNICO LABORAL EN GASTRONOMÍA,DIURNA,Desempleado,Sin registro,Envigado,53.6,Media,Perfil 2
Masculino,26,08T-TÉCNICO LABORAL EN AUTOMOTRIZ,DIURNA,Independiente,Salud Total EPS,Envigado,53.6,Media,Perfil 1
Masculino,18,18T-TÉCNICO LABORAL EN GASTRONOMÍA,DIURNA,Desempleado,EPS Sura,Envigado,53.6,Media,Perfil 2
Masculino,43,14T-TÉCNICO LABORAL EN CONTABILIDAD,NOCHE,Desempleado,Sin registro,Envigado,53.6,Media,Perfil 1
Masculino,30,FORMACIÓN EN CONOCIMIENTOS ACADÉMICOS PARA LA ACTUALIZACIÓN DEL DESEMPEÑO DOCENTE CEFIT,NOCHE,Sin registro,Sin registro,Envigado,53.6,Media,Perfil 2
Masculino,28,21T-TÉCNICO LABORAL EN MANTENIMIENTO DE COMPUTADORES Y REDES LOCALES DE DATOS,NOCHE,Independiente,Sin registro,Envigado,53.6,Media,Perfil 2
Masculino,17,MEDIA TÉCNICA - ORIENTACIÓN VOCACIONAL,MEDIA TÉCNICA,Estudiante básica,Salud Total EPS,Envigado,53.6,Media,Perfil 3
Masculino,26,14T-TÉCNICO LABORAL EN CONTABILIDAD,DIURNA,Independiente,EPS Sura,Envigado,53.6,Media,Perfil 3
Masculino,18,MEDIA TÉCNICA - ORIENTACIÓN VOCACIONAL,MEDIA TÉCNICA,Estudiante básica,Sin registro,Envigado,53.6,Media,Perfil 2
Femenino,16,MEDIA TÉCNICA EN PANADERIA Y REPOSTERIA 2025,MEDIA TÉCNICA,Sin registro,Policía Nacional,Envigado,53.6,Media,Perfil 3
Masculino,17,MEDIA TÉCNICA - ORIENTACIÓN VOCACIONAL,MEDIA TÉCNICA,Estudiante básica,EPS Sura,Envigado,53.6,Media,Perfil 1
Masculino,17,MEDIA TÉCNICA - ORIENTACIÓN VOCACIONAL,MEDIA TÉCNICA,Estudiante básica,EPS Sura,Envigado,53.6,Media,Perfil 3
Masculino,31,08T-TÉCNICO LABORAL EN AUTOMOTRIZ,DIURNA,Independiente,EPS Sura,Envigado,53.6,Media,Perfil 1
Masculino,18,18T-TÉCNICO LABORAL EN GASTRONOMÍA,DIURNA,Desempleado,Sin registro,Envigado,53.6,Media,Perfil 1
Masculino,35,04-V Técnico Laboral Auxiliar Análisis de Datos E Inteligencia Artificial (50% Modalidad Distancia),NOCHE,Desempleado,EPS Sura,Envigado,53.5,Media,Perfil 1
Masculino,30,17T-TÉCNICO LABORAL EN ENTRENAMIENTO DEPORTIVO,DIURNA,Independiente,EPS Sura,Sabaneta,53.5,Media,Perfil 1
Masculino,22,08T-TÉCNICO LABORAL EN AUTOMOTRIZ,DIURNA,Estudiante superior,EPS Sura,Envigado,53.5,Media,Perfil 1
Masculino,16,MEDIA TÉCNICA - ORIENTACIÓN VOCACIONAL,MEDIA TÉCNICA,Sin registro,Sin registro,Envigado,53.5,Media,Perfil 1
Masculino,18,16T-TÉCNICO LABORAL EN ELECTRICISTA,NOCHE,Estudiante superior,Suramericana,Envigado,53.5,Media,Perfil 2
Masculino,17,08T-TÉCNICO LABORAL EN AUTOMOTRIZ,DIURNA,Desempleado,EPS Sura,Envigado,53.5,Media,Perfil 1
Masculino,18,23T-TÉCNICO LABORAL EN MARKETING Y VENTA DE PRODUCTOS Y SERVICIOS,DIURNA,Desempleado,EPS Sura,Envigado,53.5,Media,Perfil 2
Masculino,17,MEDIA TECNICA MARKETING DIGITAL,MEDIA TÉCNICA,Estudiante básica,Sanitas EPS,Envigado,53.4,Media,Perfil 3
Masculino,17,MEDIA TÉCNICA - ORIENTACIÓN VOCACIONAL,MEDIA TÉCNICA,Sin registro,Sin registro,Envigado,53.4,Media,Perfil 3
Masculino,37,EXTENSIÓN MANIPULACIÓN DE ALIMENTOS,DIURNA,Estudiante superior,Salud Total EPS,Envigado,53.4,Media,Perfil 1
Masculino,22,EXTENSIÓN - BIOSEGURIDAD,DIURNA,Sin registro,Sin registro,Envigado,53.4,Media,Perfil 2
Masculino,22,EXTENSIÓN - BIOSEGURIDAD,DIURNA,Sin registro,Sin registro,Envigado,53.4,Media,Perfil 1
Masculino,22,EXTENSIÓN - BIOSEGURIDAD,DIURNA,Sin registro,Sin registro,Envigado,53.4,Media,Perfil 2
Masculino,22,EXTENSIÓN - BIOSEGURIDAD,DIURNA,Sin registro,Sin registro,Envigado,53.4,Media,Perfil 2
Masculino,21,08T-TÉCNICO LABORAL EN AUTOMOTRIZ,NOCHE,Desempleado,EPS Sura,Envigado,53.4,Media,Perfil 2
Masculino,17,MEDIA TÉCNICA - ORIENTACIÓN VOCACIONAL,MEDIA TÉCNICA,Estudiante básica,Sanitas EPS,Envigado,53.3,Media,Perfil 1
Masculino,27,36T -  TÉCNICO LABORAL EN AUXILIAR ANÁLISIS Y PROGRAMACIÓN DE SOFTWARE,NOCHE,Desempleado,Sin registro,Envigado,53.3,Media,Perfil 1
Masculino,15,MEDIA TÉCNICA - ORIENTACIÓN VOCACIONAL,MEDIA TÉCNICA,Estudiante básica,Coomeva EPS,Envigado,53.3,Media,Perfil 1
Masculino,36,37 - TÉCNICO POR COMPETENCIAS ASISTENTE EN ENTRENAMIENTO FÍSICO Y DEPORTIVO,DIURNA,Empleado,EPS Sura,Envigado,53.3,Media,Perfil 2
Masculino,15,01-V- TÉCNICO LABORAL EN MARKETING DIGITAL A DISTANCIA,NOCHE,Estudiante básica,Policía Nacional,Envigado,53.3,Media,Perfil 2
Masculino,25,22T-TÉCNICO LABORAL EN MARKETING DIGITAL,DIURNA,Desempleado,Nueva Promotora de Salud - Nueva EPS,Envigado,53.3,Media,Perfil 1
Masculino,27,08T-TÉCNICO LABORAL EN AUTOMOTRIZ,DIURNA,Estudiante superior,SISBEN,Envigado,53.3,Media,Perfil 1
Masculino,22,36T -  TÉCNICO LABORAL EN AUXILIAR ANÁLISIS Y PROGRAMACIÓN DE SOFTWARE,DIURNA,Independiente,Suramericana,Envigado,53.3,Media,Perfil 3
Masculino,22,09T-TÉCNICO LABORAL EN AUXILIAR ADMINISTRATIVO,NOCHE,Estudiante básica,Nueva Promotora de Salud - Nueva EPS,Envigado,53.2,Media,Perfil 1
Masculino,43,29T-TÉCNICO LABORAL EN PANADERIA Y REPOSTERIA,NOCHE,Empleado,Sin registro,Envigado,53.2,Media,Perfil 2
Masculino,27,EXTENSIÓN MANIPULACIÓN DE ALIMENTOS,DIURNA,Sin registro,Sin registro,Envigado,53.2,Media,Perfil 3
Masculino,15,MEDIA TÉCNICA - ORIENTACIÓN VOCACIONAL,MEDIA TÉCNICA,Estudiante básica,Salud Total EPS,Envigado,53.2,Media,Perfil 2
Masculino,35,17T-TÉCNICO LABORAL EN ENTRENAMIENTO DEPORTIVO,DIURNA,Independiente,Colsanitas,Envigado,53.2,Media,Perfil 1
Masculino,25,22T-TÉCNICO LABORAL EN MARKETING DIGITAL,NOCHE,Empleado,Savia Salud,Envigado,53.2,Media,Perfil 1
Masculino,28,EXTENSIÓN - BIOSEGURIDAD,DIURNA,Sin registro,Sin registro,Envigado,53.2,Media,Perfil 1
Masculino,26,37 - TÉCNICO POR COMPETENCIAS ASISTENTE EN ENTRENAMIENTO FÍSICO Y DEPORTIVO,DIURNA,Estudiante superior,EPS Sura,Envigado,53.2,Media,Perfil 1
Masculino,15,MEDIA TÉCNICA - ORIENTACIÓN VOCACIONAL,MEDIA TÉCNICA,Estudiante básica,EPS Sura,Envigado,53.1,Media,Perfil 1
Masculino,14,MEDIA TÉCNICA - ORIENTACIÓN VOCACIONAL,MEDIA TÉCNICA,Estudiante básica,EPS Sura,Envigado,53.1,Media,Perfil 3
Masculino,15,MEDIA TÉCNICA - ORIENTACIÓN VOCACIONAL,MEDIA TÉCNICA,Estudiante básica,EPS Sura,Envigado,53.1,Media,Perfil 3
Masculino,15,MEDIA TÉCNICA - ORIENTACIÓN VOCACIONAL,MEDIA TÉCNICA,Estudiante básica,EPS Sura,Envigado,53.1,Media,Perfil 1
Masculino,30,EXTENSIÓN - BIOSEGURIDAD,DIURNA,Sin registro,Sin registro,Medellín,53.1,Media,Perfil 1
Masculino,30,EXTENSIÓN - BIOSEGURIDAD,DIURNA,Sin registro,Sin registro,Medellín,53.1,Media,Perfil 3
Masculino,16,MEDIA TECNICA MARKETING DIGITAL,MEDIA TÉCNICA,Sin registro,EPS Sura,Envigado,53.1,Media,Perfil 3
Masculino,18,22T-TÉCNICO LABORAL EN MARKETING DIGITAL,DIURNA,Desempleado,EPS Sura,Envigado,53.1,Media,Perfil 2
Masculino,22,16T-TÉCNICO LABORAL EN ELECTRICISTA,NOCHE,Estudiante superior,EPS Sura,Envigado,53.1,Media,Perfil 1
Masculino,38,EXT GASTRONOMÍA,NOCHE,Empleado,Nueva Promotora de Salud - Nueva EPS,Envigado,53.1,Media,Perfil 2
Masculino,32,17T-TÉCNICO LABORAL EN ENTRENAMIENTO DEPORTIVO,NOCHE,Independiente,Famisanar EPS Cafam  Colsubsidio,Envigado,53.1,Media,Perfil 2
Femenino,22,09T-TÉCNICO LABORAL EN AUXILIAR ADMINISTRATIVO,NOCHE,Independiente,Sin registro,Envigado,53.1,Media,Perfil 1
Masculino,18,21T-TÉCNICO LABORAL EN MANTENIMIENTO DE COMPUTADORES Y REDES LOCALES DE DATOS,NOCHE,Estudiante superior,Sanitas EPS,Envigado,53.1,Media,Perfil 2
Masculino,20,09T-TÉCNICO LABORAL EN AUXILIAR ADMINISTRATIVO,DIURNA,Desempleado,Savia Salud,Envigado,53.1,Media,Perfil 2
Masculino,26,22T-TÉCNICO LABORAL EN MARKETING DIGITAL,NOCHE,Empleado,Sin registro,Envigado,53.1,Media,Perfil 3
Masculino,26,16T-TÉCNICO LABORAL EN ELECTRICISTA,NOCHE,Empleado,Sin registro,Envigado,53.1,Media,Perfil 3
Masculino,17,08T-TÉCNICO LABORAL EN AUTOMOTRIZ,DIURNA,Estudiante básica,EPS Sura,Envigado,53.1,Media,Perfil 1
Masculino,16,36T -  TÉCNICO LABORAL EN AUXILIAR ANÁLISIS Y PROGRAMACIÓN DE SOFTWARE,NOCHE,Estudiante superior,Salud Total EPS,Envigado,53.0,Media,Perfil 2
Masculino,25,EXTENSIÓN - BIOSEGURIDAD,DIURNA,Sin registro,Sin registro,Envigado,53.0,Media,Perfil 1
Masculino,16,MEDIA TECNICA MARKETING DIGITAL,MEDIA TÉCNICA,Estudiante básica,EPS Sura,Itagui,53.0,Media,Perfil 1
Masculino,18,07T-TÉCNICO LABORAL EN ATENCION Y CUIDADO DE PERSONAS MAYORES,NOCHE,Estudiante superior,EPS Sura,Envigado,52.9,Media,Perfil 1
Masculino,31,EXTENSIÓN WORD AVANZADO VIRTUAL,DIURNA,Sin registro,Sin registro,Medellín,52.9,Media,Perfil 1
Masculino,19,14T-TÉCNICO LABORAL EN CONTABILIDAD,NOCHE,Estudiante básica,Red Salud Atención Humana S.A.,Envigado,52.9,Media,Perfil 2
Masculino,16,MEDIA TECNICA MARKETING DIGITAL,MEDIA TÉCNICA,Estudiante básica,SISBEN,Envigado,52.9,Media,Perfil 2
Femenino,15,MEDIA TECNICA EN TÉCNICO LABORAL EN EDUCACIÓN PARA LA PRIMERA INFANCIA,MEDIA TÉCNICA,Sin registro,EPS Sura,Envigado,52.9,Media,Perfil 3
Masculino,40,22T-TÉCNICO LABORAL EN MARKETING DIGITAL,NOCHE,Independiente,EPS Sura,Envigado,52.9,Media,Perfil 2
Masculino,20,19T-TÉCNICO LABORAL EN GASTRONOMIA INTERNACIONAL,DIURNA,Estudiante superior,EPS Sura,Envigado,52.9,Media,Perfil 1
Masculino,17,22T-TÉCNICO LABORAL EN MARKETING DIGITAL,DIURNA,Estudiante superior,EPS Sura,Envigado,52.9,Media,Perfil 2
Masculino,40,08T-TÉCNICO LABORAL EN AUTOMOTRIZ,DIURNA,Empleado,EPS Sura,Sabaneta,52.9,Media,Perfil 1
Masculino,14,MEDIA TÉCNICA - ORIENTACIÓN VOCACIONAL,MEDIA TÉCNICA,Estudiante superior,Nueva Promotora de Salud - Nueva EPS,Envigado,52.9,Media,Perfil 2
Masculino,24,17T-TÉCNICO LABORAL EN ENTRENAMIENTO DEPORTIVO,DIURNA,Desempleado,Sin registro,Envigado,52.9,Media,Perfil 1
Masculino,35,16T-TÉCNICO LABORAL EN ELECTRICISTA,NOCHE,Empleado,EPS Sura,Envigado,52.8,Media,Perfil 1
Masculino,16,MEDIA TECNICA MARKETING DIGITAL,MEDIA TÉCNICA,Estudiante básica,Sin registro,Envigado,52.8,Media,Perfil 1
Masculino,21,16T-TÉCNICO LABORAL EN ELECTRICISTA,NOCHE,Estudiante básica,Nueva Promotora de Salud - Nueva EPS,Envigado,52.8,Media,Perfil 3
Masculino,18,09T-TÉCNICO LABORAL EN AUXILIAR ADMINISTRATIVO,DIURNA,Estudiante básica,EPS Sura,Envigado,52.8,Media,Perfil 1
Masculino,22,36T -  TÉCNICO LABORAL EN AUXILIAR ANÁLISIS Y PROGRAMACIÓN DE SOFTWARE,NOCHE,Desempleado,Nueva Promotora de Salud - Nueva EPS,Envigado,52.8,Media,Perfil 2
Masculino,17,08T-TÉCNICO LABORAL EN AUTOMOTRIZ,DIURNA,Desempleado,EPS Sura,Envigado,52.7,Media,Perfil 3
Femenino,14,MEDIA TÉCNICA EN PANADERIA Y REPOSTERIA 2025,MEDIA TÉCNICA,Sin registro,Sin registro,Envigado,52.7,Media,Perfil 2
Masculino,27,09T-TÉCNICO LABORAL EN AUXILIAR ADMINISTRATIVO,NOCHE,Empleado,Nueva Promotora de Salud - Nueva EPS,Envigado,52.7,Media,Perfil 1
Masculino,37,26T-TÉCNICO LABORAL EN MECÁNICA DE MOTOS  (Estudiantes Antiguos),NOCHE,Sin registro,Sin registro,Medellín,52.7,Media,Perfil 2
Masculino,26,16T-TÉCNICO LABORAL EN ELECTRICISTA,NOCHE,Estudiante superior,Coomeva EPS,Envigado,52.7,Media,Perfil 2
Femenino,14,MEDIA TÉCNICA - ORIENTACIÓN VOCACIONAL,MEDIA TÉCNICA,Estudiante básica,EPS Sura,Envigado,52.6,Media,Perfil 1
Masculino,20,36T -  TÉCNICO LABORAL EN AUXILIAR ANÁLISIS Y PROGRAMACIÓN DE SOFTWARE,NOCHE,Independiente,Savia Salud,Envigado,52.6,Media,Perfil 2
Masculino,26,36T -  TÉCNICO LABORAL EN AUXILIAR ANÁLISIS Y PROGRAMACIÓN DE SOFTWARE,NOCHE,Estudiante superior,EPS Sura,Envigado,52.6,Media,Perfil 3
Masculino,36,FORMACIÓN EN CONOCIMIENTOS ACADÉMICOS PARA LA ACTUALIZACIÓN DEL DESEMPEÑO DOCENTE CEFIT,NOCHE,Sin registro,Sin registro,Medellín,52.6,Media,Perfil 2
Masculino,16,MEDIA TÉCNICA TÉCNICO EN MARKETING Y VENTA DE PRODUCTOS Y SERVICIOS,MEDIA TÉCNICA,Estudiante básica,COOSALUD EPS,Envigado,52.6,Media,Perfil 2
Masculino,20,25T-TÉCNICO LABORAL EN MECANICA DE MOTOCICLETAS,DIURNA,Desempleado,Sin registro,Medellín,52.6,Media,Perfil 3
Femenino,18,12T-TÉCNICO LABORAL EN AUXILIAR DE RECURSO HUMANO,DIURNA,Sin registro,Salud Total EPS,Envigado,52.5,Media,Perfil 1
Masculino,33,FORMACIÓN EN CONOCIMIENTOS ACADÉMICOS PARA LA ACTUALIZACIÓN DEL DESEMPEÑO DOCENTE CEFIT,NOCHE,Sin registro,Sin registro,Envigado,52.5,Media,Perfil 2
Femenino,26,FORMACIÓN EN CONOCIMIENTOS ACADÉMICOS PARA LA ACTUALIZACIÓN DEL DESEMPEÑO DOCENTE CEFIT,NOCHE,Sin registro,Sin registro,Envigado,52.5,Media,Perfil 1
Masculino,18,25T-TÉCNICO LABORAL EN MECANICA DE MOTOCICLETAS,NOCHE,Empleado,Savia Salud,Envigado,52.5,Media,Perfil 2
Masculino,20,09T-TÉCNICO LABORAL EN AUXILIAR ADMINISTRATIVO,NOCHE,Estudiante básica,Savia Salud,Envigado,52.5,Media,Perfil 1
Masculino,23,31T-TÉCNICO LABORAL EN SISTEMAS (Estudiantes Antiguos),NOCHE,Desempleado,SISBEN,Envigado,52.5,Media,Perfil 3
Masculino,21,EXTENSIÓN - BIOSEGURIDAD,DIURNA,Sin registro,Sin registro,Bello,52.5,Media,Perfil 1
Masculino,17,08T-TÉCNICO LABORAL EN AUTOMOTRIZ,NOCHE,Estudiante básica,Salud Total EPS,Envigado,52.5,Media,Perfil 2
Masculino,17,30T-TÉCNICO LABORAL EN EDUCACIÓN PARA LA PRIMERA INFANCIA,NOCHE,Independiente,Sin registro,Envigado,52.5,Media,Perfil 2
Femenino,27,18T-TÉCNICO LABORAL EN GASTRONOMÍA,NOCHE,Empleado,Suramericana,Itagui,52.4,Media,Perfil 1
Masculino,17,18T-TÉCNICO LABORAL EN GASTRONOMÍA,DIURNA,Estudiante básica,Coomeva EPS,Envigado,52.4,Media,Perfil 1
Masculino,30,EXTENSIÓN - BIOSEGURIDAD,DIURNA,Sin registro,Sin registro,Envigado,52.4,Media,Perfil 2
Masculino,17,22T-TÉCNICO LABORAL EN MARKETING DIGITAL,NOCHE,Desempleado,Suramericana,Envigado,52.4,Media,Perfil 1
Masculino,38,03T-TÉCNICO LABORAL AUXILIAR EN LOGÍSTICA,NOCHE,Empleado,EPS Sura,Envigado,52.4,Media,Perfil 2
Masculino,20,14T-TÉCNICO LABORAL EN CONTABILIDAD,NOCHE,Independiente,EPS Sura,Envigado,52.4,Media,Perfil 3
Masculino,20,EXTENSIÓN - BIOSEGURIDAD,DIURNA,Sin registro,Sin registro,Sabaneta,52.4,Media,Perfil 3
Masculino,20,09T-TÉCNICO LABORAL EN AUXILIAR ADMINISTRATIVO,DIURNA,Desempleado,Salud Total EPS,Envigado,52.4,Media,Perfil 2
Masculino,15,MEDIA TÉCNICA - ORIENTACIÓN VOCACIONAL,MEDIA TÉCNICA,Estudiante básica,EPS Sura,Itagui,52.4,Media,Perfil 1
Masculino,22,25T-TÉCNICO LABORAL EN MECANICA DE MOTOCICLETAS,NOCHE,Desempleado,Nueva Promotora de Salud - Nueva EPS,Envigado,52.4,Media,Perfil 1
Masculino,20,22T-TÉCNICO LABORAL EN MARKETING DIGITAL,NOCHE,Estudiante básica,Suramericana,Envigado,52.4,Media,Perfil 3
Masculino,14,MEDIA TÉCNICA - ORIENTACIÓN VOCACIONAL,MEDIA TÉCNICA,Estudiante básica,EPS Sura,Envigado,52.4,Media,Perfil 1
Masculino,26,22T-TÉCNICO LABORAL EN MARKETING DIGITAL,DIURNA,Independiente,EPS Sura,Envigado,52.3,Media,Perfil 3
Masculino,20,EXTENSIÓN - BIOSEGURIDAD,DIURNA,Sin registro,Sin registro,Itagui,52.3,Media,Perfil 1
Masculino,27,17T-TÉCNICO LABORAL EN ENTRENAMIENTO DEPORTIVO,NOCHE,Desempleado,SISBEN,Envigado,52.3,Media,Perfil 1
Masculino,23,09T-TÉCNICO LABORAL EN AUXILIAR ADMINISTRATIVO,DIURNA,Estudiante superior,Salud Total EPS,Envigado,52.3,Media,Perfil 2
Masculino,24,18T-TÉCNICO LABORAL EN GASTRONOMÍA,DIURNA,Independiente,EPS Sura,Envigado,52.3,Media,Perfil 2
Masculino,17,08T-TÉCNICO LABORAL EN AUTOMOTRIZ,NOCHE,Estudiante básica,EPS Sura,Envigado,52.3,Media,Perfil 2
Masculino,19,08T-TÉCNICO LABORAL EN AUTOMOTRIZ,NOCHE,Estudiante básica,EPS Sura,Envigado,52.3,Media,Perfil 2
Masculino,26,EXTENSIÓN EXCEL AVANZADO,DIURNA,Sin registro,Sin registro,Envigado,52.3,Media,Perfil 1
Masculino,17,13T-TÉCNICO LABORAL EN AUXILIAR EN SEGURIDAD OCUPACIONAL,NOCHE,Estudiante básica,Suramericana,Envigado,52.3,Media,Perfil 1
Masculino,14,MEDIA TÉCNICA EN PANADERIA Y REPOSTERIA 2025,MEDIA TÉCNICA,Desempleado,EPS Sura,Envigado,52.3,Media,Perfil 1
Masculino,21,18T-TÉCNICO LABORAL EN GASTRONOMÍA,NOCHE,Estudiante superior,EPS Sura,Envigado,52.3,Media,Perfil 1
Masculino,20,21T-TÉCNICO LABORAL EN MANTENIMIENTO DE COMPUTADORES Y REDES LOCALES DE DATOS,NOCHE,Estudiante superior,Suramericana,Envigado,52.3,Media,Perfil 2
Masculino,18,17T-TÉCNICO LABORAL EN ENTRENAMIENTO DEPORTIVO,DIURNA,Estudiante superior,EPS Sura,Envigado,52.3,Media,Perfil 1
Masculino,31,EXTENSION HERRAMIENTAS TICS,DIURNA,Sin registro,Sin registro,Envigado,52.3,Media,Perfil 3
Masculino,38,09T-TÉCNICO LABORAL EN AUXILIAR ADMINISTRATIVO,NOCHE,Independiente,EPS Sura,Envigado,52.3,Media,Perfil 2
Masculino,20,22T-TÉCNICO LABORAL EN MARKETING DIGITAL,NOCHE,Estudiante básica,EPS Sura,Envigado,52.3,Media,Perfil 3
Masculino,67,16T-TÉCNICO LABORAL EN ELECTRICISTA,NOCHE,Independiente,EPS Sura,Envigado,52.2,Media,Perfil 1
Masculino,70,16T-TÉCNICO LABORAL EN ELECTRICISTA,NOCHE,Independiente,EPS Sura,Envigado,52.2,Media,Perfil 1
Masculino,19,36T -  TÉCNICO LABORAL EN AUXILIAR ANÁLISIS Y PROGRAMACIÓN DE SOFTWARE,NOCHE,Estudiante superior,EPS Sura,Envigado,52.2,Media,Perfil 2
Masculino,25,16T-TÉCNICO LABORAL EN ELECTRICISTA,NOCHE,Independiente,EPS Sura,Envigado,52.2,Media,Perfil 2
Masculino,19,29T-TÉCNICO LABORAL EN PANADERIA Y REPOSTERIA,DIURNA,Desempleado,Empresas Publicas de Medellin departamento Medico,Envigado,52.2,Media,Perfil 1
Masculino,19,29T-TÉCNICO LABORAL EN PANADERIA Y REPOSTERIA,DIURNA,Desempleado,Sanidad Militar,Envigado,52.2,Media,Perfil 2
Masculino,21,19T-TÉCNICO LABORAL EN GASTRONOMIA INTERNACIONAL,DIURNA,Estudiante básica,Coomeva EPS,Envigado,52.2,Media,Perfil 3
Masculino,15,MEDIA TÉCNICA - ORIENTACIÓN VOCACIONAL,MEDIA TÉCNICA,Estudiante básica,EPS Sura,Sabaneta,52.2,Media,Perfil 2
Masculino,26,FORMACIÓN EN CONOCIMIENTOS ACADÉMICOS PARA LA ACTUALIZACIÓN DEL DESEMPEÑO DOCENTE CEFIT,NOCHE,Sin registro,Sin registro,Bello,52.2,Media,Perfil 1
Masculino,18,21T-TÉCNICO LABORAL EN MANTENIMIENTO DE COMPUTADORES Y REDES LOCALES DE DATOS,NOCHE,Desempleado,Comfenalco valle E.P.S.,Envigado,52.2,Media,Perfil 2
Masculino,28,EXTENSIÓN - BIOSEGURIDAD,DIURNA,Sin registro,Sin registro,Medellín,52.1,Media,Perfil 2
Masculino,24,23T-TÉCNICO LABORAL EN MARKETING Y VENTA DE PRODUCTOS Y SERVICIOS,NOCHE,Estudiante superior,EPS Sura,Envigado,52.1,Media,Perfil 2
Masculino,21,09T-TÉCNICO LABORAL EN AUXILIAR ADMINISTRATIVO,NOCHE,Estudiante básica,EPS Sura,Envigado,52.1,Media,Perfil 3
Masculino,17,18T-TÉCNICO LABORAL EN GASTRONOMÍA,DIURNA,Estudiante básica,EPS Sura,Envigado,52.1,Media,Perfil 1
Femenino,27,30T-TÉCNICO LABORAL EN EDUCACIÓN PARA LA PRIMERA INFANCIA,NOCHE,Independiente,Suramericana,Envigado,52.1,Media,Perfil 1
Masculino,38,18T-TÉCNICO LABORAL EN GASTRONOMÍA,NOCHE,Desempleado,Salud Total EPS,Envigado,52.1,Media,Perfil 2
Masculino,32,EXTENSIÓN - BIOSEGURIDAD,DIURNA,Sin registro,Sin registro,Medellín,52.1,Media,Perfil 2
Masculino,32,EXTENSIÓN - BIOSEGURIDAD,DIURNA,Sin registro,Sin registro,Medellín,52.1,Media,Perfil 2
Masculino,21,MEDIA TÉCNICA EN PANADERIA Y REPOSTERIA 2025,MEDIA TÉCNICA,Estudiante básica,Nueva Promotora de Salud - Nueva EPS,Envigado,52.1,Media,Perfil 2
Masculino,33,16T-TÉCNICO LABORAL EN ELECTRICISTA,NOCHE,Empleado,EPS Sura,Envigado,52.0,Media,Perfil 1
Masculino,34,EXTENSIÓN EXCEL AVANZADO,DIURNA,Sin registro,Sin registro,Medellín,52.0,Media,Perfil 3
Masculino,33,EXTENSIÓN - BIOSEGURIDAD,DIURNA,Sin registro,Sin registro,Medellín,52.0,Media,Perfil 1
Masculino,33,EXTENSIÓN WORD AVANZADO VIRTUAL,DIURNA,Sin registro,Sin registro,Medellín,52.0,Media,Perfil 2
Masculino,18,25T-TÉCNICO LABORAL EN MECANICA DE MOTOCICLETAS,NOCHE,Desempleado,Nueva Promotora de Salud - Nueva EPS,Envigado,52.0,Media,Perfil 2
Masculino,33,09T-TÉCNICO LABORAL EN AUXILIAR ADMINISTRATIVO,NOCHE,Independiente,EPS Sura,Envigado,52.0,Media,Perfil 2
Masculino,26,04-V Técnico Laboral Auxiliar Análisis de Datos E Inteligencia Artificial (50% Modalidad Distancia),NOCHE,Independiente,EPS Sura,Envigado,52.0,Media,Perfil 2
Masculino,17,14T-TÉCNICO LABORAL EN CONTABILIDAD,DIURNA,Estudiante superior,EPS Sura,Envigado,52.0,Media,Perfil 2
Masculino,16,MEDIA TÉCNICA - ORIENTACIÓN VOCACIONAL,MEDIA TÉCNICA,Estudiante básica,Nueva Promotora de Salud - Nueva EPS,Envigado,52.0,Media,Perfil 3
Masculino,18,29T-TÉCNICO LABORAL EN PANADERIA Y REPOSTERIA,DIURNA,Estudiante básica,EPS Sura,Medellín,52.0,Media,Perfil 3
Masculino,29,09T-TÉCNICO LABORAL EN AUXILIAR ADMINISTRATIVO,NOCHE,Independiente,EPS Sura,Envigado,52.0,Media,Perfil 3
Masculino,24,36T -  TÉCNICO LABORAL EN AUXILIAR ANÁLISIS Y PROGRAMACIÓN DE SOFTWARE,NOCHE,Independiente,EPS Sura,La Ceja,52.0,Media,Perfil 2
Masculino,19,22T-TÉCNICO LABORAL EN MARKETING DIGITAL,DIURNA,Estudiante superior,Suramericana,Medellín,52.0,Media,Perfil 1
Masculino,21,09T-TÉCNICO LABORAL EN AUXILIAR ADMINISTRATIVO,DIURNA,Estudiante básica,Suramericana,Envigado,52.0,Media,Perfil 1
Masculino,54,08T-TÉCNICO LABORAL EN AUTOMOTRIZ,DIURNA,Estudiante superior,Savia Salud,Envigado,51.9,Media,Perfil 2
Masculino,18,09T-TÉCNICO LABORAL EN AUXILIAR ADMINISTRATIVO,NOCHE,Estudiante básica,EPS Sura,Envigado,51.9,Media,Perfil 1
Masculino,19,21T-TÉCNICO LABORAL EN MANTENIMIENTO DE COMPUTADORES Y REDES LOCALES DE DATOS,NOCHE,Estudiante básica,EPS Sura,Envigado,51.9,Media,Perfil 2
Masculino,18,16T-TÉCNICO LABORAL EN ELECTRICISTA,NOCHE,Estudiante básica,EPS Sura,Envigado,51.9,Media,Perfil 2
Masculino,16,MEDIA TECNICA MARKETING DIGITAL,MEDIA TÉCNICA,Estudiante básica,Suramericana,Envigado,51.9,Media,Perfil 1
Masculino,20,17T-TÉCNICO LABORAL EN ENTRENAMIENTO DEPORTIVO,DIURNA,Empleado,SISBEN,Envigado,51.9,Media,Perfil 1
Masculino,41,18T-TÉCNICO LABORAL EN GASTRONOMÍA,NOCHE,Independiente,EPS Sura,Envigado,51.9,Media,Perfil 3
Masculino,17,08T-TÉCNICO LABORAL EN AUTOMOTRIZ,DIURNA,Desempleado,Suramericana,Envigado,51.9,Media,Perfil 1
Masculino,19,18T-TÉCNICO LABORAL EN GASTRONOMÍA,DIURNA,Estudiante básica,Coomeva EPS,Envigado,51.9,Media,Perfil 1
Femenino,21,EXTENSIÓN MANIPULACIÓN DE ALIMENTOS,DIURNA,Sin registro,Sin registro,Envigado,51.9,Media,Perfil 1
Masculino,50,18T-TÉCNICO LABORAL EN GASTRONOMÍA,NOCHE,Independiente,EPS Sura,Envigado,51.9,Media,Perfil 2
Masculino,17,MEDIA TÉCNICA TÉCNICO EN MARKETING Y VENTA DE PRODUCTOS Y SERVICIOS,MEDIA TÉCNICA,Estudiante básica,Nueva Promotora de Salud - Nueva EPS,Envigado,51.9,Media,Perfil 3
Masculino,16,MEDIA TÉCNICA - ORIENTACIÓN VOCACIONAL,MEDIA TÉCNICA,Estudiante básica,Sin registro,Medellín,51.9,Media,Perfil 2
Masculino,51,04-V Técnico Laboral Auxiliar Análisis de Datos E Inteligencia Artificial (50% Modalidad Distancia),NOCHE,Empleado,Salud Total EPS,Envigado,51.9,Media,Perfil 2
Masculino,19,06-VTécnico Laboral en Asistente Community Manager y Redes Sociales (50% Modalidad Distancia),DIURNA,Estudiante básica,EPS Sura,Envigado,51.9,Media,Perfil 1
Masculino,19,09T-TÉCNICO LABORAL EN AUXILIAR ADMINISTRATIVO,DIURNA,Estudiante básica,EPS Sura,Envigado,51.9,Media,Perfil 2
Masculino,18,08T-TÉCNICO LABORAL EN AUTOMOTRIZ,DIURNA,Estudiante básica,EPS Sura,Envigado,51.9,Media,Perfil 1
Masculino,17,22T-TÉCNICO LABORAL EN MARKETING DIGITAL,DIURNA,Estudiante básica,EPS Sura,Envigado,51.9,Media,Perfil 2
Masculino,22,25T-TÉCNICO LABORAL EN MECANICA DE MOTOCICLETAS,NOCHE,Empleado,Sanitas EPS,Envigado,51.9,Media,Perfil 2
Femenino,20,EXTENSIÓN MANIPULACIÓN DE ALIMENTOS,DIURNA,Sin registro,Sin registro,Envigado,51.9,Media,Perfil 3
Femenino,20,EXTENSIÓN MANIPULACIÓN DE ALIMENTOS,DIURNA,Sin registro,Sin registro,Envigado,51.9,Media,Perfil 2
Masculino,63,20T-TÉCNICO LABORAL EN JOYERIA,DIURNA,Independiente,Nueva Promotora de Salud - Nueva EPS,Envigado,51.9,Media,Perfil 1
Masculino,17,MEDIA TÉCNICA - ORIENTACIÓN VOCACIONAL,MEDIA TÉCNICA,Estudiante básica,Famisanar Ltda.,Envigado,51.9,Media,Perfil 1
Masculino,20,25T-TÉCNICO LABORAL EN MECANICA DE MOTOCICLETAS,DIURNA,Estudiante superior,Savia Salud,Envigado,51.9,Media,Perfil 2
Masculino,17,16T-TÉCNICO LABORAL EN ELECTRICISTA,NOCHE,Estudiante básica,Nueva Promotora de Salud - Nueva EPS,Envigado,51.9,Media,Perfil 1
Masculino,17,MEDIA TÉCNICA - ORIENTACIÓN VOCACIONAL,MEDIA TÉCNICA,Estudiante básica,Savia Salud,Envigado,51.9,Media,Perfil 1
Femenino,26,FORMACIÓN EN CONOCIMIENTOS ACADÉMICOS PARA LA ACTUALIZACIÓN DEL DESEMPEÑO DOCENTE CEFIT,NOCHE,Sin registro,Sin registro,Medellín,51.9,Media,Perfil 2
Masculino,17,18T-TÉCNICO LABORAL EN GASTRONOMÍA,NOCHE,Desempleado,EPS Sura,Envigado,51.9,Media,Perfil 3
Masculino,17,MEDIA TÉCNICA - ORIENTACIÓN VOCACIONAL,MEDIA TÉCNICA,Estudiante básica,Coomeva EPS,Envigado,51.8,Media,Perfil 2
Masculino,23,22T-TÉCNICO LABORAL EN MARKETING DIGITAL,NOCHE,Desempleado,EPS Sura,Envigado,51.8,Media,Perfil 3
Masculino,27,EXTENSIÓN - BIOSEGURIDAD,DIURNA,Sin registro,Sin registro,Envigado,51.8,Media,Perfil 2
Masculino,27,EXTENSIÓN MANIPULACIÓN DE ALIMENTOS,DIURNA,Sin registro,Sin registro,Envigado,51.8,Media,Perfil 1
Masculino,15,MEDIA TÉCNICA - ORIENTACIÓN VOCACIONAL,MEDIA TÉCNICA,Estudiante básica,Savia Salud,Itagui,51.8,Media,Perfil 3
Masculino,18,22T-TÉCNICO LABORAL EN MARKETING DIGITAL,NOCHE,Estudiante superior,EPS Sura,Envigado,51.8,Media,Perfil 1
Masculino,35,EXTENSIÓN - BIOSEGURIDAD,DIURNA,Sin registro,Sin registro,Medellín,51.8,Media,Perfil 2
Masculino,60,22T-TÉCNICO LABORAL EN MARKETING DIGITAL,NOCHE,Independiente,EPS Sura,Envigado,51.8,Media,Perfil 2
Masculino,19,37 - TÉCNICO POR COMPETENCIAS ASISTENTE EN ENTRENAMIENTO FÍSICO Y DEPORTIVO,DIURNA,Independiente,EPS Sura,Envigado,51.8,Media,Perfil 1
Masculino,28,EXTENSIÓN - BIOSEGURIDAD,DIURNA,Sin registro,Sin registro,Envigado,51.8,Media,Perfil 3
Masculino,28,EXTENSIÓN - BIOSEGURIDAD,DIURNA,Sin registro,Sin registro,Envigado,51.8,Media,Perfil 1
Masculino,28,EXTENSIÓN - BIOSEGURIDAD,DIURNA,Sin registro,Sin registro,Envigado,51.8,Media,Perfil 2
Masculino,15,MEDIA TÉCNICA - ORIENTACIÓN VOCACIONAL,MEDIA TÉCNICA,Estudiante básica,Salud Total EPS,Envigado,51.8,Media,Perfil 2
Masculino,16,MEDIA TÉCNICA - ORIENTACIÓN VOCACIONAL,MEDIA TÉCNICA,Estudiante básica,Salud Total EPS,Envigado,51.8,Media,Perfil 1
Masculino,18,22T-TÉCNICO LABORAL EN MARKETING DIGITAL,DIURNA,Estudiante básica,Nueva Promotora de Salud - Nueva EPS,Envigado,51.8,Media,Perfil 1
Masculino,19,25T-TÉCNICO LABORAL EN MECANICA DE MOTOCICLETAS,NOCHE,Independiente,EPS Sura,Itagui,51.8,Media,Perfil 1
Masculino,16,MEDIA TECNICA MARKETING DIGITAL,MEDIA TÉCNICA,Estudiante superior,EPS Sura,Itagui,51.8,Media,Perfil 2
Masculino,26,26T-TÉCNICO LABORAL EN MECÁNICA DE MOTOS  (Estudiantes Antiguos),NOCHE,Sin registro,Sin registro,Itagui,51.8,Media,Perfil 1
Masculino,22,23T-TÉCNICO LABORAL EN MARKETING Y VENTA DE PRODUCTOS Y SERVICIOS,DIURNA,Estudiante superior,MEDIMAS,Envigado,51.8,Media,Perfil 1
Femenino,18,EXTENSIÓN MANIPULACIÓN DE ALIMENTOS,DIURNA,Sin registro,Sin registro,Envigado,51.8,Media,Perfil 1
Femenino,19,EXTENSIÓN MANIPULACIÓN DE ALIMENTOS,DIURNA,Sin registro,Sin registro,Envigado,51.8,Media,Perfil 2
Masculino,29,03T-TÉCNICO LABORAL AUXILIAR EN LOGÍSTICA,NOCHE,Desempleado,EPS Sura,Envigado,51.8,Media,Perfil 2
Masculino,37,FORMACIÓN EN CONOCIMIENTOS ACADÉMICOS PARA LA ACTUALIZACIÓN DEL DESEMPEÑO DOCENTE CEFIT,NOCHE,Sin registro,Sin registro,Envigado,51.8,Media,Perfil 1
Masculino,19,22T-TÉCNICO LABORAL EN MARKETING DIGITAL,DIURNA,Estudiante superior,Sin registro,Envigado,51.7,Media,Perfil 3
Masculino,17,22T-TÉCNICO LABORAL EN MARKETING DIGITAL,DIURNA,Estudiante básica,Susalud,Envigado,51.7,Media,Perfil 1
Masculino,30,18T-TÉCNICO LABORAL EN GASTRONOMÍA,DIURNA,Independiente,EPS Sura,Envigado,51.7,Media,Perfil 1
Masculino,35,FORMACIÓN EN CONOCIMIENTOS ACADÉMICOS PARA LA ACTUALIZACIÓN DEL DESEMPEÑO DOCENTE CEFIT,NOCHE,Sin registro,Sin registro,Medellín,51.7,Media,Perfil 2
Femenino,64,20T-TÉCNICO LABORAL EN JOYERIA,DIURNA,Independiente,Unisalud,Envigado,51.7,Media,Perfil 1
Masculino,18,17T-TÉCNICO LABORAL EN ENTRENAMIENTO DEPORTIVO,NOCHE,Estudiante básica,EPS Sura,Envigado,51.7,Media,Perfil 3
Masculino,26,25T-TÉCNICO LABORAL EN MECANICA DE MOTOCICLETAS,DIURNA,Independiente,SISBEN,Envigado,51.7,Media,Perfil 1
Femenino,22,FORMACIÓN EN CONOCIMIENTOS ACADÉMICOS PARA LA ACTUALIZACIÓN DEL DESEMPEÑO DOCENTE CEFIT,NOCHE,Sin registro,Sin registro,Envigado,51.7,Media,Perfil 1
Masculino,21,25T-TÉCNICO LABORAL EN MECANICA DE MOTOCICLETAS,NOCHE,Independiente,EPS Sura,Envigado,51.7,Media,Perfil 1
Masculino,23,24T-TÉCNICO LABORAL EN MECANICA AUTOMOTRIZ (Estudiantes Antiguos),NOCHE,Empleado,EPS Sura,Itagui,51.7,Media,Perfil 3
Masculino,36,EXTENSIÓN - BIOSEGURIDAD,DIURNA,Sin registro,Sin registro,Medellín,51.7,Media,Perfil 3
Masculino,36,EXTENSION HERRAMIENTAS TICS,DIURNA,Sin registro,Sin registro,Medellín,51.7,Media,Perfil 1
Masculino,24,EXTENSIÓN MANIPULACIÓN DE ALIMENTOS,DIURNA,Estudiante superior,EPS Sura,Envigado,51.7,Media,Perfil 1
Masculino,32,17T-TÉCNICO LABORAL EN ENTRENAMIENTO DEPORTIVO,NOCHE,Independiente,EPS Sura,Envigado,51.6,Media,Perfil 2
Masculino,41,21T-TÉCNICO LABORAL EN MANTENIMIENTO DE COMPUTADORES Y REDES LOCALES DE DATOS,NOCHE,Empleado,EPS Sura,Envigado,51.6,Media,Perfil 2
Masculino,41,09T-TÉCNICO LABORAL EN AUXILIAR ADMINISTRATIVO,NOCHE,Empleado,EPS Sura,Envigado,51.6,Media,Perfil 2
Femenino,23,30T-TÉCNICO LABORAL EN EDUCACIÓN PARA LA PRIMERA INFANCIA,NOCHE,Independiente,SISBEN,Envigado,51.6,Media,Perfil 1
Masculino,16,MEDIA TÉCNICA EN PANADERIA Y REPOSTERIA 2025,MEDIA TÉCNICA,Estudiante básica,Salud Total EPS,Medellín,51.6,Media,Perfil 1
Masculino,19,16T-TÉCNICO LABORAL EN ELECTRICISTA,NOCHE,Estudiante básica,EPS Sura,Envigado,51.6,Media,Perfil 2
Masculino,35,07T-TÉCNICO LABORAL EN ATENCION Y CUIDADO DE PERSONAS MAYORES,NOCHE,Estudiante superior,EPS Sura,Envigado,51.6,Media,Perfil 2
Masculino,29,26T-TÉCNICO LABORAL EN MECÁNICA DE MOTOS  (Estudiantes Antiguos),NOCHE,Sin registro,Sin registro,Itagui,51.6,Media,Perfil 2
Masculino,18,36T -  TÉCNICO LABORAL EN AUXILIAR ANÁLISIS Y PROGRAMACIÓN DE SOFTWARE,NOCHE,Sin registro,EPS Sura,Envigado,51.6,Media,Perfil 2
Masculino,37,17T-TÉCNICO LABORAL EN ENTRENAMIENTO DEPORTIVO,NOCHE,Independiente,Nueva Promotora de Salud - Nueva EPS,Envigado,51.6,Media,Perfil 2
Masculino,14,MEDIA TÉCNICA - ORIENTACIÓN VOCACIONAL,MEDIA TÉCNICA,Estudiante básica,Nueva Promotora de Salud - Nueva EPS,Envigado,51.6,Media,Perfil 1
Masculino,16,MEDIA TECNICA MARKETING DIGITAL,MEDIA TÉCNICA,Independiente,Sanitas EPS,Medellín,51.6,Media,Perfil 1
Masculino,57,24T-TÉCNICO LABORAL EN MECANICA AUTOMOTRIZ (Estudiantes Antiguos),NOCHE,Independiente,Suramericana,Envigado,51.6,Media,Perfil 3
Masculino,17,MEDIA TÉCNICA - ORIENTACIÓN VOCACIONAL,MEDIA TÉCNICA,Estudiante básica,Sin registro,Envigado,51.6,Media,Perfil 3
Masculino,18,09T-TÉCNICO LABORAL EN AUXILIAR ADMINISTRATIVO,DIURNA,Estudiante básica,Salud Total EPS,Envigado,51.6,Media,Perfil 3
Masculino,18,25T-TÉCNICO LABORAL EN MECANICA DE MOTOCICLETAS,DIURNA,Desempleado,EPS Sura,Envigado,51.5,Media,Perfil 3
Masculino,15,MEDIA TÉCNICA - ORIENTACIÓN VOCACIONAL,MEDIA TÉCNICA,Estudiante básica,Sanitas EPS,Envigado,51.5,Media,Perfil 3
Masculino,20,18T-TÉCNICO LABORAL EN GASTRONOMÍA,DIURNA,Estudiante superior,Compensar EPS,Envigado,51.5,Media,Perfil 2
Masculino,17,08T-TÉCNICO LABORAL EN AUTOMOTRIZ,DIURNA,Estudiante básica,Sanitas EPS,Envigado,51.5,Media,Perfil 2
Masculino,22,21T-TÉCNICO LABORAL EN MANTENIMIENTO DE COMPUTADORES Y REDES LOCALES DE DATOS,NOCHE,Estudiante superior,Sin registro,Envigado,51.5,Media,Perfil 2
Masculino,16,17T-TÉCNICO LABORAL EN ENTRENAMIENTO DEPORTIVO,DIURNA,Desempleado,EPS Sura,Envigado,51.5,Media,Perfil 2
Masculino,19,23T-TÉCNICO LABORAL EN MARKETING Y VENTA DE PRODUCTOS Y SERVICIOS,DIURNA,Estudiante superior,Savia Salud,Envigado,51.5,Media,Perfil 3
Masculino,21,12T-TÉCNICO LABORAL EN AUXILIAR DE RECURSO HUMANO,NOCHE,Estudiante básica,EPS Sura,Envigado,51.4,Media,Perfil 1
Masculino,15,MEDIA TÉCNICA - ORIENTACIÓN VOCACIONAL,MEDIA TÉCNICA,Estudiante básica,Salud Total EPS,Envigado,51.4,Media,Perfil 2
Masculino,15,MEDIA TÉCNICA - ORIENTACIÓN VOCACIONAL,MEDIA TÉCNICA,Estudiante básica,Salud Total EPS,Envigado,51.4,Media,Perfil 2
Masculino,16,MEDIA TECNICA MARKETING DIGITAL,MEDIA TÉCNICA,Estudiante básica,Nueva Promotora de Salud - Nueva EPS,Envigado,51.4,Media,Perfil 1
Masculino,19,21T-TÉCNICO LABORAL EN MANTENIMIENTO DE COMPUTADORES Y REDES LOCALES DE DATOS,NOCHE,Estudiante superior,Coomeva EPS,Envigado,51.4,Media,Perfil 2
Masculino,20,08T-TÉCNICO LABORAL EN AUTOMOTRIZ,DIURNA,Estudiante superior,Coomeva EPS,Envigado,51.4,Media,Perfil 3
Masculino,35,21T-TÉCNICO LABORAL EN MANTENIMIENTO DE COMPUTADORES Y REDES LOCALES DE DATOS,NOCHE,Empleado,Salud Total EPS,Envigado,51.3,Media,Perfil 1
Masculino,20,18T-TÉCNICO LABORAL EN GASTRONOMÍA,DIURNA,Estudiante superior,Sanitas EPS,Envigado,51.3,Media,Perfil 3
Masculino,18,MEDIA TÉCNICA TÉCNICO EN MARKETING Y VENTA DE PRODUCTOS Y SERVICIOS,MEDIA TÉCNICA,Estudiante básica,Sin registro,Envigado,51.3,Media,Perfil 1
Masculino,22,19T-TÉCNICO LABORAL EN GASTRONOMIA INTERNACIONAL,DIURNA,Estudiante superior,EPS Sura,Envigado,51.3,Media,Perfil 2
Masculino,29,EXTENSIÓN EXCEL AVANZADO,DIURNA,Sin registro,Sin registro,Envigado,51.3,Media,Perfil 1
Masculino,21,21T-TÉCNICO LABORAL EN MANTENIMIENTO DE COMPUTADORES Y REDES LOCALES DE DATOS,NOCHE,Estudiante superior,Savia Salud,Envigado,51.3,Media,Perfil 2
Masculino,19,23T-TÉCNICO LABORAL EN MARKETING Y VENTA DE PRODUCTOS Y SERVICIOS,DIURNA,Estudiante básica,EPS Sura,Envigado,51.3,Media,Perfil 2
Masculino,19,08T-TÉCNICO LABORAL EN AUTOMOTRIZ,DIURNA,Desempleado,COOSALUD EPS,Envigado,51.3,Media,Perfil 1
Masculino,17,09T-TÉCNICO LABORAL EN AUXILIAR ADMINISTRATIVO,DIURNA,Estudiante básica,Savia Salud,Envigado,51.3,Media,Perfil 2
Masculino,23,09T-TÉCNICO LABORAL EN AUXILIAR ADMINISTRATIVO,NOCHE,Empleado,Nueva Promotora de Salud - Nueva EPS,Envigado,51.2,Media,Perfil 2
Femenino,26,14T-TÉCNICO LABORAL EN CONTABILIDAD,NOCHE,Sin registro,Sin registro,Envigado,51.2,Media,Perfil 1
Masculino,20,09T-TÉCNICO LABORAL EN AUXILIAR ADMINISTRATIVO,DIURNA,Desempleado,Salud Total EPS,Envigado,51.2,Media,Perfil 1
Masculino,16,18T-TÉCNICO LABORAL EN GASTRONOMÍA,NOCHE,Estudiante básica,EPS Sura,Envigado,51.2,Media,Perfil 1
Masculino,35,EXTENSIÓN MANIPULACIÓN DE ALIMENTOS,DIURNA,Sin registro,Sin registro,Envigado,51.2,Media,Perfil 1
Masculino,35,EXTENSION HERRAMIENTAS TICS,DIURNA,Sin registro,Sin registro,Envigado,51.2,Media,Perfil 1
Femenino,24,18T-TÉCNICO LABORAL EN GASTRONOMÍA,NOCHE,Estudiante superior,Sin registro,Envigado,51.2,Media,Perfil 1
Masculino,20,18T-TÉCNICO LABORAL EN GASTRONOMÍA,DIURNA,Estudiante superior,Coomeva EPS,Envigado,51.2,Media,Perfil 3
Masculino,16,MEDIA TÉCNICA TÉCNICO EN MARKETING Y VENTA DE PRODUCTOS Y SERVICIOS,MEDIA TÉCNICA,Estudiante básica,EPS Sura,Medellín,51.2,Media,Perfil 1
Masculino,17,18T-TÉCNICO LABORAL EN GASTRONOMÍA,DIURNA,Estudiante básica,EPS Sura,Medellín,51.2,Media,Perfil 3
Masculino,18,17T-TÉCNICO LABORAL EN ENTRENAMIENTO DEPORTIVO,DIURNA,Estudiante superior,EPS Sura,Envigado,51.2,Media,Perfil 2
Masculino,15,MEDIA TÉCNICA TÉCNICO EN MARKETING Y VENTA DE PRODUCTOS Y SERVICIOS,MEDIA TÉCNICA,Estudiante básica,Savia Salud,Envigado,51.2,Media,Perfil 2
Masculino,16,22T-TÉCNICO LABORAL EN MARKETING DIGITAL,DIURNA,Desempleado,EPS Sura,Envigado,51.1,Media,Perfil 1
Masculino,36,16T-TÉCNICO LABORAL EN ELECTRICISTA,NOCHE,Independiente,Suramericana,Envigado,51.1,Media,Perfil 2
Masculino,20,23T-TÉCNICO LABORAL EN MARKETING Y VENTA DE PRODUCTOS Y SERVICIOS,NOCHE,Empleado,Salud Total EPS,Envigado,51.1,Media,Perfil 2
Masculino,35,14T-TÉCNICO LABORAL EN CONTABILIDAD,NOCHE,Desempleado,EPS Sura,Envigado,51.1,Media,Perfil 2
Masculino,24,EXTENSIÓN - BIOSEGURIDAD,DIURNA,Sin registro,Sin registro,Bello,51.1,Media,Perfil 3
Masculino,40,29T-TÉCNICO LABORAL EN PANADERIA Y REPOSTERIA,NOCHE,Independiente,Savia Salud,Envigado,51.1,Media,Perfil 1
Masculino,41,23T-TÉCNICO LABORAL EN MARKETING Y VENTA DE PRODUCTOS Y SERVICIOS,NOCHE,Independiente,EPS Sura,Envigado,51.1,Media,Perfil 3
Masculino,17,MEDIA TECNICA MARKETING DIGITAL,MEDIA TÉCNICA,Estudiante básica,Suramericana,Medellín,51.1,Media,Perfil 1
Masculino,17,14T-TÉCNICO LABORAL EN CONTABILIDAD,NOCHE,Estudiante básica,Nueva Promotora de Salud - Nueva EPS,Envigado,51.1,Media,Perfil 2
Masculino,49,04-V Técnico Laboral Auxiliar Análisis de Datos E Inteligencia Artificial (50% Modalidad Distancia),DIURNA,Empleado,Policía Nacional,Envigado,51.1,Media,Perfil 2
Masculino,21,17T-TÉCNICO LABORAL EN ENTRENAMIENTO DEPORTIVO,DIURNA,Desempleado,Policía Nacional,Envigado,51.0,Media,Perfil 2
Masculino,22,25T-TÉCNICO LABORAL EN MECANICA DE MOTOCICLETAS,DIURNA,Desempleado,Savia Salud,Envigado,51.0,Media,Perfil 1
Femenino,26,04-V Técnico Laboral Auxiliar Análisis de Datos E Inteligencia Artificial (50% Modalidad Distancia),NOCHE,Estudiante superior,Suramericana,Envigado,51.0,Media,Perfil 1
Masculino,20,05-V-Técnico Laboral Auxiliar en Ciberseguridad (50% Modalidad Distancia),NOCHE,Estudiante superior,EPS Sura,Envigado,51.0,Media,Perfil 2
Masculino,18,29T-TÉCNICO LABORAL EN PANADERIA Y REPOSTERIA,DIURNA,Estudiante superior,SISBEN,Envigado,51.0,Media,Perfil 3
Masculino,24,23T-TÉCNICO LABORAL EN MARKETING Y VENTA DE PRODUCTOS Y SERVICIOS,NOCHE,Empleado,EPS Sura,Envigado,51.0,Media,Perfil 1
Masculino,15,MEDIA TÉCNICA - ORIENTACIÓN VOCACIONAL,MEDIA TÉCNICA,Estudiante básica,EPS Sura,Itagui,51.0,Media,Perfil 2
Masculino,23,20T-TÉCNICO LABORAL EN JOYERIA,DIURNA,Independiente,Savia Salud,Envigado,51.0,Media,Perfil 1
Masculino,48,16T-TÉCNICO LABORAL EN ELECTRICISTA,NOCHE,Desempleado,EPS Sura,Envigado,51.0,Media,Perfil 2
Masculino,21,22T-TÉCNICO LABORAL EN MARKETING DIGITAL,DIURNA,Desempleado,Sin registro,Envigado,51.0,Media,Perfil 3
Masculino,22,27T-TÉCNICO LABORAL EN MERCADEO Y VENTAS (Estudiantes Antiguos),DIURNA,Independiente,SISBEN,Envigado,51.0,Media,Perfil 3
Masculino,16,MEDIA TÉCNICA TÉCNICO EN MARKETING Y VENTA DE PRODUCTOS Y SERVICIOS,MEDIA TÉCNICA,Estudiante básica,Salud Total EPS,Envigado,51.0,Media,Perfil 3
Masculino,26,26T-TÉCNICO LABORAL EN MECÁNICA DE MOTOS  (Estudiantes Antiguos),NOCHE,Sin registro,Sin registro,Itagui,51.0,Media,Perfil 1
Masculino,17,MEDIA TÉCNICA TÉCNICO EN MARKETING Y VENTA DE PRODUCTOS Y SERVICIOS,MEDIA TÉCNICA,Estudiante básica,Savia Salud,Envigado,51.0,Media,Perfil 2
Femenino,29,23T-TÉCNICO LABORAL EN MARKETING Y VENTA DE PRODUCTOS Y SERVICIOS,NOCHE,Independiente,SISBEN,Envigado,50.9,Media,Perfil 3
Masculino,19,25T-TÉCNICO LABORAL EN MECANICA DE MOTOCICLETAS,DIURNA,Desempleado,Nueva Promotora de Salud - Nueva EPS,Medellín,50.9,Media,Perfil 1
Masculino,14,MEDIA TÉCNICA - ORIENTACIÓN VOCACIONAL,MEDIA TÉCNICA,Estudiante básica,Fuerzas Militares,Envigado,50.9,Media,Perfil 1
Masculino,32,16T-TÉCNICO LABORAL EN ELECTRICISTA,NOCHE,Independiente,SISBEN,Envigado,50.9,Media,Perfil 2
Masculino,17,21T-TÉCNICO LABORAL EN MANTENIMIENTO DE COMPUTADORES Y REDES LOCALES DE DATOS,NOCHE,Estudiante superior,Nueva Promotora de Salud - Nueva EPS,Envigado,50.9,Media,Perfil 1
Masculino,19,21T-TÉCNICO LABORAL EN MANTENIMIENTO DE COMPUTADORES Y REDES LOCALES DE DATOS,NOCHE,Desempleado,Salud Total EPS,Envigado,50.9,Media,Perfil 2
Masculino,28,01T-TÉCNICO LABORAL AUXILIAR DE TALENTO HUMANO,NOCHE,Empleado,Sin registro,Medellín,50.9,Media,Perfil 3
Masculino,22,31T-TÉCNICO LABORAL EN SISTEMAS (Estudiantes Antiguos),NOCHE,Estudiante básica,EPS Sura,Envigado,50.9,Media,Perfil 1
Masculino,20,16T-TÉCNICO LABORAL EN ELECTRICISTA,NOCHE,Desempleado,Salud Total EPS,Envigado,50.9,Media,Perfil 1
Masculino,30,EXTENSIÓN - BIOSEGURIDAD,DIURNA,Sin registro,Sin registro,Envigado,50.9,Media,Perfil 3
Masculino,30,EXTENSIÓN - BIOSEGURIDAD,DIURNA,Sin registro,Sin registro,Envigado,50.9,Media,Perfil 1
Masculino,14,MEDIA TÉCNICA TÉCNICO EN MARKETING Y VENTA DE PRODUCTOS Y SERVICIOS,MEDIA TÉCNICA,Estudiante básica,Salud Total EPS,Envigado,50.9,Media,Perfil 1
Masculino,26,26T-TÉCNICO LABORAL EN MECÁNICA DE MOTOS  (Estudiantes Antiguos),NOCHE,Estudiante superior,Sin registro,Envigado,50.9,Media,Perfil 1
Masculino,17,17T-TÉCNICO LABORAL EN ENTRENAMIENTO DEPORTIVO,DIURNA,Sin registro,Savia Salud,Envigado,50.9,Media,Perfil 2
Femenino,24,EXTENSIÓN - BIOSEGURIDAD,DIURNA,Sin registro,Sin registro,Medellín,50.8,Media,Perfil 2
Masculino,19,23T-TÉCNICO LABORAL EN MARKETING Y VENTA DE PRODUCTOS Y SERVICIOS,NOCHE,Empleado,Nueva Promotora de Salud - Nueva EPS,Envigado,50.8,Media,Perfil 1
Masculino,16,MEDIA TECNICA MARKETING DIGITAL,MEDIA TÉCNICA,Estudiante básica,EPS Sura,Envigado,50.8,Media,Perfil 1
Masculino,16,MEDIA TÉCNICA EN PANADERIA Y REPOSTERIA 2025,MEDIA TÉCNICA,Estudiante básica,EPS Sura,Envigado,50.8,Media,Perfil 2
Masculino,24,22T-TÉCNICO LABORAL EN MARKETING DIGITAL,DIURNA,Estudiante superior,EPS Sura,Envigado,50.8,Media,Perfil 1
Masculino,22,09T-TÉCNICO LABORAL EN AUXILIAR ADMINISTRATIVO,DIURNA,Empleado,Sin registro,Envigado,50.8,Media,Perfil 1
Masculino,19,18T-TÉCNICO LABORAL EN GASTRONOMÍA,NOCHE,Estudiante básica,EPS Sura,Envigado,50.8,Media,Perfil 3
Masculino,18,22T-TÉCNICO LABORAL EN MARKETING DIGITAL,DIURNA,Estudiante básica,Saludcoop EPS  Organismo Cooperativo,Envigado,50.8,Media,Perfil 1
Masculino,16,25T-TÉCNICO LABORAL EN MECANICA DE MOTOCICLETAS,DIURNA,Estudiante superior,Nueva Promotora de Salud - Nueva EPS,Itagui,50.8,Media,Perfil 3
Masculino,17,18T-TÉCNICO LABORAL EN GASTRONOMÍA,NOCHE,Desempleado,Nueva Promotora de Salud - Nueva EPS,Envigado,50.8,Media,Perfil 2
Masculino,22,21T-TÉCNICO LABORAL EN MANTENIMIENTO DE COMPUTADORES Y REDES LOCALES DE DATOS,NOCHE,Estudiante superior,Nueva Promotora de Salud - Nueva EPS,Envigado,50.8,Media,Perfil 2
Masculino,15,MEDIA TÉCNICA - ORIENTACIÓN VOCACIONAL,MEDIA TÉCNICA,Estudiante básica,EPS Sura,Envigado,50.8,Media,Perfil 1
Femenino,52,07T-TÉCNICO LABORAL EN ATENCION Y CUIDADO DE PERSONAS MAYORES,NOCHE,Independiente,Suramericana,Envigado,50.7,Media,Perfil 2
Masculino,21,17T-TÉCNICO LABORAL EN ENTRENAMIENTO DEPORTIVO,DIURNA,Desempleado,EPS Sura,Envigado,50.7,Media,Perfil 2
Femenino,24,09T-TÉCNICO LABORAL EN AUXILIAR ADMINISTRATIVO,NOCHE,Independiente,SISBEN,Envigado,50.7,Media,Perfil 2
Femenino,61,20T-TÉCNICO LABORAL EN JOYERIA,DIURNA,Independiente,EPS Sura,Medellín,50.7,Media,Perfil 1
Masculino,20,14T-TÉCNICO LABORAL EN CONTABILIDAD,NOCHE,Empleado,ISS EPS,Envigado,50.7,Media,Perfil 1
Masculino,20,25T-TÉCNICO LABORAL EN MECANICA DE MOTOCICLETAS,DIURNA,Empleado,SISBEN,Envigado,50.7,Media,Perfil 1
Masculino,20,18T-TÉCNICO LABORAL EN GASTRONOMÍA,DIURNA,Desempleado,Suramericana,Envigado,50.7,Media,Perfil 1
Femenino,33,22T-TÉCNICO LABORAL EN MARKETING DIGITAL,NOCHE,Desempleado,Susalud,Envigado,50.7,Media,Perfil 1
Masculino,15,MEDIA TÉCNICA - ORIENTACIÓN VOCACIONAL,MEDIA TÉCNICA,Estudiante básica,Salud Total EPS,Envigado,50.7,Media,Perfil 1
Masculino,21,29T-TÉCNICO LABORAL EN PANADERIA Y REPOSTERIA,DIURNA,Estudiante superior,Sin registro,Envigado,50.7,Media,Perfil 2
Masculino,40,16T-TÉCNICO LABORAL EN ELECTRICISTA,NOCHE,Empleado,EPS Sura,Envigado,50.7,Media,Perfil 2
Femenino,65,20T-TÉCNICO LABORAL EN JOYERIA,DIURNA,Independiente,Coomeva EPS,Envigado,50.7,Media,Perfil 2
Masculino,37,EXTENSIÓN MANIPULACIÓN DE ALIMENTOS,DIURNA,Sin registro,Sin registro,Envigado,50.7,Media,Perfil 3
Masculino,28,EXTENSIÓN - BIOSEGURIDAD,DIURNA,Sin registro,Sin registro,Itagui,50.7,Media,Perfil 1
Masculino,19,16T-TÉCNICO LABORAL EN ELECTRICISTA,NOCHE,Desempleado,EPS Sura,Envigado,50.6,Media,Perfil 1
Masculino,21,22T-TÉCNICO LABORAL EN MARKETING DIGITAL,DIURNA,Estudiante básica,EPS Sura,Envigado,50.6,Media,Perfil 1
Femenino,23,EXTENSIÓN MANIPULACIÓN DE ALIMENTOS,DIURNA,Sin registro,Sin registro,Medellín,50.6,Media,Perfil 2
Femenino,23,EXTENSIÓN - BIOSEGURIDAD,DIURNA,Sin registro,Sin registro,Medellín,50.6,Media,Perfil 1
Femenino,23,EXTENSIÓN - BIOSEGURIDAD,DIURNA,Sin registro,Sin registro,Medellín,50.6,Media,Perfil 1
Femenino,23,EXTENSIÓN - BIOSEGURIDAD,DIURNA,Sin registro,Sin registro,Medellín,50.6,Media,Perfil 3
Masculino,14,MEDIA TÉCNICA TÉCNICO EN MARKETING Y VENTA DE PRODUCTOS Y SERVICIOS,MEDIA TÉCNICA,Estudiante básica,Policía Nacional,Envigado,50.6,Media,Perfil 1
Masculino,21,28T-TÉCNICO LABORAL EN PANADERIA (Estudiantes Antiguos),NOCHE,Desempleado,EPS Sura,Itagui,50.6,Media,Perfil 3
Masculino,18,16T-TÉCNICO LABORAL EN ELECTRICISTA,NOCHE,Estudiante básica,EPS Sura,Envigado,50.6,Media,Perfil 1
Masculino,31,EXTENSIÓN EXCEL AVANZADO,DIURNA,Sin registro,Sin registro,Envigado,50.6,Media,Perfil 2
Masculino,31,EXTENSIÓN - BIOSEGURIDAD,DIURNA,Sin registro,Sin registro,Envigado,50.6,Media,Perfil 2
Masculino,62,18T-TÉCNICO LABORAL EN GASTRONOMÍA,NOCHE,Estudiante básica,EPS Sura,Envigado,50.6,Media,Perfil 3
Masculino,33,17T-TÉCNICO LABORAL EN ENTRENAMIENTO DEPORTIVO,DIURNA,Empleado,EPS Sura,Envigado,50.6,Media,Perfil 1
Masculino,16,MEDIA TÉCNICA TÉCNICO EN MARKETING Y VENTA DE PRODUCTOS Y SERVICIOS,MEDIA TÉCNICA,Estudiante superior,EPS Sura,Envigado,50.6,Media,Perfil 3
Masculino,17,36T -  TÉCNICO LABORAL EN AUXILIAR ANÁLISIS Y PROGRAMACIÓN DE SOFTWARE,NOCHE,Estudiante básica,Sin registro,Envigado,50.6,Media,Perfil 2
Femenino,32,14T-TÉCNICO LABORAL EN CONTABILIDAD,NOCHE,Desempleado,Savia Salud,Envigado,50.6,Media,Perfil 1
Masculino,19,24T-TÉCNICO LABORAL EN MECANICA AUTOMOTRIZ (Estudiantes Antiguos),DIURNA,Estudiante superior,EPS Sura,Envigado,50.5,Media,Perfil 2
Masculino,15,MEDIA TECNICA MARKETING DIGITAL,MEDIA TÉCNICA,Estudiante básica,EPS Sura,Envigado,50.5,Media,Perfil 2
Masculino,15,MEDIA TÉCNICA TÉCNICO EN MARKETING Y VENTA DE PRODUCTOS Y SERVICIOS,MEDIA TÉCNICA,Estudiante básica,EPS Sura,Envigado,50.5,Media,Perfil 3
Femenino,22,EXTENSIÓN - BIOSEGURIDAD,DIURNA,Sin registro,Sin registro,Medellín,50.5,Media,Perfil 1
Masculino,21,01-V- TÉCNICO LABORAL EN MARKETING DIGITAL A DISTANCIA,NOCHE,Estudiante básica,EPS Sura,Envigado,50.5,Media,Perfil 1
Femenino,17,22T-TÉCNICO LABORAL EN MARKETING DIGITAL,DIURNA,Sin registro,Nueva Promotora de Salud - Nueva EPS,Envigado,50.5,Media,Perfil 1
Masculino,28,36T -  TÉCNICO LABORAL EN AUXILIAR ANÁLISIS Y PROGRAMACIÓN DE SOFTWARE,NOCHE,Independiente,EPS Sura,Envigado,50.5,Media,Perfil 2
Masculino,35,36T -  TÉCNICO LABORAL EN AUXILIAR ANÁLISIS Y PROGRAMACIÓN DE SOFTWARE,NOCHE,Empleado,Suramericana,Envigado,50.5,Media,Perfil 2
Masculino,19,08T-TÉCNICO LABORAL EN AUTOMOTRIZ,DIURNA,Desempleado,ALIANSALUD EPS S.A.,Envigado,50.5,Media,Perfil 1
Masculino,34,20T-TÉCNICO LABORAL EN JOYERIA,DIURNA,Estudiante superior,EPS Sura,Envigado,50.5,Media,Perfil 1
Femenino,24,EXTENSIÓN - BIOSEGURIDAD,DIURNA,Sin registro,Sin registro,Envigado,50.5,Media,Perfil 1
Masculino,17,36T -  TÉCNICO LABORAL EN AUXILIAR ANÁLISIS Y PROGRAMACIÓN DE SOFTWARE,NOCHE,Desempleado,Nueva Promotora de Salud - Nueva EPS,Envigado,50.5,Media,Perfil 3
Masculino,20,12T-TÉCNICO LABORAL EN AUXILIAR DE RECURSO HUMANO,DIURNA,Estudiante superior,EPS Sura,Envigado,50.5,Media,Perfil 1
Masculino,48,16T-TÉCNICO LABORAL EN ELECTRICISTA,NOCHE,Empleado,Susalud,Envigado,50.5,Media,Perfil 2
Masculino,15,MEDIA TÉCNICA - ORIENTACIÓN VOCACIONAL,MEDIA TÉCNICA,Estudiante básica,EPS Sura,Envigado,50.5,Media,Perfil 3
Masculino,17,MEDIA TÉCNICA - ORIENTACIÓN VOCACIONAL,MEDIA TÉCNICA,Estudiante básica,EPS Sura,Envigado,50.5,Media,Perfil 2
Masculino,15,MEDIA TÉCNICA - ORIENTACIÓN VOCACIONAL,MEDIA TÉCNICA,Estudiante básica,EPS Sura,Envigado,50.5,Media,Perfil 1
Femenino,29,22T-TÉCNICO LABORAL EN MARKETING DIGITAL,NOCHE,Independiente,Salud Total EPS,Envigado,50.5,Media,Perfil 1
Femenino,59,04-V Técnico Laboral Auxiliar Análisis de Datos E Inteligencia Artificial (50% Modalidad Distancia),NOCHE,Desempleado,Suramericana,Envigado,50.4,Media,Perfil 2
Masculino,26,MEDIA TÉCNICA - ORIENTACIÓN VOCACIONAL,MEDIA TÉCNICA,Estudiante básica,Sin registro,Envigado,50.4,Media,Perfil 2
Masculino,20,05-V-Técnico Laboral Auxiliar en Ciberseguridad (50% Modalidad Distancia),NOCHE,Estudiante básica,Savia Salud,Envigado,50.4,Media,Perfil 1
Masculino,21,22T-TÉCNICO LABORAL EN MARKETING DIGITAL,DIURNA,Independiente,EPS Sura,Envigado,50.4,Media,Perfil 1
Masculino,17,MEDIA TECNICA MARKETING DIGITAL,MEDIA TÉCNICA,Estudiante básica,EPS Sura,Medellín,50.4,Media,Perfil 3
Masculino,17,21T-TÉCNICO LABORAL EN MANTENIMIENTO DE COMPUTADORES Y REDES LOCALES DE DATOS,NOCHE,Desempleado,Policía Nacional,Envigado,50.4,Media,Perfil 1
Masculino,30,26T-TÉCNICO LABORAL EN MECÁNICA DE MOTOS  (Estudiantes Antiguos),NOCHE,Sin registro,Sin registro,Itagui,50.4,Media,Perfil 1
Masculino,22,09T-TÉCNICO LABORAL EN AUXILIAR ADMINISTRATIVO,NOCHE,Desempleado,EPS Sura,Envigado,50.4,Media,Perfil 3
Masculino,25,16T-TÉCNICO LABORAL EN ELECTRICISTA,NOCHE,Empleado,EPS Sura,Envigado,50.4,Media,Perfil 1
Femenino,59,18T-TÉCNICO LABORAL EN GASTRONOMÍA,NOCHE,Independiente,Sin registro,Envigado,50.3,Media,Perfil 1
Masculino,27,31T-TÉCNICO LABORAL EN SISTEMAS (Estudiantes Antiguos),NOCHE,Estudiante superior,Savia Salud,Envigado,50.3,Media,Perfil 1
Femenino,23,14T-TÉCNICO LABORAL EN CONTABILIDAD,NOCHE,Empleado,Suramericana,Envigado,50.3,Media,Perfil 3
Masculino,14,MEDIA TÉCNICA TÉCNICO EN MARKETING Y VENTA DE PRODUCTOS Y SERVICIOS,MEDIA TÉCNICA,Estudiante básica,EPS Sura,Envigado,50.3,Media,Perfil 1
Masculino,18,17T-TÉCNICO LABORAL EN ENTRENAMIENTO DEPORTIVO,DIURNA,Estudiante básica,EPS Sura,Envigado,50.2,Media,Perfil 3
Masculino,17,22T-TÉCNICO LABORAL EN MARKETING DIGITAL,NOCHE,Estudiante básica,SISBEN,Envigado,50.2,Media,Perfil 1
Femenino,34,30T-TÉCNICO LABORAL EN EDUCACIÓN PARA LA PRIMERA INFANCIA,NOCHE,Estudiante superior,SISBEN,Envigado,50.2,Media,Perfil 2
Masculino,22,17T-TÉCNICO LABORAL EN ENTRENAMIENTO DEPORTIVO,NOCHE,Desempleado,EPS Sura,Envigado,50.2,Media,Perfil 1
Masculino,14,MEDIA TÉCNICA EN PANADERIA Y REPOSTERIA 2025,MEDIA TÉCNICA,Estudiante básica,EPS Sura,Envigado,50.2,Media,Perfil 3
Masculino,18,MEDIA TÉCNICA - ORIENTACIÓN VOCACIONAL,MEDIA TÉCNICA,Estudiante básica,EPS Sura,Envigado,50.2,Media,Perfil 2
Masculino,19,17T-TÉCNICO LABORAL EN ENTRENAMIENTO DEPORTIVO,DIURNA,Estudiante superior,EPS Sura,Sabaneta,50.2,Media,Perfil 1
Masculino,19,23T-TÉCNICO LABORAL EN MARKETING Y VENTA DE PRODUCTOS Y SERVICIOS,NOCHE,Empleado,Suramericana,Envigado,50.2,Media,Perfil 3
Masculino,18,18T-TÉCNICO LABORAL EN GASTRONOMÍA,DIURNA,Estudiante básica,EPS Sura,Envigado,50.2,Media,Perfil 3
Masculino,21,04-V Técnico Laboral Auxiliar Análisis de Datos E Inteligencia Artificial (50% Modalidad Distancia),NOCHE,Estudiante básica,Sanitas EPS,Envigado,50.2,Media,Perfil 1
Femenino,25,EXTENSIÓN MANIPULACIÓN DE ALIMENTOS,DIURNA,Sin registro,Sin registro,Medellín,50.2,Media,Perfil 2
Femenino,25,EXTENSIÓN - BIOSEGURIDAD,DIURNA,Sin registro,Sin registro,Medellín,50.2,Media,Perfil 2
Masculino,19,21T-TÉCNICO LABORAL EN MANTENIMIENTO DE COMPUTADORES Y REDES LOCALES DE DATOS,NOCHE,Independiente,EPS Sura,Envigado,50.2,Media,Perfil 1
Masculino,18,MEDIA TECNICA MARKETING DIGITAL,MEDIA TÉCNICA,Estudiante superior,EPS Sura,Envigado,50.2,Media,Perfil 2
Masculino,18,22T-TÉCNICO LABORAL EN MARKETING DIGITAL,DIURNA,Estudiante básica,EPS Sura,Sabaneta,50.2,Media,Perfil 2
Masculino,19,EXTENSIÓN - BIOSEGURIDAD,DIURNA,Estudiante superior,Savia Salud,Envigado,50.1,Media,Perfil 2
Masculino,18,14T-TÉCNICO LABORAL EN CONTABILIDAD,DIURNA,Desempleado,Nueva Promotora de Salud - Nueva EPS,Envigado,50.1,Media,Perfil 1
Masculino,17,14T-TÉCNICO LABORAL EN CONTABILIDAD,DIURNA,Estudiante superior,Sanidad Militar,Fredonia,50.1,Media,Perfil 2
Masculino,17,31T-TÉCNICO LABORAL EN SISTEMAS (Estudiantes Antiguos),NOCHE,Estudiante básica,Coomeva EPS,Envigado,50.1,Media,Perfil 2
Masculino,16,MEDIA TÉCNICA TÉCNICO EN MARKETING Y VENTA DE PRODUCTOS Y SERVICIOS,MEDIA TÉCNICA,Estudiante superior,EPS Sura,Envigado,50.1,Media,Perfil 1
Masculino,17,08T-TÉCNICO LABORAL EN AUTOMOTRIZ,DIURNA,Estudiante superior,Savia Salud,Envigado,50.1,Media,Perfil 3
Masculino,21,05-V-Técnico Laboral Auxiliar en Ciberseguridad (50% Modalidad Distancia),NOCHE,Desempleado,EPS Sura,Envigado,50.1,Media,Perfil 1
Masculino,19,12T-TÉCNICO LABORAL EN AUXILIAR DE RECURSO HUMANO,DIURNA,Estudiante básica,SISBEN,Envigado,50.1,Media,Perfil 2
Masculino,20,17T-TÉCNICO LABORAL EN ENTRENAMIENTO DEPORTIVO,NOCHE,Desempleado,Sin registro,Envigado,50.0,Media,Perfil 3
Femenino,28,12T-TÉCNICO LABORAL EN AUXILIAR DE RECURSO HUMANO,NOCHE,Empleado,Sanitas EPS,Envigado,50.0,Media,Perfil 1
Masculino,17,22T-TÉCNICO LABORAL EN MARKETING DIGITAL,NOCHE,Estudiante superior,EPS Sura,Envigado,50.0,Media,Perfil 1
Masculino,20,08T-TÉCNICO LABORAL EN AUTOMOTRIZ,NOCHE,Empleado,Salud Total EPS,Caldas,50.0,Media,Perfil 1
Femenino,23,09T-TÉCNICO LABORAL EN AUXILIAR ADMINISTRATIVO,NOCHE,Sin registro,EPS Sura,Envigado,50.0,Media,Perfil 3
Femenino,42,14T-TÉCNICO LABORAL EN CONTABILIDAD,NOCHE,Independiente,Savia Salud,Envigado,50.0,Media,Perfil 2
Masculino,31,FORMACIÓN EN CONOCIMIENTOS ACADÉMICOS PARA LA ACTUALIZACIÓN DEL DESEMPEÑO DOCENTE CEFIT,NOCHE,Sin registro,Sin registro,Sabaneta,50.0,Media,Perfil 3
Masculino,20,22T-TÉCNICO LABORAL EN MARKETING DIGITAL,NOCHE,Desempleado,EPS Sura,Envigado,50.0,Media,Perfil 3
Masculino,20,25T-TÉCNICO LABORAL EN MECANICA DE MOTOCICLETAS,NOCHE,Desempleado,EPS Sura,Envigado,50.0,Media,Perfil 2
Masculino,20,23T-TÉCNICO LABORAL EN MARKETING Y VENTA DE PRODUCTOS Y SERVICIOS,NOCHE,Desempleado,EPS Sura,Envigado,50.0,Media,Perfil 1
Masculino,16,MEDIA TECNICA MARKETING DIGITAL,MEDIA TÉCNICA,Estudiante básica,EPS Sura,Envigado,50.0,Media,Perfil 3
Masculino,16,MEDIA TÉCNICA TÉCNICO EN MARKETING Y VENTA DE PRODUCTOS Y SERVICIOS,MEDIA TÉCNICA,Estudiante básica,EPS Sura,Envigado,50.0,Media,Perfil 3
Masculino,22,16T-TÉCNICO LABORAL EN ELECTRICISTA,NOCHE,Desempleado,EPS Sura,Envigado,50.0,Media,Perfil 3
Masculino,16,MEDIA TÉCNICA - ORIENTACIÓN VOCACIONAL,MEDIA TÉCNICA,Estudiante básica,EPS Sura,Envigado,50.0,Media,Perfil 2
Masculino,16,MEDIA TÉCNICA - ORIENTACIÓN VOCACIONAL,MEDIA TÉCNICA,Estudiante básica,EPS Sura,Envigado,50.0,Media,Perfil 1
Femenino,27,12T-TÉCNICO LABORAL EN AUXILIAR DE RECURSO HUMANO,NOCHE,Empleado,Suramericana,Envigado,50.0,Media,Perfil 1
Masculino,19,25T-TÉCNICO LABORAL EN MECANICA DE MOTOCICLETAS,DIURNA,Estudiante superior,Sin registro,Envigado,50.0,Media,Perfil 3
Masculino,18,08T-TÉCNICO LABORAL EN AUTOMOTRIZ,NOCHE,Desempleado,EPS Sura,Envigado,49.9,Media,Perfil 1
Femenino,22,18T-TÉCNICO LABORAL EN GASTRONOMÍA,NOCHE,Estudiante superior,Fundación Medico Preventiva,Envigado,49.9,Media,Perfil 1
Masculino,50,17T-TÉCNICO LABORAL EN ENTRENAMIENTO DEPORTIVO,NOCHE,Empleado,EPS Sura,Envigado,49.9,Media,Perfil 2
Masculino,52,16T-TÉCNICO LABORAL EN ELECTRICISTA,NOCHE,Desempleado,EPS Sura,Bello,49.9,Media,Perfil 1
Femenino,17,MEDIA TÉCNICA EN PANADERIA Y REPOSTERIA 2025,MEDIA TÉCNICA,Sin registro,Savia Salud,Envigado,49.9,Media,Perfil 3
Masculino,19,25T-TÉCNICO LABORAL EN MECANICA DE MOTOCICLETAS,DIURNA,Independiente,EPS Sura,Envigado,49.9,Media,Perfil 2
Masculino,16,18T-TÉCNICO LABORAL EN GASTRONOMÍA,NOCHE,Estudiante básica,EPS Sura,Envigado,49.9,Media,Perfil 3
Masculino,15,36T -  TÉCNICO LABORAL EN AUXILIAR ANÁLISIS Y PROGRAMACIÓN DE SOFTWARE,NOCHE,Estudiante básica,EPS Sura,Envigado,49.9,Media,Perfil 2
Femenino,19,14T-TÉCNICO LABORAL EN CONTABILIDAD,NOCHE,Estudiante superior,SISBEN,Envigado,49.9,Media,Perfil 3
Masculino,60,EXTENSIÓN - ESTANDARES DE INSPECCION SANITARIA,DIURNA,Sin registro,Sin registro,Envigado,49.9,Media,Perfil 2
Masculino,60,EXTENSIÓN MANIPULACIÓN DE ALIMENTOS,DIURNA,Sin registro,Sin registro,Envigado,49.9,Media,Perfil 3
Femenino,29,09T-TÉCNICO LABORAL EN AUXILIAR ADMINISTRATIVO,DIURNA,Desempleado,SISBEN,Envigado,49.9,Media,Perfil 3
Masculino,17,36T -  TÉCNICO LABORAL EN AUXILIAR ANÁLISIS Y PROGRAMACIÓN DE SOFTWARE,NOCHE,Independiente,EPS Sura,Envigado,49.8,Media,Perfil 2
Femenino,24,22T-TÉCNICO LABORAL EN MARKETING DIGITAL,NOCHE,Independiente,Sin registro,Envigado,49.8,Media,Perfil 2
Masculino,72,07T-TÉCNICO LABORAL EN ATENCION Y CUIDADO DE PERSONAS MAYORES,NOCHE,Independiente,Nueva Promotora de Salud - Nueva EPS,Envigado,49.8,Media,Perfil 1
Masculino,21,16T-TÉCNICO LABORAL EN ELECTRICISTA,NOCHE,Empleado,Savia Salud,Envigado,49.8,Media,Perfil 2
Masculino,41,EXTENSIÓN MANIPULACIÓN DE ALIMENTOS,DIURNA,Desempleado,EPS Sura,Envigado,49.8,Media,Perfil 2
Masculino,33,EXTENSIÓN - BIOSEGURIDAD,DIURNA,Sin registro,Sin registro,Envigado,49.8,Media,Perfil 2
Masculino,33,EXTENSIÓN - BIOSEGURIDAD,DIURNA,Sin registro,Sin registro,Envigado,49.8,Media,Perfil 1
Masculino,33,EXTENSIÓN MANIPULACIÓN DE ALIMENTOS,DIURNA,Sin registro,Sin registro,Envigado,49.8,Media,Perfil 1
Masculino,33,EXTENSIÓN EXCEL AVANZADO,DIURNA,Sin registro,Sin registro,Envigado,49.8,Media,Perfil 1
Femenino,28,EXTENSIÓN MANIPULACIÓN DE ALIMENTOS,DIURNA,Sin registro,Sin registro,Envigado,49.8,Media,Perfil 1
Masculino,34,EXTENSIÓN - BIOSEGURIDAD,DIURNA,Sin registro,Sin registro,Envigado,49.8,Media,Perfil 3
Masculino,34,EXTENSIÓN - BIOSEGURIDAD,DIURNA,Sin registro,Sin registro,Envigado,49.8,Media,Perfil 3
Masculino,14,MEDIA TÉCNICA - ORIENTACIÓN VOCACIONAL,MEDIA TÉCNICA,Estudiante básica,Savia Salud,Envigado,49.8,Media,Perfil 1
Masculino,32,EXTENSIÓN - BIOSEGURIDAD,DIURNA,Sin registro,Sin registro,Envigado,49.8,Media,Perfil 2
Masculino,22,31T-TÉCNICO LABORAL EN SISTEMAS (Estudiantes Antiguos),NOCHE,Estudiante superior,SISBEN,Envigado,49.8,Media,Perfil 2
Femenino,19,30T-TÉCNICO LABORAL EN EDUCACIÓN PARA LA PRIMERA INFANCIA,NOCHE,Estudiante superior,SISBEN,Envigado,49.8,Media,Perfil 2
Masculino,21,22T-TÉCNICO LABORAL EN MARKETING DIGITAL,DIURNA,Estudiante básica,Nueva Promotora de Salud - Nueva EPS,Envigado,49.8,Media,Perfil 1
Femenino,32,FORMACIÓN EN CONOCIMIENTOS ACADÉMICOS PARA LA ACTUALIZACIÓN DEL DESEMPEÑO DOCENTE CEFIT,NOCHE,Sin registro,Sin registro,Envigado,49.8,Media,Perfil 2
Masculino,21,17T-TÉCNICO LABORAL EN ENTRENAMIENTO DEPORTIVO,DIURNA,Empleado,SISBEN,Envigado,49.8,Media,Perfil 1
Masculino,18,08T-TÉCNICO LABORAL EN AUTOMOTRIZ,NOCHE,Desempleado,EPS Sura,Envigado,49.8,Media,Perfil 1
Femenino,25,14T-TÉCNICO LABORAL EN CONTABILIDAD,NOCHE,Independiente,EPS Sura,Envigado,49.7,Media,Perfil 1
Femenino,24,22T-TÉCNICO LABORAL EN MARKETING DIGITAL,NOCHE,Independiente,EPS Sura,Envigado,49.7,Media,Perfil 1
Masculino,37,04-V Técnico Laboral Auxiliar Análisis de Datos E Inteligencia Artificial (50% Modalidad Distancia),DIURNA,Independiente,EPS Sura,Envigado,49.7,Media,Perfil 2
Femenino,25,18T-TÉCNICO LABORAL EN GASTRONOMÍA,NOCHE,Independiente,Savia Salud,Sabaneta,49.7,Media,Perfil 1
Masculino,38,29T-TÉCNICO LABORAL EN PANADERIA Y REPOSTERIA,NOCHE,Empleado,EPS Sura,Envigado,49.7,Media,Perfil 3
Masculino,24,29T-TÉCNICO LABORAL EN PANADERIA Y REPOSTERIA,DIURNA,Empleado,EPS Sura,Envigado,49.7,Media,Perfil 1
Masculino,23,08T-TÉCNICO LABORAL EN AUTOMOTRIZ,NOCHE,Empleado,EPS Sura,Medellín,49.7,Media,Perfil 3
Femenino,26,EXTENSIÓN COMPETENCIAS COMPORTAMENTALES PARA EL TRABAJO REMOTO EN CASA,DIURNA,Sin registro,Sin registro,Medellín,49.6,Media,Perfil 2
Femenino,26,EXTENSIÓN HERRAMIENTAS TICS Y COMPETENCIAS COMPORTAMENTALES PARA EL TRABAJO REMOTO EN CASA,DIURNA,Sin registro,Sin registro,Medellín,49.6,Media,Perfil 1
Masculino,17,09T-TÉCNICO LABORAL EN AUXILIAR ADMINISTRATIVO,DIURNA,Estudiante superior,EPS Sura,Envigado,49.6,Media,Perfil 2
Masculino,17,16T-TÉCNICO LABORAL EN ELECTRICISTA,NOCHE,Estudiante básica,Nueva Promotora de Salud - Nueva EPS,Envigado,49.6,Media,Perfil 2
Femenino,31,14T-TÉCNICO LABORAL EN CONTABILIDAD,NOCHE,Independiente,EPS Sura,Envigado,49.6,Media,Perfil 2
Femenino,48,17T-TÉCNICO LABORAL EN ENTRENAMIENTO DEPORTIVO,NOCHE,Empleado,EPS Sura,Envigado,49.6,Media,Perfil 1
Masculino,31,09T-TÉCNICO LABORAL EN AUXILIAR ADMINISTRATIVO,NOCHE,Desempleado,EPS Sura,Itagui,49.6,Media,Perfil 3
Masculino,35,EXTENSIÓN - BIOSEGURIDAD,DIURNA,Sin registro,Sin registro,Envigado,49.6,Media,Perfil 2
Femenino,38,22T-TÉCNICO LABORAL EN MARKETING DIGITAL,NOCHE,Independiente,EPS Sura,Envigado,49.6,Media,Perfil 2
Masculino,18,09T-TÉCNICO LABORAL EN AUXILIAR ADMINISTRATIVO,DIURNA,Desempleado,EPS Sura,Envigado,49.6,Media,Perfil 2
Masculino,19,08T-TÉCNICO LABORAL EN AUTOMOTRIZ,DIURNA,Desempleado,EPS Sura,Envigado,49.6,Media,Perfil 3
Femenino,26,FORMACIÓN EN CONOCIMIENTOS ACADÉMICOS PARA LA ACTUALIZACIÓN DEL DESEMPEÑO DOCENTE CEFIT,NOCHE,Sin registro,Sin registro,Medellín,49.6,Media,Perfil 3
Masculino,28,09T-TÉCNICO LABORAL EN AUXILIAR ADMINISTRATIVO,DIURNA,Empleado,EPS Sura,Envigado,49.5,Media,Perfil 2
Femenino,24,01-V- TÉCNICO LABORAL EN MARKETING DIGITAL A DISTANCIA,NOCHE,Sin registro,Sin registro,Envigado,49.5,Media,Perfil 1
Masculino,36,29T-TÉCNICO LABORAL EN PANADERIA Y REPOSTERIA,NOCHE,Independiente,EPS Sura,Envigado,49.5,Media,Perfil 2
Femenino,38,FORMACIÓN EN CONOCIMIENTOS ACADÉMICOS PARA LA ACTUALIZACIÓN DEL DESEMPEÑO DOCENTE CEFIT,NOCHE,Sin registro,Sin registro,Medellín,49.5,Media,Perfil 2
Femenino,38,FORMACIÓN EN CONOCIMIENTOS ACADÉMICOS PARA LA ACTUALIZACIÓN DEL DESEMPEÑO DOCENTE CEFIT,NOCHE,Sin registro,Sin registro,Medellín,49.5,Media,Perfil 3
Femenino,27,EXTENSION HERRAMIENTAS TICS,DIURNA,Sin registro,Sin registro,Medellín,49.5,Media,Perfil 3
Femenino,27,EXTENSIÓN MANIPULACIÓN DE ALIMENTOS,DIURNA,Sin registro,Sin registro,Medellín,49.5,Media,Perfil 3
Masculino,24,37 - TÉCNICO POR COMPETENCIAS ASISTENTE EN ENTRENAMIENTO FÍSICO Y DEPORTIVO,DIURNA,Independiente,EPS Sura,Envigado,49.5,Media,Perfil 2
Femenino,28,EXTENSIÓN - BIOSEGURIDAD,DIURNA,Sin registro,Sin registro,Medellín,49.5,Media,Perfil 1
Femenino,33,23T-TÉCNICO LABORAL EN MARKETING Y VENTA DE PRODUCTOS Y SERVICIOS,NOCHE,Independiente,EPS Sura,Envigado,49.5,Media,Perfil 2
Femenino,61,07T-TÉCNICO LABORAL EN ATENCION Y CUIDADO DE PERSONAS MAYORES,NOCHE,Desempleado,SISBEN V2 - Nivel 1,Envigado,49.5,Media,Perfil 2
Femenino,25,EXTENSIÓN - BIOSEGURIDAD,DIURNA,Sin registro,Sin registro,Envigado,49.4,Media,Perfil 2
Femenino,25,EXTENSIÓN - BIOSEGURIDAD,DIURNA,Sin registro,Sin registro,Envigado,49.4,Media,Perfil 3
Masculino,19,MEDIA TECNICA TECNICO LABORAL EN ENTRENAMIENTO DEPORTIVO,MEDIA TÉCNICA,Estudiante básica,Salud Total EPS,Envigado,49.4,Media,Perfil 1
Femenino,57,07T-TÉCNICO LABORAL EN ATENCION Y CUIDADO DE PERSONAS MAYORES,NOCHE,Independiente,EPS Sura,Envigado,49.4,Media,Perfil 3
Femenino,15,MEDIA TECNICA EN TÉCNICO LABORAL EN EDUCACIÓN PARA LA PRIMERA INFANCIA,MEDIA TÉCNICA,Sin registro,Sin registro,Envigado,49.4,Media,Perfil 2
Femenino,17,MEDIA TÉCNICA TÉCNICO EN MARKETING Y VENTA DE PRODUCTOS Y SERVICIOS,MEDIA TÉCNICA,Sin registro,Sin registro,Envigado,49.4,Media,Perfil 2
Femenino,17,MEDIA TÉCNICA TÉCNICO EN MARKETING Y VENTA DE PRODUCTOS Y SERVICIOS,MEDIA TÉCNICA,Sin registro,Sin registro,Envigado,49.4,Media,Perfil 1
Femenino,16,MEDIA TÉCNICA TÉCNICO EN MARKETING Y VENTA DE PRODUCTOS Y SERVICIOS,MEDIA TÉCNICA,Sin registro,Sin registro,Envigado,49.4,Media,Perfil 2
Femenino,16,MEDIA TECNICA EN TÉCNICO LABORAL EN EDUCACIÓN PARA LA PRIMERA INFANCIA,MEDIA TÉCNICA,Sin registro,Sin registro,Envigado,49.4,Media,Perfil 2
Masculino,22,25T-TÉCNICO LABORAL EN MECANICA DE MOTOCICLETAS,DIURNA,Desempleado,EPS Sura,Envigado,49.4,Media,Perfil 1
Masculino,19,31T-TÉCNICO LABORAL EN SISTEMAS (Estudiantes Antiguos),NOCHE,Estudiante superior,Coomeva EPS,Sabaneta,49.4,Media,Perfil 1
Masculino,16,14T-TÉCNICO LABORAL EN CONTABILIDAD,NOCHE,Estudiante básica,EPS Sura,Envigado,49.4,Media,Perfil 1
Masculino,45,FORMACIÓN EN CONOCIMIENTOS ACADÉMICOS PARA LA ACTUALIZACIÓN DEL DESEMPEÑO DOCENTE CEFIT,NOCHE,Sin registro,Sin registro,Envigado,49.4,Media,Perfil 1
Femenino,22,09T-TÉCNICO LABORAL EN AUXILIAR ADMINISTRATIVO,DIURNA,Desempleado,EPS Sura,Sabaneta,49.4,Media,Perfil 3
Femenino,26,07T-TÉCNICO LABORAL EN ATENCION Y CUIDADO DE PERSONAS MAYORES,NOCHE,Sin registro,Savia Salud,Envigado,49.4,Media,Perfil 3
Femenino,17,29T-TÉCNICO LABORAL EN PANADERIA Y REPOSTERIA,DIURNA,Sin registro,Sanitas EPS,Envigado,49.3,Media,Perfil 2
Femenino,59,29T-TÉCNICO LABORAL EN PANADERIA Y REPOSTERIA,DIURNA,Independiente,SISBEN V2 - Nivel 1,Envigado,49.3,Media,Perfil 1
Femenino,21,14T-TÉCNICO LABORAL EN CONTABILIDAD,NOCHE,Desempleado,SISBEN,Envigado,49.3,Media,Perfil 2
Masculino,35,FORMACIÓN EN CONOCIMIENTOS ACADÉMICOS PARA LA ACTUALIZACIÓN DEL DESEMPEÑO DOCENTE CEFIT,NOCHE,Sin registro,Sin registro,Itagui,49.3,Media,Perfil 3
Masculino,28,FORMACIÓN EN CONOCIMIENTOS ACADÉMICOS PARA LA ACTUALIZACIÓN DEL DESEMPEÑO DOCENTE CEFIT,NOCHE,Empleado,EPS Sura,Itagui,49.3,Media,Perfil 1
Femenino,49,09T-TÉCNICO LABORAL EN AUXILIAR ADMINISTRATIVO,DIURNA,Independiente,Sanidad Militar,Envigado,49.3,Media,Perfil 2
Masculino,16,13T-TÉCNICO LABORAL EN AUXILIAR EN SEGURIDAD OCUPACIONAL,NOCHE,Estudiante básica,Suramericana,Envigado,49.3,Media,Perfil 3
Femenino,20,EXTENSIÓN - BIOSEGURIDAD,DIURNA,Sin registro,Sin registro,Envigado,49.3,Media,Perfil 2
Femenino,20,EXTENSIÓN - BIOSEGURIDAD,DIURNA,Sin registro,Sin registro,Envigado,49.3,Media,Perfil 1
Femenino,21,EXTENSIÓN - BIOSEGURIDAD,DIURNA,Sin registro,Sin registro,Envigado,49.3,Media,Perfil 1
Femenino,21,EXTENSIÓN - BIOSEGURIDAD,DIURNA,Sin registro,Sin registro,Envigado,49.3,Media,Perfil 2
Masculino,41,13T-TÉCNICO LABORAL EN AUXILIAR EN SEGURIDAD OCUPACIONAL,NOCHE,Empleado,Sanitas EPS,Envigado,49.3,Media,Perfil 1
Femenino,16,MEDIA TECNICA MARKETING DIGITAL,MEDIA TÉCNICA,Estudiante básica,Sin registro,Medellín,49.3,Media,Perfil 2
Masculino,43,26T-TÉCNICO LABORAL EN MECÁNICA DE MOTOS  (Estudiantes Antiguos),NOCHE,Sin registro,Sin registro,Caldas,49.3,Media,Perfil 1
Femenino,24,09T-TÉCNICO LABORAL EN AUXILIAR ADMINISTRATIVO,NOCHE,Estudiante superior,Savia Salud,Envigado,49.3,Media,Perfil 2
Femenino,35,FORMACIÓN EN CONOCIMIENTOS ACADÉMICOS PARA LA ACTUALIZACIÓN DEL DESEMPEÑO DOCENTE CEFIT,NOCHE,Empleado,EPS Sura,Envigado,49.3,Media,Perfil 1
Masculino,15,MEDIA TÉCNICA - ORIENTACIÓN VOCACIONAL,MEDIA TÉCNICA,Estudiante básica,EPS Sura,Envigado,49.2,Media,Perfil 2
Masculino,28,EXTENSIÓN - BIOSEGURIDAD,DIURNA,Sin registro,Sin registro,Bello,49.2,Media,Perfil 2
Masculino,39,16T-TÉCNICO LABORAL EN ELECTRICISTA,NOCHE,Empleado,EPS Sura,Envigado,49.2,Media,Perfil 1
Femenino,32,22T-TÉCNICO LABORAL EN MARKETING DIGITAL,DIURNA,Independiente,Suramericana,Envigado,49.2,Media,Perfil 1
Masculino,26,09T-TÉCNICO LABORAL EN AUXILIAR ADMINISTRATIVO,NOCHE,Independiente,EPS Sura,Envigado,49.2,Media,Perfil 1
Femenino,29,EXTENSIÓN - BIOSEGURIDAD,DIURNA,Sin registro,Sin registro,Medellín,49.2,Media,Perfil 1
Femenino,29,EXTENSIÓN HERRAMIENTAS TICS MEDIO,DIURNA,Sin registro,Sin registro,Medellín,49.2,Media,Perfil 2
Femenino,49,30T-TÉCNICO LABORAL EN EDUCACIÓN PARA LA PRIMERA INFANCIA,NOCHE,Independiente,SISBEN,Envigado,49.2,Media,Perfil 1
Masculino,35,04-V Técnico Laboral Auxiliar Análisis de Datos E Inteligencia Artificial (50% Modalidad Distancia),NOCHE,Empleado,Suramericana,Medellín,49.2,Media,Perfil 1
Masculino,18,MEDIA TECNICA MARKETING DIGITAL,MEDIA TÉCNICA,Estudiante básica,EPS Sura,Envigado,49.2,Media,Perfil 3
Masculino,49,29T-TÉCNICO LABORAL EN PANADERIA Y REPOSTERIA,DIURNA,Independiente,Susalud,Sabaneta,49.2,Media,Perfil 2
Masculino,18,14T-TÉCNICO LABORAL EN CONTABILIDAD,DIURNA,Desempleado,EPS Sura,Envigado,49.2,Media,Perfil 1
Masculino,19,14T-TÉCNICO LABORAL EN CONTABILIDAD,DIURNA,Desempleado,EPS Sura,Envigado,49.2,Media,Perfil 1
Masculino,17,22T-TÉCNICO LABORAL EN MARKETING DIGITAL,DIURNA,Desempleado,EPS Sura,Envigado,49.2,Media,Perfil 1
Masculino,19,22T-TÉCNICO LABORAL EN MARKETING DIGITAL,DIURNA,Desempleado,EPS Sura,Envigado,49.2,Media,Perfil 3
Masculino,24,28T-TÉCNICO LABORAL EN PANADERIA (Estudiantes Antiguos),NOCHE,Estudiante superior,EPS Sura,Envigado,49.2,Media,Perfil 2
Masculino,20,09T-TÉCNICO LABORAL EN AUXILIAR ADMINISTRATIVO,DIURNA,Desempleado,EPS Sura,Envigado,49.2,Media,Perfil 1
Masculino,21,23T-TÉCNICO LABORAL EN MARKETING Y VENTA DE PRODUCTOS Y SERVICIOS,DIURNA,Estudiante superior,Sanitas EPS,Envigado,49.2,Media,Perfil 1
Masculino,25,26T-TÉCNICO LABORAL EN MECÁNICA DE MOTOS  (Estudiantes Antiguos),DIURNA,Desempleado,EPS Sura,Envigado,49.1,Media,Perfil 2
Femenino,17,EXTENSIÓN - BIOSEGURIDAD,DIURNA,Sin registro,Sin registro,Envigado,49.1,Media,Perfil 1
Femenino,18,EXTENSIÓN MANIPULACIÓN DE ALIMENTOS,DIURNA,Sin registro,Sin registro,Envigado,49.1,Media,Perfil 2
Femenino,18,EXTENSIÓN MANIPULACIÓN DE ALIMENTOS,DIURNA,Sin registro,Sin registro,Envigado,49.1,Media,Perfil 1
Femenino,18,EXTENSIÓN MANIPULACIÓN DE ALIMENTOS,DIURNA,Sin registro,Sin registro,Envigado,49.1,Media,Perfil 3
Masculino,24,22T-TÉCNICO LABORAL EN MARKETING DIGITAL,DIURNA,Independiente,EPS Sura,Envigado,49.1,Media,Perfil 2
Masculino,19,23T-TÉCNICO LABORAL EN MARKETING Y VENTA DE PRODUCTOS Y SERVICIOS,NOCHE,Estudiante superior,EPS Sura,Envigado,49.1,Media,Perfil 2
Masculino,48,16T-TÉCNICO LABORAL EN ELECTRICISTA,NOCHE,Independiente,EPS Sura,Envigado,49.1,Media,Perfil 2
Masculino,23,36T -  TÉCNICO LABORAL EN AUXILIAR ANÁLISIS Y PROGRAMACIÓN DE SOFTWARE,NOCHE,Estudiante superior,EPS Sura,Envigado,49.1,Media,Perfil 2
Femenino,30,09T-TÉCNICO LABORAL EN AUXILIAR ADMINISTRATIVO,NOCHE,Estudiante superior,Salud Total EPS,Envigado,49.1,Media,Perfil 3
Femenino,36,12T-TÉCNICO LABORAL EN AUXILIAR DE RECURSO HUMANO,NOCHE,Desempleado,Suramericana,Envigado,49.1,Media,Perfil 1
Masculino,25,17T-TÉCNICO LABORAL EN ENTRENAMIENTO DEPORTIVO,NOCHE,Independiente,Coomeva EPS,Envigado,49.1,Media,Perfil 1
Masculino,21,18T-TÉCNICO LABORAL EN GASTRONOMÍA,DIURNA,Estudiante básica,EPS Sura,Medellín,49.1,Media,Perfil 1
Masculino,33,21T-TÉCNICO LABORAL EN MANTENIMIENTO DE COMPUTADORES Y REDES LOCALES DE DATOS,NOCHE,Empleado,EPS Sura,Envigado,49.1,Media,Perfil 2
Femenino,20,13T-TÉCNICO LABORAL EN AUXILIAR EN SEGURIDAD OCUPACIONAL,NOCHE,Desempleado,Colsanitas,Envigado,49.1,Media,Perfil 1
Masculino,47,18T-TÉCNICO LABORAL EN GASTRONOMÍA,DIURNA,Empleado,Nueva Promotora de Salud - Nueva EPS,Envigado,49.1,Media,Perfil 3
Masculino,19,08T-TÉCNICO LABORAL EN AUTOMOTRIZ,DIURNA,Estudiante superior,Savia Salud,Envigado,49.0,Media,Perfil 1
Masculino,36,EXTENSIÓN - BIOSEGURIDAD,DIURNA,Sin registro,Sin registro,Envigado,49.0,Media,Perfil 2
Masculino,48,17T-TÉCNICO LABORAL EN ENTRENAMIENTO DEPORTIVO,NOCHE,Empleado,Sin registro,Medellín,49.0,Media,Perfil 1
Masculino,23,25T-TÉCNICO LABORAL EN MECANICA DE MOTOCICLETAS,DIURNA,Independiente,EPS Sura,Envigado,49.0,Media,Perfil 3
Masculino,18,19T-TÉCNICO LABORAL EN GASTRONOMIA INTERNACIONAL,DIURNA,Desempleado,Nueva Promotora de Salud - Nueva EPS,Envigado,49.0,Media,Perfil 2
Masculino,35,EXTENSIÓN - BIOSEGURIDAD,DIURNA,Independiente,EPS Sura,Envigado,49.0,Media,Perfil 3
Masculino,18,25T-TÉCNICO LABORAL EN MECANICA DE MOTOCICLETAS,DIURNA,Estudiante superior,Salud Total EPS,Envigado,49.0,Media,Perfil 1
Masculino,38,EXTENSIÓN - OFFICE 365 VIRTUAL,DIURNA,Sin registro,Sin registro,Envigado,49.0,Media,Perfil 2
Masculino,37,EXTENSIÓN - BIOSEGURIDAD,DIURNA,Sin registro,Sin registro,Envigado,49.0,Media,Perfil 1
Masculino,38,EXTENSIÓN - BIOSEGURIDAD,DIURNA,Sin registro,Sin registro,Envigado,49.0,Media,Perfil 3
Femenino,27,13T-TÉCNICO LABORAL EN AUXILIAR EN SEGURIDAD OCUPACIONAL,NOCHE,Desempleado,Savia Salud,Envigado,49.0,Media,Perfil 2
Masculino,28,16T-TÉCNICO LABORAL EN ELECTRICISTA,NOCHE,Empleado,EPS Sura,Medellín,49.0,Media,Perfil 2
Femenino,30,EXTENSIÓN - BIOSEGURIDAD,DIURNA,Sin registro,Sin registro,Medellín,49.0,Media,Perfil 1
Femenino,30,EXTENSIÓN MANIPULACIÓN DE ALIMENTOS,DIURNA,Sin registro,Sin registro,Medellín,49.0,Media,Perfil 2
Masculino,19,MEDIA TÉCNICA MECÁNICA MOTOS,MEDIA TÉCNICA,Estudiante básica,EPS Sura,Itagui,49.0,Media,Perfil 1
Masculino,15,MEDIA TÉCNICA - ORIENTACIÓN VOCACIONAL,MEDIA TÉCNICA,Estudiante básica,EPS Sura,Envigado,49.0,Media,Perfil 3
Masculino,18,MEDIA TÉCNICA - ORIENTACIÓN VOCACIONAL,MEDIA TÉCNICA,Estudiante básica,EPS Sura,Envigado,49.0,Media,Perfil 3
Femenino,24,30T-TÉCNICO LABORAL EN EDUCACIÓN PARA LA PRIMERA INFANCIA,NOCHE,Desempleado,No afiliado a EPS,Envigado,48.9,Media,Perfil 2
Femenino,23,14T-TÉCNICO LABORAL EN CONTABILIDAD,DIURNA,Desempleado,SISBEN,Envigado,48.9,Media,Perfil 2
Masculino,21,22T-TÉCNICO LABORAL EN MARKETING DIGITAL,DIURNA,Estudiante superior,SISBEN V2 - Nivel 1,Envigado,48.9,Media,Perfil 2
Femenino,19,18T-TÉCNICO LABORAL EN GASTRONOMÍA,DIURNA,Estudiante superior,SISBEN,Envigado,48.9,Media,Perfil 2
Femenino,19,18T-TÉCNICO LABORAL EN GASTRONOMÍA,DIURNA,Estudiante superior,Salud Total EPS,Medellín,48.9,Media,Perfil 2
Masculino,35,04-V Técnico Laboral Auxiliar Análisis de Datos E Inteligencia Artificial (50% Modalidad Distancia),NOCHE,Independiente,EPS Sura,Envigado,48.9,Media,Perfil 2
Femenino,25,EXTENSION HERRAMIENTAS TICS,DIURNA,Sin registro,Sin registro,Medellín,48.9,Media,Perfil 3
Masculino,46,09T-TÉCNICO LABORAL EN AUXILIAR ADMINISTRATIVO,NOCHE,Empleado,EPS Sura,Envigado,48.9,Media,Perfil 2
Femenino,21,18T-TÉCNICO LABORAL EN GASTRONOMÍA,DIURNA,Estudiante superior,MEDIMAS,Envigado,48.9,Media,Perfil 2
Femenino,26,09T-TÉCNICO LABORAL EN AUXILIAR ADMINISTRATIVO,NOCHE,Independiente,Savia Salud,Envigado,48.9,Media,Perfil 1
Femenino,26,EXTENSIÓN - BIOSEGURIDAD,DIURNA,Sin registro,Sin registro,Envigado,48.9,Media,Perfil 3
Femenino,31,EXTENSIÓN - BIOSEGURIDAD,DIURNA,Sin registro,Sin registro,Medellín,48.8,Media,Perfil 2
Femenino,31,EXTENSIÓN - BIOSEGURIDAD,DIURNA,Sin registro,Sin registro,Medellín,48.8,Media,Perfil 1
Femenino,35,20T-TÉCNICO LABORAL EN JOYERIA,DIURNA,Independiente,Sin registro,Envigado,48.8,Media,Perfil 1
Femenino,21,EXTENSIÓN - BIOSEGURIDAD,DIURNA,Estudiante superior,SISBEN,Envigado,48.8,Media,Perfil 2
Masculino,14,MEDIA TÉCNICA - ORIENTACIÓN VOCACIONAL,MEDIA TÉCNICA,Estudiante básica,EPS Sura,Envigado,48.8,Media,Perfil 2
Masculino,15,MEDIA TÉCNICA - ORIENTACIÓN VOCACIONAL,MEDIA TÉCNICA,Estudiante básica,EPS Sura,Envigado,48.8,Media,Perfil 2
Masculino,16,MEDIA TÉCNICA - ORIENTACIÓN VOCACIONAL,MEDIA TÉCNICA,Estudiante básica,EPS Sura,Envigado,48.8,Media,Perfil 1
Masculino,16,MEDIA TÉCNICA - ORIENTACIÓN VOCACIONAL,MEDIA TÉCNICA,Estudiante básica,EPS Sura,Envigado,48.8,Media,Perfil 1
Masculino,15,MEDIA TÉCNICA - ORIENTACIÓN VOCACIONAL,MEDIA TÉCNICA,Estudiante básica,EPS Sura,Envigado,48.8,Media,Perfil 3
Masculino,16,MEDIA TÉCNICA - ORIENTACIÓN VOCACIONAL,MEDIA TÉCNICA,Estudiante básica,EPS Sura,Envigado,48.8,Media,Perfil 3
Masculino,16,MEDIA TÉCNICA - ORIENTACIÓN VOCACIONAL,MEDIA TÉCNICA,Estudiante básica,EPS Sura,Envigado,48.8,Media,Perfil 2
Masculino,14,MEDIA TÉCNICA - ORIENTACIÓN VOCACIONAL,MEDIA TÉCNICA,Estudiante básica,EPS Sura,Envigado,48.8,Media,Perfil 1
Femenino,57,20T-TÉCNICO LABORAL EN JOYERIA,DIURNA,Independiente,EPS Sura,Envigado,48.8,Media,Perfil 1
Femenino,30,05-V-Técnico Laboral Auxiliar en Ciberseguridad (50% Modalidad Distancia),NOCHE,Estudiante superior,Nueva Promotora de Salud - Nueva EPS,Envigado,48.7,Media,Perfil 3
Masculino,41,14T-TÉCNICO LABORAL EN CONTABILIDAD,NOCHE,Independiente,Sin registro,Envigado,48.7,Media,Perfil 3
Masculino,40,EXTENSIÓN - OFFICE 365 VIRTUAL,DIURNA,Sin registro,Sin registro,Envigado,48.7,Media,Perfil 2
Femenino,26,FORMACIÓN EN CONOCIMIENTOS ACADÉMICOS PARA LA ACTUALIZACIÓN DEL DESEMPEÑO DOCENTE CEFIT,NOCHE,Sin registro,Sin registro,Envigado,48.7,Media,Perfil 1
Femenino,26,FORMACIÓN EN CONOCIMIENTOS ACADÉMICOS PARA LA ACTUALIZACIÓN DEL DESEMPEÑO DOCENTE CEFIT,NOCHE,Sin registro,Sin registro,Envigado,48.7,Media,Perfil 1
Femenino,23,14T-TÉCNICO LABORAL EN CONTABILIDAD,NOCHE,Empleado,Suramericana,Envigado,48.7,Media,Perfil 2
Masculino,21,09T-TÉCNICO LABORAL EN AUXILIAR ADMINISTRATIVO,NOCHE,Estudiante superior,EPS Sura,Envigado,48.7,Media,Perfil 2
Femenino,28,EXTENSIÓN MANIPULACIÓN DE ALIMENTOS,DIURNA,Sin registro,Sin registro,Envigado,48.7,Media,Perfil 2
Femenino,28,EXTENSIÓN - BIOSEGURIDAD,DIURNA,Sin registro,Sin registro,Envigado,48.7,Media,Perfil 3
Femenino,27,EXTENSIÓN HERRAMIENTAS TICS MEDIO,DIURNA,Sin registro,Sin registro,Envigado,48.7,Media,Perfil 1
Femenino,27,EXTENSIÓN - BIOSEGURIDAD,DIURNA,Sin registro,Sin registro,Envigado,48.7,Media,Perfil 1
Femenino,27,EXTENSIÓN MANIPULACIÓN DE ALIMENTOS,DIURNA,Sin registro,Sin registro,Envigado,48.7,Media,Perfil 2
Femenino,28,EXTENSIÓN MANIPULACIÓN DE ALIMENTOS,DIURNA,Sin registro,Sin registro,Envigado,48.7,Media,Perfil 2
Femenino,28,EXTENSIÓN MANIPULACIÓN DE ALIMENTOS,DIURNA,Sin registro,Sin registro,Envigado,48.7,Media,Perfil 2
Femenino,18,07T-TÉCNICO LABORAL EN ATENCION Y CUIDADO DE PERSONAS MAYORES,NOCHE,Desempleado,SISBEN,Envigado,48.7,Media,Perfil 2
Masculino,17,MEDIA TÉCNICA - ORIENTACIÓN VOCACIONAL,MEDIA TÉCNICA,Estudiante básica,EPS Sura,Envigado,48.7,Media,Perfil 1
Femenino,21,14T-TÉCNICO LABORAL EN CONTABILIDAD,DIURNA,Estudiante superior,SISBEN,Envigado,48.7,Media,Perfil 2
Masculino,36,25T-TÉCNICO LABORAL EN MECANICA DE MOTOCICLETAS,NOCHE,Independiente,EPS Sura,La Estrella,48.7,Media,Perfil 1
Femenino,35,07T-TÉCNICO LABORAL EN ATENCION Y CUIDADO DE PERSONAS MAYORES,NOCHE,Independiente,Salud Total EPS,Envigado,48.7,Media,Perfil 1
Masculino,23,12T-TÉCNICO LABORAL EN AUXILIAR DE RECURSO HUMANO,NOCHE,Empleado,EPS Sura,Envigado,48.7,Media,Perfil 1
Femenino,23,EXTENSIÓN - BIOSEGURIDAD,DIURNA,Sin registro,Sin registro,Envigado,48.7,Media,Perfil 1
Masculino,17,09T-TÉCNICO LABORAL EN AUXILIAR ADMINISTRATIVO,DIURNA,Estudiante básica,EPS Sura,Envigado,48.7,Media,Perfil 1
Masculino,17,29T-TÉCNICO LABORAL EN PANADERIA Y REPOSTERIA,DIURNA,Estudiante básica,EPS Sura,Envigado,48.7,Media,Perfil 2
Masculino,18,30T-TÉCNICO LABORAL EN EDUCACIÓN PARA LA PRIMERA INFANCIA,NOCHE,Estudiante superior,Suramericana,Envigado,48.7,Media,Perfil 1
Masculino,20,29T-TÉCNICO LABORAL EN PANADERIA Y REPOSTERIA,NOCHE,Estudiante superior,Nueva Promotora de Salud - Nueva EPS,Envigado,48.6,Media,Perfil 2
Masculino,21,25T-TÉCNICO LABORAL EN MECANICA DE MOTOCICLETAS,DIURNA,Estudiante superior,EPS Sura,Envigado,48.6,Media,Perfil 2
Masculino,21,09T-TÉCNICO LABORAL EN AUXILIAR ADMINISTRATIVO,DIURNA,Estudiante superior,EPS Sura,Envigado,48.6,Media,Perfil 2
Masculino,37,26T-TÉCNICO LABORAL EN MECÁNICA DE MOTOS  (Estudiantes Antiguos),NOCHE,Sin registro,Sin registro,Itagui,48.6,Media,Perfil 1
Femenino,16,12T-TÉCNICO LABORAL EN AUXILIAR DE RECURSO HUMANO,DIURNA,Estudiante básica,Sin registro,Medellín,48.6,Media,Perfil 2
Femenino,25,06-VTécnico Laboral en Asistente Community Manager y Redes Sociales (50% Modalidad Distancia),DIURNA,Independiente,Sin registro,Envigado,48.6,Media,Perfil 2
Masculino,17,MEDIA TÉCNICA TÉCNICO EN MARKETING Y VENTA DE PRODUCTOS Y SERVICIOS,MEDIA TÉCNICA,Estudiante básica,EPS Sura,Envigado,48.6,Media,Perfil 3
Masculino,21,09T-TÉCNICO LABORAL EN AUXILIAR ADMINISTRATIVO,DIURNA,Empleado,EPS Sura,Envigado,48.6,Media,Perfil 2
Femenino,29,36T -  TÉCNICO LABORAL EN AUXILIAR ANÁLISIS Y PROGRAMACIÓN DE SOFTWARE,NOCHE,Desempleado,Salud Total EPS,Envigado,48.6,Media,Perfil 1
Masculino,18,08T-TÉCNICO LABORAL EN AUTOMOTRIZ,DIURNA,Estudiante básica,EPS Sura,Envigado,48.6,Media,Perfil 1
Masculino,17,22T-TÉCNICO LABORAL EN MARKETING DIGITAL,DIURNA,Estudiante básica,EPS Sura,Envigado,48.6,Media,Perfil 2
Masculino,18,17T-TÉCNICO LABORAL EN ENTRENAMIENTO DEPORTIVO,DIURNA,Independiente,EPS Sura,Envigado,48.6,Media,Perfil 2
Femenino,26,EXTENSION HERRAMIENTAS TICS,DIURNA,Sin registro,Sin registro,Medellín,48.6,Media,Perfil 1
Masculino,38,17T-TÉCNICO LABORAL EN ENTRENAMIENTO DEPORTIVO,NOCHE,Independiente,EPS Sura,Medellín,48.6,Media,Perfil 2
Femenino,18,14T-TÉCNICO LABORAL EN CONTABILIDAD,NOCHE,Estudiante superior,Salud Total EPS,Envigado,48.6,Media,Perfil 2
Femenino,47,14T-TÉCNICO LABORAL EN CONTABILIDAD,NOCHE,Independiente,Suramericana,Envigado,48.5,Media,Perfil 1
Masculino,43,FORMACIÓN EN CONOCIMIENTOS ACADÉMICOS PARA LA ACTUALIZACIÓN DEL DESEMPEÑO DOCENTE CEFIT,NOCHE,Sin registro,Sin registro,Envigado,48.5,Media,Perfil 1
Masculino,15,MEDIA TÉCNICA - ORIENTACIÓN VOCACIONAL,MEDIA TÉCNICA,Estudiante básica,EPS Sura,Envigado,48.5,Media,Perfil 1
Masculino,15,MEDIA TÉCNICA - ORIENTACIÓN VOCACIONAL,MEDIA TÉCNICA,Estudiante básica,EPS Sura,Envigado,48.5,Media,Perfil 1
Masculino,16,MEDIA TÉCNICA - ORIENTACIÓN VOCACIONAL,MEDIA TÉCNICA,Estudiante básica,EPS Sura,Envigado,48.5,Media,Perfil 2
Masculino,16,MEDIA TÉCNICA - ORIENTACIÓN VOCACIONAL,MEDIA TÉCNICA,Estudiante básica,EPS Sura,Envigado,48.5,Media,Perfil 2
Masculino,16,MEDIA TÉCNICA - ORIENTACIÓN VOCACIONAL,MEDIA TÉCNICA,Estudiante básica,EPS Sura,Envigado,48.5,Media,Perfil 1
Masculino,16,MEDIA TÉCNICA - ORIENTACIÓN VOCACIONAL,MEDIA TÉCNICA,Estudiante básica,EPS Sura,Envigado,48.5,Media,Perfil 2
Femenino,52,30T-TÉCNICO LABORAL EN EDUCACIÓN PARA LA PRIMERA INFANCIA,NOCHE,Independiente,EPS Sura,Envigado,48.5,Media,Perfil 1
Masculino,16,MEDIA TÉCNICA TÉCNICO EN MARKETING Y VENTA DE PRODUCTOS Y SERVICIOS,MEDIA TÉCNICA,Estudiante básica,EPS Sura,Envigado,48.5,Media,Perfil 1
Femenino,22,22T-TÉCNICO LABORAL EN MARKETING DIGITAL,NOCHE,Estudiante superior,Savia Salud,Envigado,48.5,Media,Perfil 1
Femenino,27,09T-TÉCNICO LABORAL EN AUXILIAR ADMINISTRATIVO,NOCHE,Independiente,Suramericana,Envigado,48.5,Media,Perfil 2
Masculino,61,09T-TÉCNICO LABORAL EN AUXILIAR ADMINISTRATIVO,NOCHE,Empleado,Suramericana,Envigado,48.5,Media,Perfil 2
Masculino,20,18T-TÉCNICO LABORAL EN GASTRONOMÍA,NOCHE,Estudiante básica,EPS Sura,Envigado,48.5,Media,Perfil 2
Masculino,17,25T-TÉCNICO LABORAL EN MECANICA DE MOTOCICLETAS,DIURNA,Estudiante superior,EPS Sura,Sabaneta,48.5,Media,Perfil 2
Masculino,16,MEDIA TÉCNICA - ORIENTACIÓN VOCACIONAL,MEDIA TÉCNICA,Estudiante superior,EPS Sura,Itagui,48.5,Media,Perfil 2
Masculino,47,FORMACIÓN EN CONOCIMIENTOS ACADÉMICOS PARA LA ACTUALIZACIÓN DEL DESEMPEÑO DOCENTE CEFIT,NOCHE,Sin registro,Sin registro,Envigado,48.5,Media,Perfil 3
Femenino,24,EXTENSIÓN MANIPULACIÓN DE ALIMENTOS,DIURNA,Desempleado,MEDIMAS,Envigado,48.5,Media,Perfil 3
Masculino,31,EXTENSIÓN MANIPULACIÓN DE ALIMENTOS,DIURNA,Independiente,Suramericana,Envigado,48.5,Media,Perfil 1
Masculino,21,25T-TÉCNICO LABORAL EN MECANICA DE MOTOCICLETAS,DIURNA,Independiente,EPS Sura,Envigado,48.4,Media,Perfil 2
Femenino,64,20T-TÉCNICO LABORAL EN JOYERIA,DIURNA,Desempleado,SISBEN V2 - Nivel 1,Envigado,48.4,Media,Perfil 1
Femenino,29,EXTENSIÓN WORD AVANZADO VIRTUAL,DIURNA,Sin registro,Sin registro,Envigado,48.4,Media,Perfil 1
Masculino,19,18T-TÉCNICO LABORAL EN GASTRONOMÍA,DIURNA,Estudiante superior,Coomeva EPS,Envigado,48.4,Media,Perfil 2
Masculino,39,EXTENSIÓN - BIOSEGURIDAD,DIURNA,Sin registro,Sin registro,Envigado,48.4,Media,Perfil 3
Masculino,39,EXTENSIÓN WORD AVANZADO VIRTUAL,DIURNA,Sin registro,Sin registro,Envigado,48.4,Media,Perfil 2
Masculino,39,EXTENSIÓN - BIOSEGURIDAD,DIURNA,Sin registro,Sin registro,Envigado,48.4,Media,Perfil 1
Femenino,14,MEDIA TECNICA EN TÉCNICO LABORAL EN EDUCACIÓN PARA LA PRIMERA INFANCIA,MEDIA TÉCNICA,Sin registro,Sin registro,Envigado,48.4,Media,Perfil 1
Femenino,22,EXTENSIÓN MANIPULACIÓN DE ALIMENTOS,DIURNA,Sin registro,Sin registro,Caldas,48.4,Media,Perfil 1
Femenino,22,EXTENSIÓN - ESTANDARES DE INSPECCION SANITARIA,DIURNA,Sin registro,Sin registro,Caldas,48.4,Media,Perfil 3
Femenino,32,12T-TÉCNICO LABORAL EN AUXILIAR DE RECURSO HUMANO,NOCHE,Desempleado,SISBEN,Envigado,48.4,Media,Perfil 2
Masculino,40,36T -  TÉCNICO LABORAL EN AUXILIAR ANÁLISIS Y PROGRAMACIÓN DE SOFTWARE,NOCHE,Empleado,EPS Sura,Envigado,48.4,Media,Perfil 2
Masculino,20,09T-TÉCNICO LABORAL EN AUXILIAR ADMINISTRATIVO,NOCHE,Estudiante superior,EPS Sura,Envigado,48.4,Media,Perfil 2
Femenino,31,09T-TÉCNICO LABORAL EN AUXILIAR ADMINISTRATIVO,NOCHE,Estudiante superior,Savia Salud,Envigado,48.4,Media,Perfil 1
Femenino,28,18T-TÉCNICO LABORAL EN GASTRONOMÍA,NOCHE,Empleado,Suramericana,Envigado,48.4,Media,Perfil 2
Masculino,15,MEDIA TÉCNICA - ORIENTACIÓN VOCACIONAL,MEDIA TÉCNICA,Estudiante básica,EPS Sura,Envigado,48.4,Media,Perfil 2
Masculino,21,08T-TÉCNICO LABORAL EN AUTOMOTRIZ,NOCHE,Desempleado,EPS Sura,Envigado,48.4,Media,Perfil 1
Femenino,34,22T-TÉCNICO LABORAL EN MARKETING DIGITAL,NOCHE,Independiente,Sanitas EPS,Envigado,48.3,Media,Perfil 3
Masculino,17,22T-TÉCNICO LABORAL EN MARKETING DIGITAL,NOCHE,Estudiante básica,EPS Sura,Envigado,48.3,Media,Perfil 2
Femenino,31,25T-TÉCNICO LABORAL EN MECANICA DE MOTOCICLETAS,DIURNA,Independiente,Savia Salud,Envigado,48.3,Media,Perfil 3
Masculino,20,23T-TÉCNICO LABORAL EN MARKETING Y VENTA DE PRODUCTOS Y SERVICIOS,DIURNA,Empleado,Sanitas EPS,Envigado,48.3,Media,Perfil 2
Femenino,53,20T-TÉCNICO LABORAL EN JOYERIA,DIURNA,Independiente,Sin registro,Envigado,48.3,Media,Perfil 3
Femenino,20,22T-TÉCNICO LABORAL EN MARKETING DIGITAL,NOCHE,Desempleado,Suramericana,Envigado,48.2,Media,Perfil 1
Masculino,24,25T-TÉCNICO LABORAL EN MECANICA DE MOTOCICLETAS,DIURNA,Empleado,Salud Total EPS,Envigado,48.2,Media,Perfil 3
Femenino,30,EXTENSION HERRAMIENTAS TICS,DIURNA,Sin registro,Sin registro,Envigado,48.2,Media,Perfil 2
Femenino,30,EXTENSION HERRAMIENTAS TICS,DIURNA,Sin registro,Sin registro,Envigado,48.2,Media,Perfil 1
Femenino,30,EXTENSIÓN - BIOSEGURIDAD,DIURNA,Sin registro,Sin registro,Envigado,48.2,Media,Perfil 1
Femenino,30,09T-TÉCNICO LABORAL EN AUXILIAR ADMINISTRATIVO,NOCHE,Independiente,EPS Sura,Envigado,48.2,Media,Perfil 2
Masculino,21,31T-TÉCNICO LABORAL EN SISTEMAS (Estudiantes Antiguos),NOCHE,Desempleado,EPS Sura,Envigado,48.2,Media,Perfil 1
Femenino,20,18T-TÉCNICO LABORAL EN GASTRONOMÍA,DIURNA,Independiente,SISBEN,Envigado,48.2,Media,Perfil 2
Masculino,46,FORMACIÓN EN CONOCIMIENTOS ACADÉMICOS PARA LA ACTUALIZACIÓN DEL DESEMPEÑO DOCENTE CEFIT,NOCHE,Sin registro,Sin registro,Medellín,48.2,Media,Perfil 2
Femenino,41,20T-TÉCNICO LABORAL EN JOYERIA,DIURNA,Independiente,Sanitas EPS,Envigado,48.2,Media,Perfil 1
Femenino,23,EXTENSIÓN - BIOSEGURIDAD,DIURNA,Sin registro,Sin registro,Medellín,48.2,Media,Perfil 2
Femenino,43,07T-TÉCNICO LABORAL EN ATENCION Y CUIDADO DE PERSONAS MAYORES,NOCHE,Independiente,SISBEN,Envigado,48.2,Media,Perfil 2
Masculino,20,22T-TÉCNICO LABORAL EN MARKETING DIGITAL,DIURNA,Independiente,EPS Sura,Medellín,48.2,Media,Perfil 1
Masculino,45,FORMACIÓN EN CONOCIMIENTOS ACADÉMICOS PARA LA ACTUALIZACIÓN DEL DESEMPEÑO DOCENTE CEFIT,NOCHE,Sin registro,Sin registro,Medellín,48.2,Media,Perfil 1
Femenino,33,EXTENSIÓN - ESTANDARES DE INSPECCION SANITARIA,DIURNA,Sin registro,Sin registro,Medellín,48.2,Media,Perfil 1
Femenino,34,EXTENSIÓN HERRAMIENTAS TICS MEDIO,DIURNA,Sin registro,Sin registro,Medellín,48.1,Media,Perfil 1
Femenino,54,18T-TÉCNICO LABORAL EN GASTRONOMÍA,DIURNA,Independiente,EPS Sura,Envigado,48.1,Media,Perfil 1
Masculino,16,MEDIA TÉCNICA TÉCNICO EN MARKETING Y VENTA DE PRODUCTOS Y SERVICIOS,MEDIA TÉCNICA,Estudiante básica,EPS Sura,Envigado,48.1,Media,Perfil 3
Femenino,32,EXTENSIÓN MANIPULACIÓN DE ALIMENTOS,DIURNA,Sin registro,Sin registro,Medellín,48.1,Media,Perfil 3
Femenino,32,EXTENSIÓN - BIOSEGURIDAD,DIURNA,Sin registro,Sin registro,Medellín,48.1,Media,Perfil 1
Femenino,35,04-V Técnico Laboral Auxiliar Análisis de Datos E Inteligencia Artificial (50% Modalidad Distancia),NOCHE,Desempleado,Sin registro,Envigado,48.1,Media,Perfil 1
Masculino,21,22T-TÉCNICO LABORAL EN MARKETING DIGITAL,NOCHE,Estudiante superior,EPS Sura,Envigado,48.1,Media,Perfil 3
Masculino,47,04-V Técnico Laboral Auxiliar Análisis de Datos E Inteligencia Artificial (50% Modalidad Distancia),NOCHE,Independiente,Savia Salud,Envigado,48.1,Media,Perfil 3
Masculino,35,13T-TÉCNICO LABORAL EN AUXILIAR EN SEGURIDAD OCUPACIONAL,NOCHE,Desempleado,EPS Sura,Envigado,48.1,Media,Perfil 1
Femenino,25,14T-TÉCNICO LABORAL EN CONTABILIDAD,NOCHE,Independiente,EPS Sura,Envigado,48.1,Media,Perfil 2
Masculino,21,09T-TÉCNICO LABORAL EN AUXILIAR ADMINISTRATIVO,NOCHE,Empleado,Mutual Ser,Envigado,48.1,Media,Perfil 1
Femenino,31,EXTENSIÓN MANIPULACIÓN DE ALIMENTOS,DIURNA,Sin registro,Sin registro,Envigado,48.1,Media,Perfil 3
Femenino,31,EXTENSIÓN - BIOSEGURIDAD,DIURNA,Sin registro,Sin registro,Envigado,48.1,Media,Perfil 3
Masculino,31,17T-TÉCNICO LABORAL EN ENTRENAMIENTO DEPORTIVO,DIURNA,Estudiante superior,SISBEN,Envigado,48.1,Media,Perfil 2
Femenino,26,30T-TÉCNICO LABORAL EN EDUCACIÓN PARA LA PRIMERA INFANCIA,NOCHE,Desempleado,Savia Salud,Envigado,48.0,Media,Perfil 1
Femenino,14,MEDIA TÉCNICA - ORIENTACIÓN VOCACIONAL,MEDIA TÉCNICA,Estudiante superior,Sin registro,Envigado,48.0,Media,Perfil 1
Masculino,17,08T-TÉCNICO LABORAL EN AUTOMOTRIZ,DIURNA,Estudiante básica,EPS Sura,Envigado,48.0,Media,Perfil 2
Masculino,17,22T-TÉCNICO LABORAL EN MARKETING DIGITAL,DIURNA,Estudiante básica,EPS Sura,Envigado,48.0,Media,Perfil 2
Femenino,23,EXTENSIÓN MANIPULACIÓN DE ALIMENTOS,DIURNA,Estudiante superior,Savia Salud,Envigado,48.0,Media,Perfil 2
Masculino,17,25T-TÉCNICO LABORAL EN MECANICA DE MOTOCICLETAS,DIURNA,Estudiante superior,Salud Total EPS,Itagui,48.0,Media,Perfil 1
Masculino,25,22T-TÉCNICO LABORAL EN MARKETING DIGITAL,DIURNA,Independiente,EPS Sura,Envigado,48.0,Media,Perfil 1
Masculino,21,22T-TÉCNICO LABORAL EN MARKETING DIGITAL,DIURNA,Estudiante superior,EPS Sura,Envigado,48.0,Media,Perfil 3
Masculino,19,22T-TÉCNICO LABORAL EN MARKETING DIGITAL,DIURNA,Estudiante superior,EPS Sura,Envigado,48.0,Media,Perfil 2
Femenino,37,EXTENSIÓN MANIPULACIÓN DE ALIMENTOS,DIURNA,Sin registro,Sin registro,Envigado,48.0,Media,Perfil 2
Masculino,20,18T-TÉCNICO LABORAL EN GASTRONOMÍA,DIURNA,Independiente,EPS Sura,Envigado,48.0,Media,Perfil 2
Femenino,15,MEDIA TÉCNICA - ORIENTACIÓN VOCACIONAL,MEDIA TÉCNICA,Sin registro,Nueva Promotora de Salud - Nueva EPS,Envigado,47.9,Media,Perfil 2
Masculino,27,29T-TÉCNICO LABORAL EN PANADERIA Y REPOSTERIA,DIURNA,Empleado,EPS Sura,Envigado,47.9,Media,Perfil 1
Masculino,18,08T-TÉCNICO LABORAL EN AUTOMOTRIZ,DIURNA,Estudiante básica,Nueva Promotora de Salud - Nueva EPS,Envigado,47.9,Media,Perfil 1
Femenino,14,MEDIA TÉCNICA TÉCNICO EN MARKETING Y VENTA DE PRODUCTOS Y SERVICIOS,MEDIA TÉCNICA,Sin registro,EPS Sura,Envigado,47.9,Media,Perfil 2
Femenino,56,29T-TÉCNICO LABORAL EN PANADERIA Y REPOSTERIA,DIURNA,Estudiante superior,SISBEN,Envigado,47.9,Media,Perfil 2
Femenino,27,22T-TÉCNICO LABORAL EN MARKETING DIGITAL,DIURNA,Independiente,SISBEN,Envigado,47.9,Media,Perfil 1
Masculino,16,MEDIA TÉCNICA TÉCNICO EN MARKETING Y VENTA DE PRODUCTOS Y SERVICIOS,MEDIA TÉCNICA,Estudiante superior,EPS Sura,Envigado,47.9,Media,Perfil 2
Femenino,25,09T-TÉCNICO LABORAL EN AUXILIAR ADMINISTRATIVO,DIURNA,Desempleado,Sin registro,Envigado,47.9,Media,Perfil 2
Femenino,19,07T-TÉCNICO LABORAL EN ATENCION Y CUIDADO DE PERSONAS MAYORES,NOCHE,Estudiante básica,Sin registro,Envigado,47.9,Media,Perfil 3
Masculino,20,17T-TÉCNICO LABORAL EN ENTRENAMIENTO DEPORTIVO,NOCHE,Estudiante superior,Coomeva EPS,Sabaneta,47.9,Media,Perfil 1
Femenino,37,EXTENSION HERRAMIENTAS TICS,DIURNA,Sin registro,Sin registro,Medellín,47.9,Media,Perfil 1
Femenino,26,22T-TÉCNICO LABORAL EN MARKETING DIGITAL,DIURNA,Independiente,EPS Sura,Envigado,47.9,Media,Perfil 1
Masculino,23,09T-TÉCNICO LABORAL EN AUXILIAR ADMINISTRATIVO,DIURNA,Empleado,EPS Sura,Heliconia,47.9,Media,Perfil 2
Femenino,23,09T-TÉCNICO LABORAL EN AUXILIAR ADMINISTRATIVO,DIURNA,Desempleado,Suramericana,Envigado,47.9,Media,Perfil 3
Femenino,40,07T-TÉCNICO LABORAL EN ATENCION Y CUIDADO DE PERSONAS MAYORES,NOCHE,Desempleado,Savia Salud,Envigado,47.9,Media,Perfil 2
Femenino,21,30T-TÉCNICO LABORAL EN EDUCACIÓN PARA LA PRIMERA INFANCIA,NOCHE,Empleado,Sanitas EPS,Envigado,47.9,Media,Perfil 1
Femenino,29,09T-TÉCNICO LABORAL EN AUXILIAR ADMINISTRATIVO,NOCHE,Estudiante superior,Sin registro,Envigado,47.8,Media,Perfil 3
Femenino,54,07T-TÉCNICO LABORAL EN ATENCION Y CUIDADO DE PERSONAS MAYORES,NOCHE,Independiente,Sin registro,Envigado,47.8,Media,Perfil 1
Femenino,18,09T-TÉCNICO LABORAL EN AUXILIAR ADMINISTRATIVO,NOCHE,Estudiante básica,Colsanitas,Envigado,47.8,Media,Perfil 2
Femenino,19,14T-TÉCNICO LABORAL EN CONTABILIDAD,NOCHE,Estudiante superior,Salud Total EPS,Envigado,47.8,Media,Perfil 2
Femenino,32,22T-TÉCNICO LABORAL EN MARKETING DIGITAL,NOCHE,Estudiante superior,Coomeva EPS,Envigado,47.8,Media,Perfil 1
Masculino,46,EXTENSIÓN EXCEL AVANZADO,DIURNA,Sin registro,Sin registro,Envigado,47.8,Media,Perfil 2
Masculino,46,EXTENSIÓN MANIPULACIÓN DE ALIMENTOS,DIURNA,Sin registro,Sin registro,Envigado,47.8,Media,Perfil 3
Femenino,21,09T-TÉCNICO LABORAL EN AUXILIAR ADMINISTRATIVO,NOCHE,Estudiante superior,Savia Salud,Envigado,47.8,Media,Perfil 3
Masculino,20,36T -  TÉCNICO LABORAL EN AUXILIAR ANÁLISIS Y PROGRAMACIÓN DE SOFTWARE,NOCHE,Empleado,EPS Sura,Envigado,47.8,Media,Perfil 1
Femenino,17,22T-TÉCNICO LABORAL EN MARKETING DIGITAL,DIURNA,Estudiante superior,Salud Total EPS,Envigado,47.8,Media,Perfil 1
Femenino,52,FORMACIÓN EN CONOCIMIENTOS ACADÉMICOS PARA LA ACTUALIZACIÓN DEL DESEMPEÑO DOCENTE CEFIT,NOCHE,Empleado,Fundación Medico Preventiva,Envigado,47.8,Media,Perfil 1
Femenino,47,18T-TÉCNICO LABORAL EN GASTRONOMÍA,NOCHE,Empleado,Sin registro,Medellín,47.8,Media,Perfil 1
Masculino,44,EXTENSION HERRAMIENTAS TICS,DIURNA,Sin registro,Sin registro,Envigado,47.8,Media,Perfil 2
Masculino,18,21T-TÉCNICO LABORAL EN MANTENIMIENTO DE COMPUTADORES Y REDES LOCALES DE DATOS,NOCHE,Estudiante superior,EPS Sura,Envigado,47.8,Media,Perfil 3
Masculino,16,36T -  TÉCNICO LABORAL EN AUXILIAR ANÁLISIS Y PROGRAMACIÓN DE SOFTWARE,NOCHE,Estudiante superior,EPS Sura,Envigado,47.8,Media,Perfil 1
Masculino,19,09T-TÉCNICO LABORAL EN AUXILIAR ADMINISTRATIVO,NOCHE,Estudiante superior,EPS Sura,Envigado,47.8,Media,Perfil 2
Femenino,35,18T-TÉCNICO LABORAL EN GASTRONOMÍA,NOCHE,Independiente,EPS Sura,Envigado,47.8,Media,Perfil 3
Femenino,20,09T-TÉCNICO LABORAL EN AUXILIAR ADMINISTRATIVO,NOCHE,Estudiante superior,Sin registro,Envigado,47.8,Media,Perfil 1
Femenino,46,07T-TÉCNICO LABORAL EN ATENCION Y CUIDADO DE PERSONAS MAYORES,NOCHE,Estudiante superior,SISBEN,Envigado,47.7,Media,Perfil 1
Femenino,29,22T-TÉCNICO LABORAL EN MARKETING DIGITAL,NOCHE,Desempleado,Salud Total EPS,Envigado,47.7,Media,Perfil 1
Masculino,30,09T-TÉCNICO LABORAL EN AUXILIAR ADMINISTRATIVO,NOCHE,Independiente,EPS Sura,Envigado,47.7,Media,Perfil 1
Masculino,47,EXTENSIÓN MANIPULACIÓN DE ALIMENTOS,DIURNA,Sin registro,Sin registro,Envigado,47.7,Media,Perfil 3
Femenino,12,30T-TÉCNICO LABORAL EN EDUCACIÓN PARA LA PRIMERA INFANCIA,NOCHE,Independiente,Suramericana,Envigado,47.7,Media,Perfil 3
Femenino,19,14T-TÉCNICO LABORAL EN CONTABILIDAD,DIURNA,Desempleado,Suramericana,Envigado,47.7,Media,Perfil 2
Masculino,51,FORMACIÓN EN CONOCIMIENTOS ACADÉMICOS PARA LA ACTUALIZACIÓN DEL DESEMPEÑO DOCENTE CEFIT,NOCHE,Sin registro,Sin registro,Envigado,47.7,Media,Perfil 2
Masculino,36,16T-TÉCNICO LABORAL EN ELECTRICISTA,NOCHE,Desempleado,EPS Sura,Envigado,47.7,Media,Perfil 2
Masculino,22,EXTENSIÓN - BIOSEGURIDAD,DIURNA,Empleado,Savia Salud,Envigado,47.7,Media,Perfil 3
Femenino,19,09T-TÉCNICO LABORAL EN AUXILIAR ADMINISTRATIVO,NOCHE,Empleado,Fundación Medico Preventiva,Envigado,47.7,Media,Perfil 1
Masculino,17,37 - TÉCNICO POR COMPETENCIAS ASISTENTE EN ENTRENAMIENTO FÍSICO Y DEPORTIVO,DIURNA,Independiente,EPS Sura,Envigado,47.7,Media,Perfil 2
Masculino,16,MEDIA TÉCNICA - ORIENTACIÓN VOCACIONAL,MEDIA TÉCNICA,Empleado,Sanitas EPS,Envigado,47.7,Media,Perfil 1
Femenino,20,30T-TÉCNICO LABORAL EN EDUCACIÓN PARA LA PRIMERA INFANCIA,NOCHE,Independiente,EPS Sura,Envigado,47.7,Media,Perfil 1
Femenino,20,30T-TÉCNICO LABORAL EN EDUCACIÓN PARA LA PRIMERA INFANCIA,NOCHE,Empleado,Nueva Promotora de Salud - Nueva EPS,Envigado,47.6,Media,Perfil 3
Masculino,20,19T-TÉCNICO LABORAL EN GASTRONOMIA INTERNACIONAL,DIURNA,Estudiante superior,EPS Sura,Envigado,47.6,Media,Perfil 3
Masculino,37,EXTENSIÓN INDUCCION Q10,TARDE,Sin registro,Sin registro,Envigado,47.6,Media,Perfil 1
Femenino,49,18T-TÉCNICO LABORAL EN GASTRONOMÍA,NOCHE,Independiente,EPS Sura,Envigado,47.6,Media,Perfil 2
Femenino,32,01-V- TÉCNICO LABORAL EN MARKETING DIGITAL A DISTANCIA,NOCHE,Desempleado,EPS Sura,Envigado,47.6,Media,Perfil 2
Femenino,28,09T-TÉCNICO LABORAL EN AUXILIAR ADMINISTRATIVO,DIURNA,Estudiante básica,Sin registro,Envigado,47.6,Media,Perfil 1
Masculino,19,08T-TÉCNICO LABORAL EN AUTOMOTRIZ,NOCHE,Desempleado,EPS Sura,Itagui,47.6,Media,Perfil 3
Femenino,35,FORMACIÓN EN CONOCIMIENTOS ACADÉMICOS PARA LA ACTUALIZACIÓN DEL DESEMPEÑO DOCENTE CEFIT,NOCHE,Sin registro,Sin registro,Envigado,47.6,Media,Perfil 2
Masculino,24,23T-TÉCNICO LABORAL EN MARKETING Y VENTA DE PRODUCTOS Y SERVICIOS,NOCHE,Empleado,Nueva Promotora de Salud - Nueva EPS,Envigado,47.6,Media,Perfil 2
Femenino,29,18T-TÉCNICO LABORAL EN GASTRONOMÍA,NOCHE,Independiente,EPS Sura,Envigado,47.6,Media,Perfil 2
Masculino,64,EXT - COCINA BÁSICA,NOCHE,Sin registro,Sin registro,Envigado,47.6,Media,Perfil 1
Masculino,64,FORMACIÓN EN CONOCIMIENTOS ACADÉMICOS PARA LA ACTUALIZACIÓN DEL DESEMPEÑO DOCENTE CEFIT,NOCHE,Sin registro,Sin registro,Envigado,47.6,Media,Perfil 2
Masculino,35,17T-TÉCNICO LABORAL EN ENTRENAMIENTO DEPORTIVO,NOCHE,Desempleado,Savia Salud,Envigado,47.6,Media,Perfil 3
Femenino,32,FORMACIÓN EN CONOCIMIENTOS ACADÉMICOS PARA LA ACTUALIZACIÓN DEL DESEMPEÑO DOCENTE CEFIT,NOCHE,Sin registro,Sin registro,Envigado,47.6,Media,Perfil 1
Masculino,17,22T-TÉCNICO LABORAL EN MARKETING DIGITAL,DIURNA,Estudiante superior,EPS Sura,Envigado,47.6,Media,Perfil 1
Masculino,19,25T-TÉCNICO LABORAL EN MECANICA DE MOTOCICLETAS,DIURNA,Estudiante superior,EPS Sura,Envigado,47.6,Media,Perfil 1
Masculino,18,18T-TÉCNICO LABORAL EN GASTRONOMÍA,DIURNA,Estudiante superior,EPS Sura,Envigado,47.6,Media,Perfil 1
Femenino,15,01-V- TÉCNICO LABORAL EN MARKETING DIGITAL A DISTANCIA,NOCHE,Estudiante básica,SISBEN V2 - Nivel 1,Envigado,47.6,Media,Perfil 1
Masculino,17,08T-TÉCNICO LABORAL EN AUTOMOTRIZ,DIURNA,Estudiante básica,Policía Nacional,Envigado,47.6,Media,Perfil 2
Femenino,18,MEDIA TECNICA MARKETING DIGITAL,MEDIA TÉCNICA,Estudiante básica,Sin registro,Envigado,47.6,Media,Perfil 3
Masculino,18,12T-TÉCNICO LABORAL EN AUXILIAR DE RECURSO HUMANO,DIURNA,Independiente,EPS Sura,La Estrella,47.5,Media,Perfil 1
Femenino,17,30T-TÉCNICO LABORAL EN EDUCACIÓN PARA LA PRIMERA INFANCIA,NOCHE,Estudiante básica,Sin registro,Envigado,47.5,Media,Perfil 3
Femenino,28,EXTENSIÓN MANIPULACIÓN DE ALIMENTOS,DIURNA,Estudiante superior,Cafesalud  EPS,Envigado,47.5,Media,Perfil 1
Femenino,35,14T-TÉCNICO LABORAL EN CONTABILIDAD,NOCHE,Empleado,Suramericana,Envigado,47.5,Media,Perfil 1
Masculino,22,31T-TÉCNICO LABORAL EN SISTEMAS (Estudiantes Antiguos),DIURNA,Estudiante superior,Savia Salud,Envigado,47.5,Media,Perfil 2
Femenino,28,30T-TÉCNICO LABORAL EN EDUCACIÓN PARA LA PRIMERA INFANCIA,NOCHE,Desempleado,EPS Sura,Envigado,47.5,Media,Perfil 1
Masculino,15,MEDIA TECNICA MARKETING DIGITAL,MEDIA TÉCNICA,Estudiante básica,EPS Sura,Envigado,47.5,Media,Perfil 2
Masculino,63,EXT - COCINA BÁSICA,NOCHE,Sin registro,Sin registro,Medellín,47.5,Media,Perfil 1
Masculino,50,FORMACIÓN EN CONOCIMIENTOS ACADÉMICOS PARA LA ACTUALIZACIÓN DEL DESEMPEÑO DOCENTE CEFIT,NOCHE,Sin registro,Sin registro,Medellín,47.5,Media,Perfil 2
Femenino,23,EXTENSIÓN - BIOSEGURIDAD,DIURNA,Sin registro,Sin registro,Envigado,47.5,Media,Perfil 3
Femenino,23,EXTENSIÓN MANIPULACIÓN DE ALIMENTOS,DIURNA,Sin registro,Sin registro,Envigado,47.5,Media,Perfil 1
Femenino,23,EXTENSIÓN - BIOSEGURIDAD,DIURNA,Sin registro,Sin registro,Envigado,47.5,Media,Perfil 1
Femenino,59,08T-TÉCNICO LABORAL EN AUTOMOTRIZ,NOCHE,Desempleado,EPS Sura,Envigado,47.5,Media,Perfil 3
Masculino,30,17T-TÉCNICO LABORAL EN ENTRENAMIENTO DEPORTIVO,NOCHE,Desempleado,Savia Salud,Envigado,47.5,Media,Perfil 1
Masculino,19,12T-TÉCNICO LABORAL EN AUXILIAR DE RECURSO HUMANO,DIURNA,Estudiante superior,EPS Sura,Envigado,47.5,Media,Perfil 2
Femenino,21,22T-TÉCNICO LABORAL EN MARKETING DIGITAL,NOCHE,Independiente,EPS Sura,Envigado,47.5,Media,Perfil 1
Femenino,29,09T-TÉCNICO LABORAL EN AUXILIAR ADMINISTRATIVO,NOCHE,Desempleado,EPS Sura,Envigado,47.4,Media,Perfil 2
Femenino,19,13T-TÉCNICO LABORAL EN AUXILIAR EN SEGURIDAD OCUPACIONAL,NOCHE,Estudiante superior,Sin registro,Envigado,47.4,Media,Perfil 1
Masculino,17,MEDIA TÉCNICA TÉCNICO EN MARKETING Y VENTA DE PRODUCTOS Y SERVICIOS,MEDIA TÉCNICA,Estudiante básica,EPS Sura,Envigado,47.4,Media,Perfil 2
Femenino,74,12T-TÉCNICO LABORAL EN AUXILIAR DE RECURSO HUMANO,DIURNA,Independiente,Suramericana,Envigado,47.4,Media,Perfil 2
Femenino,33,EXTENSIÓN - BIOSEGURIDAD,DIURNA,Sin registro,Sin registro,Envigado,47.4,Media,Perfil 2
Femenino,35,09T-TÉCNICO LABORAL EN AUXILIAR ADMINISTRATIVO,NOCHE,Desempleado,Sin registro,Envigado,47.4,Media,Perfil 1
Femenino,33,22T-TÉCNICO LABORAL EN MARKETING DIGITAL,DIURNA,Independiente,Savia Salud,Envigado,47.4,Media,Perfil 2
Masculino,17,07T-TÉCNICO LABORAL EN ATENCION Y CUIDADO DE PERSONAS MAYORES,NOCHE,Desempleado,EPS Sura,Envigado,47.4,Media,Perfil 2
Femenino,20,12T-TÉCNICO LABORAL EN AUXILIAR DE RECURSO HUMANO,NOCHE,Estudiante superior,Savia Salud,Envigado,47.4,Media,Perfil 2
Masculino,39,14T-TÉCNICO LABORAL EN CONTABILIDAD,NOCHE,Empleado,EPS Sura,Envigado,47.4,Media,Perfil 1
Femenino,32,EXTENSIÓN - BIOSEGURIDAD,DIURNA,Sin registro,Sin registro,Envigado,47.4,Media,Perfil 1
Femenino,32,EXTENSIÓN - BIOSEGURIDAD,DIURNA,Sin registro,Sin registro,Envigado,47.4,Media,Perfil 1
Femenino,27,01-V- TÉCNICO LABORAL EN MARKETING DIGITAL A DISTANCIA,NOCHE,Independiente,Savia Salud,Envigado,47.4,Media,Perfil 1
Femenino,17,09T-TÉCNICO LABORAL EN AUXILIAR ADMINISTRATIVO,DIURNA,Estudiante superior,Sin registro,Envigado,47.4,Media,Perfil 2
Masculino,44,EXTENSIÓN HERRAMIENTAS TICS MEDIO,DIURNA,Empleado,Sin registro,Envigado,47.4,Media,Perfil 3
Masculino,18,MEDIA TÉCNICA TÉCNICO EN MARKETING Y VENTA DE PRODUCTOS Y SERVICIOS,MEDIA TÉCNICA,Estudiante básica,EPS Sura,Envigado,47.4,Media,Perfil 1
Masculino,15,MEDIA TÉCNICA TÉCNICO EN MARKETING Y VENTA DE PRODUCTOS Y SERVICIOS,MEDIA TÉCNICA,Estudiante básica,EPS Sura,Envigado,47.4,Media,Perfil 2
Masculino,16,MEDIA TÉCNICA TÉCNICO EN MARKETING Y VENTA DE PRODUCTOS Y SERVICIOS,MEDIA TÉCNICA,Estudiante básica,EPS Sura,Envigado,47.4,Media,Perfil 2
Masculino,16,MEDIA TÉCNICA TÉCNICO EN MARKETING Y VENTA DE PRODUCTOS Y SERVICIOS,MEDIA TÉCNICA,Estudiante básica,EPS Sura,Envigado,47.4,Media,Perfil 2
Masculino,15,MEDIA TECNICA MARKETING DIGITAL,MEDIA TÉCNICA,Estudiante básica,EPS Sura,Envigado,47.4,Media,Perfil 1
Masculino,16,MEDIA TÉCNICA TÉCNICO EN MARKETING Y VENTA DE PRODUCTOS Y SERVICIOS,MEDIA TÉCNICA,Estudiante básica,EPS Sura,Envigado,47.4,Media,Perfil 2
Masculino,16,MEDIA TÉCNICA TÉCNICO EN MARKETING Y VENTA DE PRODUCTOS Y SERVICIOS,MEDIA TÉCNICA,Estudiante básica,EPS Sura,Envigado,47.4,Media,Perfil 1
Masculino,15,MEDIA TÉCNICA TÉCNICO EN MARKETING Y VENTA DE PRODUCTOS Y SERVICIOS,MEDIA TÉCNICA,Estudiante básica,EPS Sura,Envigado,47.4,Media,Perfil 1
Masculino,17,25T-TÉCNICO LABORAL EN MECANICA DE MOTOCICLETAS,DIURNA,Estudiante básica,EPS Sura,Envigado,47.4,Media,Perfil 2
Masculino,17,09T-TÉCNICO LABORAL EN AUXILIAR ADMINISTRATIVO,DIURNA,Estudiante básica,EPS Sura,Envigado,47.4,Media,Perfil 2
Femenino,35,EXTENSIÓN - BIOSEGURIDAD,DIURNA,Sin registro,Sin registro,Envigado,47.4,Media,Perfil 3
Masculino,15,MEDIA TÉCNICA EN PANADERIA Y REPOSTERIA 2025,MEDIA TÉCNICA,Estudiante básica,EPS Sura,Envigado,47.3,Media,Perfil 2
Masculino,17,MEDIA TÉCNICA TÉCNICO EN MARKETING Y VENTA DE PRODUCTOS Y SERVICIOS,MEDIA TÉCNICA,Estudiante básica,EPS Sura,Envigado,47.3,Media,Perfil 1
Masculino,16,MEDIA TÉCNICA TÉCNICO EN MARKETING Y VENTA DE PRODUCTOS Y SERVICIOS,MEDIA TÉCNICA,Estudiante básica,EPS Sura,Envigado,47.3,Media,Perfil 3
Masculino,16,MEDIA TÉCNICA TÉCNICO EN MARKETING Y VENTA DE PRODUCTOS Y SERVICIOS,MEDIA TÉCNICA,Estudiante básica,EPS Sura,Envigado,47.3,Media,Perfil 1
Masculino,16,MEDIA TÉCNICA TÉCNICO EN MARKETING Y VENTA DE PRODUCTOS Y SERVICIOS,MEDIA TÉCNICA,Estudiante básica,EPS Sura,Envigado,47.3,Media,Perfil 3
Masculino,17,MEDIA TECNICA MARKETING DIGITAL,MEDIA TÉCNICA,Estudiante básica,EPS Sura,Envigado,47.3,Media,Perfil 2
Femenino,21,29T-TÉCNICO LABORAL EN PANADERIA Y REPOSTERIA,NOCHE,Desempleado,Nueva Promotora de Salud - Nueva EPS,Envigado,47.3,Media,Perfil 2
Femenino,48,17T-TÉCNICO LABORAL EN ENTRENAMIENTO DEPORTIVO,NOCHE,Empleado,Susalud,Medellín,47.3,Media,Perfil 3
Femenino,22,13T-TÉCNICO LABORAL EN AUXILIAR EN SEGURIDAD OCUPACIONAL,NOCHE,Estudiante superior,COOSALUD EPS,Envigado,47.3,Media,Perfil 1
Femenino,22,EXTENSIÓN - BIOSEGURIDAD,DIURNA,Sin registro,Sin registro,Envigado,47.3,Media,Perfil 2
Femenino,22,EXTENSIÓN - BIOSEGURIDAD,DIURNA,Sin registro,Sin registro,Envigado,47.3,Media,Perfil 1
Femenino,55,18T-TÉCNICO LABORAL EN GASTRONOMÍA,NOCHE,Estudiante superior,EPS Sura,Envigado,47.3,Media,Perfil 2
Femenino,16,MEDIA TÉCNICA - ORIENTACIÓN VOCACIONAL,MEDIA TÉCNICA,Estudiante básica,Sanitas EPS,Medellín,47.3,Media,Perfil 1
Femenino,42,29T-TÉCNICO LABORAL EN PANADERIA Y REPOSTERIA,DIURNA,Estudiante superior,Sin registro,Envigado,47.3,Media,Perfil 1
Masculino,22,17T-TÉCNICO LABORAL EN ENTRENAMIENTO DEPORTIVO,NOCHE,Estudiante superior,Sin registro,Envigado,47.2,Media,Perfil 2
Femenino,39,EXTENSIÓN MANIPULACIÓN DE ALIMENTOS,DIURNA,Sin registro,Sin registro,Medellín,47.2,Media,Perfil 1
Masculino,40,EXTENSIÓN - BIOSEGURIDAD,DIURNA,Sin registro,Sin registro,Envigado,47.2,Media,Perfil 2
Femenino,42,14T-TÉCNICO LABORAL EN CONTABILIDAD,DIURNA,Independiente,EPS Sura,Envigado,47.2,Media,Perfil 2
Masculino,22,14T-TÉCNICO LABORAL EN CONTABILIDAD,NOCHE,Empleado,EPS Sura,Envigado,47.2,Media,Perfil 3
Femenino,24,23T-TÉCNICO LABORAL EN MARKETING Y VENTA DE PRODUCTOS Y SERVICIOS,NOCHE,Empleado,Sin registro,Envigado,47.2,Media,Perfil 3
Femenino,18,09T-TÉCNICO LABORAL EN AUXILIAR ADMINISTRATIVO,DIURNA,Estudiante básica,Médico Preventiva,Envigado,47.2,Media,Perfil 1
Femenino,32,30T-TÉCNICO LABORAL EN EDUCACIÓN PARA LA PRIMERA INFANCIA,NOCHE,Desempleado,SISBEN,Envigado,47.2,Media,Perfil 2
Femenino,36,EXTENSIÓN - BIOSEGURIDAD,DIURNA,Sin registro,Sin registro,Envigado,47.2,Media,Perfil 3
Femenino,19,30T-TÉCNICO LABORAL EN EDUCACIÓN PARA LA PRIMERA INFANCIA,NOCHE,Desempleado,Policía Nacional,Envigado,47.2,Media,Perfil 2
Femenino,16,MEDIA TECNICA MARKETING DIGITAL,MEDIA TÉCNICA,Sin registro,EPS Sura,Medellín,47.2,Media,Perfil 1
Masculino,55,FORMACIÓN EN CONOCIMIENTOS ACADÉMICOS PARA LA ACTUALIZACIÓN DEL DESEMPEÑO DOCENTE CEFIT,NOCHE,Sin registro,Sin registro,Envigado,47.2,Media,Perfil 1
Masculino,55,FORMACIÓN EN CONOCIMIENTOS ACADÉMICOS PARA LA ACTUALIZACIÓN DEL DESEMPEÑO DOCENTE CEFIT,NOCHE,Sin registro,Sin registro,Envigado,47.2,Media,Perfil 3
Masculino,22,25T-TÉCNICO LABORAL EN MECANICA DE MOTOCICLETAS,DIURNA,Empleado,Nueva Promotora de Salud - Nueva EPS,Envigado,47.2,Media,Perfil 2
Femenino,40,29T-TÉCNICO LABORAL EN PANADERIA Y REPOSTERIA,NOCHE,Independiente,EPS Sura,Envigado,47.2,Media,Perfil 1
Femenino,32,30T-TÉCNICO LABORAL EN EDUCACIÓN PARA LA PRIMERA INFANCIA,NOCHE,Desempleado,Savia Salud,Envigado,47.2,Media,Perfil 3
Masculino,24,27T-TÉCNICO LABORAL EN MERCADEO Y VENTAS (Estudiantes Antiguos),DIURNA,Estudiante superior,EPS Sura,Envigado,47.1,Media,Perfil 2
Masculino,29,25T-TÉCNICO LABORAL EN MECANICA DE MOTOCICLETAS,NOCHE,Empleado,EPS Sura,Envigado,47.1,Media,Perfil 2
Femenino,28,12T-TÉCNICO LABORAL EN AUXILIAR DE RECURSO HUMANO,NOCHE,Empleado,Coomeva EPS,Envigado,47.1,Media,Perfil 1
Femenino,37,EXTENSIÓN MANIPULACIÓN DE ALIMENTOS,DIURNA,Sin registro,Sin registro,Envigado,47.1,Media,Perfil 1
Femenino,37,EXTENSIÓN - BIOSEGURIDAD,DIURNA,Sin registro,Sin registro,Envigado,47.1,Media,Perfil 2
Femenino,17,MEDIA TÉCNICA - ORIENTACIÓN VOCACIONAL,MEDIA TÉCNICA,Estudiante básica,Sin registro,Medellín,47.1,Media,Perfil 1
Masculino,23,17T-TÉCNICO LABORAL EN ENTRENAMIENTO DEPORTIVO,DIURNA,Estudiante superior,Salud Total EPS,Sabaneta,47.1,Media,Perfil 1
Femenino,28,13T-TÉCNICO LABORAL EN AUXILIAR EN SEGURIDAD OCUPACIONAL,NOCHE,Independiente,Savia Salud,Envigado,47.1,Media,Perfil 1
Femenino,31,23T-TÉCNICO LABORAL EN MARKETING Y VENTA DE PRODUCTOS Y SERVICIOS,NOCHE,Empleado,Savia Salud,Envigado,47.1,Media,Perfil 1
Femenino,15,MEDIA TÉCNICA - ORIENTACIÓN VOCACIONAL,MEDIA TÉCNICA,Estudiante básica,SISBEN,Envigado,47.1,Media,Perfil 1
Femenino,18,14T-TÉCNICO LABORAL EN CONTABILIDAD,DIURNA,Empleado,Sin registro,Envigado,47.1,Media,Perfil 3
Femenino,33,13T-TÉCNICO LABORAL EN AUXILIAR EN SEGURIDAD OCUPACIONAL,NOCHE,Empleado,Sin registro,Envigado,47.1,Media,Perfil 1
Femenino,27,29T-TÉCNICO LABORAL EN PANADERIA Y REPOSTERIA,DIURNA,Desempleado,Nueva Promotora de Salud - Nueva EPS,Envigado,47.1,Media,Perfil 1
Femenino,28,09T-TÉCNICO LABORAL EN AUXILIAR ADMINISTRATIVO,NOCHE,Desempleado,Sin registro,Envigado,47.1,Media,Perfil 3
Femenino,26,20T-TÉCNICO LABORAL EN JOYERIA,DIURNA,Independiente,Salud Total EPS,Envigado,47.1,Media,Perfil 3
Femenino,44,EXTENSIÓN - BIOSEGURIDAD,DIURNA,Independiente,Nueva Promotora de Salud - Nueva EPS,Envigado,47.1,Media,Perfil 1
Femenino,21,09T-TÉCNICO LABORAL EN AUXILIAR ADMINISTRATIVO,NOCHE,Estudiante superior,EPS Sura,Envigado,47.1,Media,Perfil 3
Femenino,21,07T-TÉCNICO LABORAL EN ATENCION Y CUIDADO DE PERSONAS MAYORES,NOCHE,Estudiante superior,EPS Sura,Envigado,47.1,Media,Perfil 1
Masculino,47,17T-TÉCNICO LABORAL EN ENTRENAMIENTO DEPORTIVO,NOCHE,Empleado,EPS Sura,Medellín,47.1,Media,Perfil 1
Masculino,44,08T-TÉCNICO LABORAL EN AUTOMOTRIZ,NOCHE,Empleado,Salud Total EPS,Envigado,47.1,Media,Perfil 1
Femenino,41,09T-TÉCNICO LABORAL EN AUXILIAR ADMINISTRATIVO,NOCHE,Estudiante superior,SISBEN V2 - Nivel 1,Envigado,47.1,Media,Perfil 2
Masculino,58,FORMACIÓN EN CONOCIMIENTOS ACADÉMICOS PARA LA ACTUALIZACIÓN DEL DESEMPEÑO DOCENTE CEFIT,NOCHE,Sin registro,Sin registro,Envigado,47.1,Media,Perfil 1
Femenino,38,EXTENSIÓN - BIOSEGURIDAD,DIURNA,Sin registro,Sin registro,Envigado,47.0,Media,Perfil 2
Femenino,38,EXTENSIÓN - BIOSEGURIDAD,DIURNA,Sin registro,Sin registro,Envigado,47.0,Media,Perfil 1
Femenino,27,14T-TÉCNICO LABORAL EN CONTABILIDAD,NOCHE,Independiente,EPS Sura,Envigado,47.0,Media,Perfil 1
Masculino,25,17T-TÉCNICO LABORAL EN ENTRENAMIENTO DEPORTIVO,DIURNA,Estudiante superior,Sin registro,Medellín,47.0,Media,Perfil 2
Femenino,17,23T-TÉCNICO LABORAL EN MARKETING Y VENTA DE PRODUCTOS Y SERVICIOS,DIURNA,Estudiante básica,Salud Total EPS,Envigado,47.0,Media,Perfil 1
Masculino,45,17T-TÉCNICO LABORAL EN ENTRENAMIENTO DEPORTIVO,NOCHE,Empleado,Sin registro,Bello,47.0,Media,Perfil 2
Femenino,20,37 - TÉCNICO POR COMPETENCIAS ASISTENTE EN ENTRENAMIENTO FÍSICO Y DEPORTIVO,DIURNA,Desempleado,SISBEN V2 - Nivel 1,Envigado,47.0,Media,Perfil 1
Masculino,16,12T-TÉCNICO LABORAL EN AUXILIAR DE RECURSO HUMANO,NOCHE,Estudiante básica,EPS Sura,Envigado,47.0,Media,Perfil 1
Femenino,21,12T-TÉCNICO LABORAL EN AUXILIAR DE RECURSO HUMANO,NOCHE,Desempleado,Salud Total EPS,Envigado,47.0,Media,Perfil 1
Femenino,21,12T-TÉCNICO LABORAL EN AUXILIAR DE RECURSO HUMANO,DIURNA,Desempleado,Nueva Promotora de Salud - Nueva EPS,Envigado,47.0,Media,Perfil 2
Femenino,45,22T-TÉCNICO LABORAL EN MARKETING DIGITAL,DIURNA,Independiente,Nueva Promotora de Salud - Nueva EPS,Envigado,47.0,Media,Perfil 2
Masculino,26,12T-TÉCNICO LABORAL EN AUXILIAR DE RECURSO HUMANO,NOCHE,Empleado,EPS Sura,Envigado,46.9,Media,Perfil 2
Masculino,18,24T-TÉCNICO LABORAL EN MECANICA AUTOMOTRIZ (Estudiantes Antiguos),DIURNA,Estudiante básica,Suramericana,Envigado,46.9,Media,Perfil 2
Femenino,18,09T-TÉCNICO LABORAL EN AUXILIAR ADMINISTRATIVO,NOCHE,Empleado,Savia Salud,Envigado,46.9,Media,Perfil 1
Masculino,61,EXTENSIÓN COMPETENCIAS COMPORTAMENTALES PARA EL TRABAJO REMOTO EN CASA,DIURNA,Sin registro,Sin registro,Medellín,46.9,Media,Perfil 1
Masculino,58,EXTENSIÓN EXCEL AVANZADO,DIURNA,Sin registro,Sin registro,Medellín,46.9,Media,Perfil 2
Masculino,61,EXTENSIÓN EXCEL AVANZADO,DIURNA,Sin registro,Sin registro,Medellín,46.9,Media,Perfil 1
Masculino,61,EXTENSIÓN HERRAMIENTAS TICS Y COMPETENCIAS COMPORTAMENTALES PARA EL TRABAJO REMOTO EN CASA,DIURNA,Sin registro,Sin registro,Medellín,46.9,Media,Perfil 2
Masculino,61,EXTENSIÓN HERRAMIENTAS TICS Y COMPETENCIAS COMPORTAMENTALES PARA EL TRABAJO REMOTO EN CASA,DIURNA,Sin registro,Sin registro,Medellín,46.9,Media,Perfil 2
Masculino,61,EXTENSIÓN COMPETENCIAS COMPORTAMENTALES PARA EL TRABAJO REMOTO EN CASA,DIURNA,Sin registro,Sin registro,Medellín,46.9,Media,Perfil 1
Masculino,54,EXTENSIÓN HERRAMIENTAS TICS MEDIO,DIURNA,Sin registro,Sin registro,Medellín,46.9,Media,Perfil 2
Femenino,53,22T-TÉCNICO LABORAL EN MARKETING DIGITAL,DIURNA,Desempleado,Coomeva EPS,Envigado,46.9,Media,Perfil 3
Femenino,21,30T-TÉCNICO LABORAL EN EDUCACIÓN PARA LA PRIMERA INFANCIA,NOCHE,Estudiante básica,Salud Total EPS,Envigado,46.9,Media,Perfil 1
Femenino,20,22T-TÉCNICO LABORAL EN MARKETING DIGITAL,NOCHE,Desempleado,Suramericana,Envigado,46.9,Media,Perfil 1
Femenino,20,13T-TÉCNICO LABORAL EN AUXILIAR EN SEGURIDAD OCUPACIONAL,NOCHE,Estudiante superior,SISBEN,Envigado,46.9,Media,Perfil 1
Femenino,22,30T-TÉCNICO LABORAL EN EDUCACIÓN PARA LA PRIMERA INFANCIA,NOCHE,Desempleado,EPS Sura,Envigado,46.9,Media,Perfil 2
Femenino,17,13T-TÉCNICO LABORAL EN AUXILIAR EN SEGURIDAD OCUPACIONAL,NOCHE,Estudiante superior,COOSALUD EPS,Envigado,46.8,Media,Perfil 1
Femenino,32,22T-TÉCNICO LABORAL EN MARKETING DIGITAL,DIURNA,Desempleado,Sin registro,Itagui,46.8,Media,Perfil 1
Femenino,38,17T-TÉCNICO LABORAL EN ENTRENAMIENTO DEPORTIVO,NOCHE,Empleado,EPS Sura,Medellín,46.8,Media,Perfil 2
Femenino,18,01-V- TÉCNICO LABORAL EN MARKETING DIGITAL A DISTANCIA,NOCHE,Estudiante superior,Salud Total EPS,Envigado,46.8,Media,Perfil 2
Femenino,58,29T-TÉCNICO LABORAL EN PANADERIA Y REPOSTERIA,NOCHE,Independiente,EPS Sura,Envigado,46.8,Media,Perfil 3
Masculino,30,36T -  TÉCNICO LABORAL EN AUXILIAR ANÁLISIS Y PROGRAMACIÓN DE SOFTWARE,NOCHE,Empleado,EPS Sura,Envigado,46.8,Media,Perfil 1
Femenino,27,09T-TÉCNICO LABORAL EN AUXILIAR ADMINISTRATIVO,NOCHE,Estudiante básica,Salud Total EPS,Envigado,46.8,Media,Perfil 2
Masculino,16,MEDIA TÉCNICA TÉCNICO EN MARKETING Y VENTA DE PRODUCTOS Y SERVICIOS,MEDIA TÉCNICA,Estudiante básica,EPS Sura,Envigado,46.8,Media,Perfil 1
Femenino,27,EXTENSIÓN - BIOSEGURIDAD,DIURNA,Sin registro,Sin registro,Itagui,46.8,Media,Perfil 2
Masculino,29,23T-TÉCNICO LABORAL EN MARKETING Y VENTA DE PRODUCTOS Y SERVICIOS,NOCHE,Empleado,Nueva Promotora de Salud - Nueva EPS,Envigado,46.8,Media,Perfil 1
Femenino,18,22T-TÉCNICO LABORAL EN MARKETING DIGITAL,DIURNA,Estudiante superior,Sanitas EPS,Envigado,46.8,Media,Perfil 1
Femenino,28,09T-TÉCNICO LABORAL EN AUXILIAR ADMINISTRATIVO,NOCHE,Desempleado,EPS Sura,Envigado,46.8,Media,Perfil 1
Masculino,40,13T-TÉCNICO LABORAL EN AUXILIAR EN SEGURIDAD OCUPACIONAL,NOCHE,Estudiante superior,EPS Sura,Envigado,46.8,Media,Perfil 1
Masculino,42,04-V Técnico Laboral Auxiliar Análisis de Datos E Inteligencia Artificial (50% Modalidad Distancia),NOCHE,Empleado,EPS Sura,Envigado,46.8,Media,Perfil 1
Masculino,19,24T-TÉCNICO LABORAL EN MECANICA AUTOMOTRIZ (Estudiantes Antiguos),DIURNA,Estudiante básica,EPS Sura,Envigado,46.8,Media,Perfil 2
Femenino,25,EXTENSIÓN MANIPULACIÓN DE ALIMENTOS,DIURNA,Sin registro,Sin registro,Envigado,46.8,Media,Perfil 1
Femenino,25,EXTENSIÓN - BIOSEGURIDAD,DIURNA,Sin registro,Sin registro,Envigado,46.8,Media,Perfil 3
Femenino,25,EXTENSIÓN - BIOSEGURIDAD,DIURNA,Sin registro,Sin registro,Envigado,46.8,Media,Perfil 2
Femenino,25,EXTENSIÓN - BIOSEGURIDAD,DIURNA,Sin registro,Sin registro,Envigado,46.8,Media,Perfil 1
Femenino,25,EXTENSIÓN - BIOSEGURIDAD,DIURNA,Sin registro,Sin registro,Envigado,46.8,Media,Perfil 2
Femenino,25,EXTENSIÓN - BIOSEGURIDAD,DIURNA,Sin registro,Sin registro,Envigado,46.8,Media,Perfil 1
Femenino,25,EXTENSIÓN - BIOSEGURIDAD,DIURNA,Sin registro,Sin registro,Envigado,46.8,Media,Perfil 3
Masculino,19,08T-TÉCNICO LABORAL EN AUTOMOTRIZ,DIURNA,Estudiante básica,Suramericana,Envigado,46.8,Media,Perfil 2
Femenino,18,09T-TÉCNICO LABORAL EN AUXILIAR ADMINISTRATIVO,DIURNA,Estudiante básica,Salud Total EPS,Sabaneta,46.7,Media,Perfil 1
Femenino,23,13T-TÉCNICO LABORAL EN AUXILIAR EN SEGURIDAD OCUPACIONAL,NOCHE,Estudiante superior,Nueva Promotora de Salud - Nueva EPS,Envigado,46.7,Media,Perfil 2
Femenino,17,MEDIA TÉCNICA - ORIENTACIÓN VOCACIONAL,MEDIA TÉCNICA,Estudiante básica,Susalud,Envigado,46.7,Media,Perfil 1
Femenino,20,09T-TÉCNICO LABORAL EN AUXILIAR ADMINISTRATIVO,NOCHE,Desempleado,SISBEN,Envigado,46.7,Media,Perfil 1
Femenino,16,29T-TÉCNICO LABORAL EN PANADERIA Y REPOSTERIA,DIURNA,Estudiante superior,Salud Total EPS,Envigado,46.7,Media,Perfil 1
Femenino,16,MEDIA TÉCNICA - ORIENTACIÓN VOCACIONAL,MEDIA TÉCNICA,Estudiante básica,SISBEN,Envigado,46.7,Media,Perfil 1
Femenino,15,MEDIA TÉCNICA - ORIENTACIÓN VOCACIONAL,MEDIA TÉCNICA,Estudiante básica,SISBEN,Envigado,46.7,Media,Perfil 2
Masculino,64,EXTENSIÓN - OFFICE 365 VIRTUAL,DIURNA,Sin registro,Sin registro,Envigado,46.7,Media,Perfil 2
Masculino,66,EXTENSIÓN MANIPULACIÓN DE ALIMENTOS,DIURNA,Sin registro,Sin registro,Envigado,46.7,Media,Perfil 3
Masculino,65,EXTENSIÓN MANIPULACIÓN DE ALIMENTOS,DIURNA,Sin registro,Sin registro,Envigado,46.7,Media,Perfil 2
Masculino,64,EXTENSIÓN HERRAMIENTAS TICS Y COMPETENCIAS COMPORTAMENTALES PARA EL TRABAJO REMOTO EN CASA,DIURNA,Sin registro,Sin registro,Envigado,46.7,Media,Perfil 2
Masculino,64,EXTENSIÓN COMPETENCIAS COMPORTAMENTALES PARA EL TRABAJO REMOTO EN CASA,DIURNA,Sin registro,Sin registro,Envigado,46.7,Media,Perfil 3
Femenino,38,12T-TÉCNICO LABORAL EN AUXILIAR DE RECURSO HUMANO,NOCHE,Empleado,Nueva Promotora de Salud - Nueva EPS,Envigado,46.7,Media,Perfil 2
Femenino,34,30T-TÉCNICO LABORAL EN EDUCACIÓN PARA LA PRIMERA INFANCIA,NOCHE,Desempleado,Salud Total EPS,Envigado,46.7,Media,Perfil 1
Femenino,54,07T-TÉCNICO LABORAL EN ATENCION Y CUIDADO DE PERSONAS MAYORES,NOCHE,Desempleado,EPS Sura,Envigado,46.7,Media,Perfil 2
Femenino,15,MEDIA TÉCNICA - ORIENTACIÓN VOCACIONAL,MEDIA TÉCNICA,Estudiante superior,Salud Total EPS,Envigado,46.6,Media,Perfil 1
Masculino,39,05-V-Técnico Laboral Auxiliar en Ciberseguridad (50% Modalidad Distancia),NOCHE,Estudiante superior,EPS Sura,Envigado,46.6,Media,Perfil 1
Femenino,33,09T-TÉCNICO LABORAL EN AUXILIAR ADMINISTRATIVO,NOCHE,Empleado,Suramericana,Envigado,46.6,Media,Perfil 1
Femenino,16,09T-TÉCNICO LABORAL EN AUXILIAR ADMINISTRATIVO,NOCHE,Desempleado,SISBEN,Envigado,46.6,Media,Perfil 1
Masculino,19,17T-TÉCNICO LABORAL EN ENTRENAMIENTO DEPORTIVO,NOCHE,Desempleado,Nueva Promotora de Salud - Nueva EPS,Envigado,46.6,Media,Perfil 2
Femenino,29,29T-TÉCNICO LABORAL EN PANADERIA Y REPOSTERIA,DIURNA,Independiente,EPS Sura,Envigado,46.6,Media,Perfil 1
Femenino,18,30T-TÉCNICO LABORAL EN EDUCACIÓN PARA LA PRIMERA INFANCIA,NOCHE,Estudiante superior,EPS Sura,Envigado,46.6,Media,Perfil 2
Femenino,17,14T-TÉCNICO LABORAL EN CONTABILIDAD,NOCHE,Desempleado,SISBEN,Envigado,46.6,Media,Perfil 2
Masculino,21,17T-TÉCNICO LABORAL EN ENTRENAMIENTO DEPORTIVO,DIURNA,Estudiante superior,SISBEN,Envigado,46.6,Media,Perfil 1
Femenino,20,18T-TÉCNICO LABORAL EN GASTRONOMÍA,NOCHE,Desempleado,SISBEN,Envigado,46.6,Media,Perfil 2
Masculino,23,24T-TÉCNICO LABORAL EN MECANICA AUTOMOTRIZ (Estudiantes Antiguos),DIURNA,Estudiante superior,Salud Total EPS,Envigado,46.6,Media,Perfil 2
Femenino,34,01-V- TÉCNICO LABORAL EN MARKETING DIGITAL A DISTANCIA,NOCHE,Empleado,Salud Total EPS,Envigado,46.6,Media,Perfil 3
Femenino,15,MEDIA TÉCNICA EN PANADERIA Y REPOSTERIA 2025,MEDIA TÉCNICA,Sin registro,Sin registro,Envigado,46.5,Media,Perfil 2
Femenino,14,MEDIA TÉCNICA TÉCNICO EN MARKETING Y VENTA DE PRODUCTOS Y SERVICIOS,MEDIA TÉCNICA,Sin registro,Sin registro,Envigado,46.5,Media,Perfil 3
Femenino,16,MEDIA TECNICA EN TÉCNICO LABORAL EN EDUCACIÓN PARA LA PRIMERA INFANCIA,MEDIA TÉCNICA,Sin registro,Sin registro,Envigado,46.5,Media,Perfil 2
Femenino,15,MEDIA TÉCNICA EN PANADERIA Y REPOSTERIA 2025,MEDIA TÉCNICA,Sin registro,Sin registro,Envigado,46.5,Media,Perfil 1
Femenino,15,MEDIA TÉCNICA TÉCNICO EN MARKETING Y VENTA DE PRODUCTOS Y SERVICIOS,MEDIA TÉCNICA,Sin registro,Sin registro,Envigado,46.5,Media,Perfil 2
Femenino,15,MEDIA TÉCNICA TÉCNICO EN MARKETING Y VENTA DE PRODUCTOS Y SERVICIOS,MEDIA TÉCNICA,Sin registro,Sin registro,Envigado,46.5,Media,Perfil 2
Femenino,16,MEDIA TÉCNICA TÉCNICO EN MARKETING Y VENTA DE PRODUCTOS Y SERVICIOS,MEDIA TÉCNICA,Sin registro,Sin registro,Envigado,46.5,Media,Perfil 2
Femenino,15,MEDIA TÉCNICA TÉCNICO EN MARKETING Y VENTA DE PRODUCTOS Y SERVICIOS,MEDIA TÉCNICA,Sin registro,Sin registro,Envigado,46.5,Media,Perfil 3
Femenino,16,MEDIA TECNICA EN TÉCNICO LABORAL EN EDUCACIÓN PARA LA PRIMERA INFANCIA,MEDIA TÉCNICA,Sin registro,Sin registro,Envigado,46.5,Media,Perfil 3
Femenino,22,18T-TÉCNICO LABORAL EN GASTRONOMÍA,NOCHE,Desempleado,EPS Sura,Envigado,46.5,Media,Perfil 3
Femenino,22,07T-TÉCNICO LABORAL EN ATENCION Y CUIDADO DE PERSONAS MAYORES,NOCHE,Desempleado,EPS Sura,Envigado,46.5,Media,Perfil 1
Femenino,23,22T-TÉCNICO LABORAL EN MARKETING DIGITAL,NOCHE,Desempleado,EPS Sura,Envigado,46.5,Media,Perfil 2
Masculino,50,16T-TÉCNICO LABORAL EN ELECTRICISTA,NOCHE,Independiente,EPS Sura,Envigado,46.5,Media,Perfil 1
Femenino,63,20T-TÉCNICO LABORAL EN JOYERIA,DIURNA,Estudiante superior,EPS Sura,Envigado,46.5,Media,Perfil 3
Masculino,18,36T -  TÉCNICO LABORAL EN AUXILIAR ANÁLISIS Y PROGRAMACIÓN DE SOFTWARE,DIURNA,Estudiante básica,Nueva Promotora de Salud - Nueva EPS,Envigado,46.5,Media,Perfil 2
Femenino,18,MEDIA TECNICA MARKETING DIGITAL,MEDIA TÉCNICA,Estudiante básica,Policía Nacional,Itagui,46.5,Media,Perfil 3
Femenino,40,FORMACIÓN EN CONOCIMIENTOS ACADÉMICOS PARA LA ACTUALIZACIÓN DEL DESEMPEÑO DOCENTE CEFIT,NOCHE,Sin registro,Sin registro,Medellín,46.5,Media,Perfil 2
Femenino,40,FORMACIÓN EN CONOCIMIENTOS ACADÉMICOS PARA LA ACTUALIZACIÓN DEL DESEMPEÑO DOCENTE CEFIT,NOCHE,Sin registro,Sin registro,Medellín,46.5,Media,Perfil 3
Femenino,25,30T-TÉCNICO LABORAL EN EDUCACIÓN PARA LA PRIMERA INFANCIA,NOCHE,Empleado,Salud Total EPS,Envigado,46.5,Media,Perfil 2
Femenino,18,23T-TÉCNICO LABORAL EN MARKETING Y VENTA DE PRODUCTOS Y SERVICIOS,NOCHE,Estudiante básica,EPS Sura,Medellín,46.5,Media,Perfil 1
Femenino,24,20T-TÉCNICO LABORAL EN JOYERIA,DIURNA,Independiente,Nueva Promotora de Salud - Nueva EPS,Envigado,46.5,Media,Perfil 2
Femenino,18,13T-TÉCNICO LABORAL EN AUXILIAR EN SEGURIDAD OCUPACIONAL,NOCHE,Desempleado,SISBEN,Envigado,46.5,Media,Perfil 1
Masculino,46,EXTENSIÓN HERRAMIENTAS TICS Y COMPETENCIAS COMPORTAMENTALES PARA EL TRABAJO REMOTO EN CASA,DIURNA,Sin registro,Sin registro,Envigado,46.5,Media,Perfil 3
Masculino,46,EXTENSIÓN COMPETENCIAS COMPORTAMENTALES PARA EL TRABAJO REMOTO EN CASA,DIURNA,Sin registro,Sin registro,Envigado,46.5,Media,Perfil 2
Masculino,46,EXTENSIÓN MANIPULACIÓN DE ALIMENTOS,DIURNA,Sin registro,Sin registro,Envigado,46.5,Media,Perfil 1
Masculino,46,EXTENSIÓN EXCEL AVANZADO,DIURNA,Sin registro,Sin registro,Envigado,46.5,Media,Perfil 1
Masculino,30,17T-TÉCNICO LABORAL EN ENTRENAMIENTO DEPORTIVO,NOCHE,Empleado,EPS Sura,Envigado,46.5,Media,Perfil 1
Masculino,45,EXTENSIÓN MANIPULACIÓN DE ALIMENTOS,DIURNA,Sin registro,Sin registro,Envigado,46.5,Media,Perfil 3
Masculino,36,EXTENSIÓN - BIOSEGURIDAD,DIURNA,Sin registro,Sin registro,Sabaneta,46.5,Media,Perfil 2
Masculino,55,EXTENSIÓN - BIOSEGURIDAD,DIURNA,Sin registro,Sin registro,Envigado,46.5,Media,Perfil 1
Masculino,55,EXTENSIÓN MANIPULACIÓN DE ALIMENTOS,DIURNA,Sin registro,Sin registro,Envigado,46.5,Media,Perfil 1
Masculino,54,EXTENSION HERRAMIENTAS TICS,DIURNA,Sin registro,Sin registro,Envigado,46.5,Media,Perfil 2
Femenino,26,12T-TÉCNICO LABORAL EN AUXILIAR DE RECURSO HUMANO,NOCHE,Desempleado,EPS Sura,Envigado,46.5,Media,Perfil 2
Masculino,21,08T-TÉCNICO LABORAL EN AUTOMOTRIZ,NOCHE,Estudiante básica,EPS Sura,Envigado,46.5,Media,Perfil 1
Masculino,44,EXTENSIÓN EXCEL AVANZADO,DIURNA,Sin registro,Sin registro,Envigado,46.4,Media,Perfil 1
Femenino,25,23T-TÉCNICO LABORAL EN MARKETING Y VENTA DE PRODUCTOS Y SERVICIOS,DIURNA,Estudiante básica,EPS Sura,Envigado,46.4,Media,Perfil 2
Femenino,27,06-VTécnico Laboral en Asistente Community Manager y Redes Sociales (50% Modalidad Distancia),DIURNA,Independiente,Savia Salud,Envigado,46.4,Media,Perfil 2
Femenino,39,EXTENSIÓN - BIOSEGURIDAD,DIURNA,Sin registro,Sin registro,Envigado,46.4,Media,Perfil 2
Femenino,39,EXTENSIÓN MANIPULACIÓN DE ALIMENTOS,DIURNA,Sin registro,Sin registro,Envigado,46.4,Media,Perfil 1
Masculino,40,23T-TÉCNICO LABORAL EN MARKETING Y VENTA DE PRODUCTOS Y SERVICIOS,NOCHE,Empleado,EPS Sura,Envigado,46.4,Media,Perfil 3
Femenino,17,29T-TÉCNICO LABORAL EN PANADERIA Y REPOSTERIA,DIURNA,Estudiante básica,Caja de Compensación Familiar COMFENALCO ANTIOQUIA,Envigado,46.4,Media,Perfil 3
Femenino,21,36T -  TÉCNICO LABORAL EN AUXILIAR ANÁLISIS Y PROGRAMACIÓN DE SOFTWARE,NOCHE,Desempleado,Nueva Promotora de Salud - Nueva EPS,Envigado,46.4,Media,Perfil 1
Femenino,46,07T-TÉCNICO LABORAL EN ATENCION Y CUIDADO DE PERSONAS MAYORES,NOCHE,Independiente,EPS Sura,Itagui,46.4,Media,Perfil 2
Masculino,59,EXTENSIÓN EXCEL AVANZADO,DIURNA,Sin registro,Sin registro,Envigado,46.4,Media,Perfil 2
Masculino,59,EXTENSIÓN MANIPULACIÓN DE ALIMENTOS,DIURNA,Sin registro,Sin registro,Envigado,46.4,Media,Perfil 2
Femenino,32,05-V-Técnico Laboral Auxiliar en Ciberseguridad (50% Modalidad Distancia),NOCHE,Independiente,EPS Sura,Envigado,46.4,Media,Perfil 2
Femenino,25,21T-TÉCNICO LABORAL EN MANTENIMIENTO DE COMPUTADORES Y REDES LOCALES DE DATOS,NOCHE,Independiente,EPS Sura,Envigado,46.4,Media,Perfil 1
Masculino,47,EXTENSIÓN - BIOSEGURIDAD,DIURNA,Sin registro,Sin registro,Envigado,46.4,Media,Perfil 1
Masculino,48,17T-TÉCNICO LABORAL EN ENTRENAMIENTO DEPORTIVO,NOCHE,Empleado,EPS Sura,Envigado,46.4,Media,Perfil 1
Masculino,42,EXTENSIÓN MANIPULACIÓN DE ALIMENTOS,DIURNA,Sin registro,Sin registro,Envigado,46.4,Media,Perfil 2
Masculino,21,09T-TÉCNICO LABORAL EN AUXILIAR ADMINISTRATIVO,NOCHE,Empleado,Nueva Promotora de Salud - Nueva EPS,Envigado,46.4,Media,Perfil 2
Femenino,30,09T-TÉCNICO LABORAL EN AUXILIAR ADMINISTRATIVO,NOCHE,Empleado,SISBEN,Envigado,46.4,Media,Perfil 1
Masculino,56,EXTENSION HERRAMIENTAS TICS,DIURNA,Sin registro,Sin registro,Envigado,46.3,Media,Perfil 2
Masculino,56,EXTENSIÓN WORD AVANZADO VIRTUAL,DIURNA,Sin registro,Sin registro,Envigado,46.3,Media,Perfil 3
Femenino,26,29T-TÉCNICO LABORAL EN PANADERIA Y REPOSTERIA,NOCHE,Desempleado,SISBEN,Envigado,46.3,Media,Perfil 1
Femenino,48,07T-TÉCNICO LABORAL EN ATENCION Y CUIDADO DE PERSONAS MAYORES,NOCHE,Independiente,EPS Sura,Envigado,46.3,Media,Perfil 2
Femenino,15,MEDIA TÉCNICA EN PANADERIA Y REPOSTERIA 2025,MEDIA TÉCNICA,Sin registro,Sin registro,Envigado,46.3,Media,Perfil 2
Femenino,17,MEDIA TÉCNICA - ORIENTACIÓN VOCACIONAL,MEDIA TÉCNICA,Estudiante básica,Sin registro,Envigado,46.3,Media,Perfil 2
Femenino,17,MEDIA TÉCNICA - ORIENTACIÓN VOCACIONAL,MEDIA TÉCNICA,Estudiante básica,Sin registro,Envigado,46.3,Media,Perfil 1
Masculino,59,17T-TÉCNICO LABORAL EN ENTRENAMIENTO DEPORTIVO,NOCHE,Empleado,EPS Sura,Envigado,46.3,Media,Perfil 3
Femenino,29,22T-TÉCNICO LABORAL EN MARKETING DIGITAL,DIURNA,Independiente,EPS Sura,Envigado,46.3,Media,Perfil 1
Masculino,48,EXTENSIÓN - ESTANDARES DE INSPECCION SANITARIA,DIURNA,Sin registro,Sin registro,Envigado,46.3,Media,Perfil 2
Femenino,20,18T-TÉCNICO LABORAL EN GASTRONOMÍA,DIURNA,Desempleado,EPS Sura,Medellín,46.3,Media,Perfil 3
Femenino,22,09T-TÉCNICO LABORAL EN AUXILIAR ADMINISTRATIVO,DIURNA,Estudiante superior,Sin registro,Envigado,46.3,Media,Perfil 1
Femenino,22,30T-TÉCNICO LABORAL EN EDUCACIÓN PARA LA PRIMERA INFANCIA,NOCHE,Empleado,Nueva Promotora de Salud - Nueva EPS,Envigado,46.3,Media,Perfil 1
Femenino,19,12T-TÉCNICO LABORAL EN AUXILIAR DE RECURSO HUMANO,NOCHE,Desempleado,Coomeva EPS,Envigado,46.3,Media,Perfil 1
Femenino,26,EXTENSIÓN - BIOSEGURIDAD,DIURNA,Sin registro,Sin registro,Envigado,46.3,Media,Perfil 3
Femenino,26,EXTENSIÓN EXCEL AVANZADO,DIURNA,Sin registro,Sin registro,Envigado,46.3,Media,Perfil 1
Femenino,26,EXTENSIÓN - BIOSEGURIDAD,DIURNA,Sin registro,Sin registro,Envigado,46.3,Media,Perfil 1
Femenino,26,EXTENSIÓN - BIOSEGURIDAD,DIURNA,Sin registro,Sin registro,Envigado,46.3,Media,Perfil 1
Femenino,26,EXTENSION HERRAMIENTAS TICS,DIURNA,Sin registro,Sin registro,Envigado,46.3,Media,Perfil 2
Femenino,26,EXTENSIÓN HERRAMIENTAS TICS MEDIO,DIURNA,Sin registro,Sin registro,Envigado,46.3,Media,Perfil 2
Femenino,26,EXTENSION HERRAMIENTAS TICS,DIURNA,Sin registro,Sin registro,Envigado,46.3,Media,Perfil 3
Femenino,26,EXTENSION HERRAMIENTAS TICS,DIURNA,Sin registro,Sin registro,Envigado,46.3,Media,Perfil 1
Femenino,21,29T-TÉCNICO LABORAL EN PANADERIA Y REPOSTERIA,DIURNA,Desempleado,Savia Salud,Envigado,46.3,Media,Perfil 1
Femenino,56,07T-TÉCNICO LABORAL EN ATENCION Y CUIDADO DE PERSONAS MAYORES,NOCHE,Desempleado,Nueva Promotora de Salud - Nueva EPS,Envigado,46.3,Media,Perfil 2
Masculino,27,25T-TÉCNICO LABORAL EN MECANICA DE MOTOCICLETAS,NOCHE,Empleado,Suramericana,Envigado,46.3,Media,Perfil 1
Femenino,17,21T-TÉCNICO LABORAL EN MANTENIMIENTO DE COMPUTADORES Y REDES LOCALES DE DATOS,NOCHE,Estudiante superior,EPS Sura,Envigado,46.3,Media,Perfil 3
Femenino,18,29T-TÉCNICO LABORAL EN PANADERIA Y REPOSTERIA,DIURNA,Estudiante superior,Salud Total EPS,Envigado,46.2,Media,Perfil 1
Femenino,25,12T-TÉCNICO LABORAL EN AUXILIAR DE RECURSO HUMANO,NOCHE,Independiente,EPS Sura,Envigado,46.2,Media,Perfil 1
Femenino,28,14T-TÉCNICO LABORAL EN CONTABILIDAD,DIURNA,Empleado,SISBEN,Envigado,46.2,Media,Perfil 2
Femenino,46,18T-TÉCNICO LABORAL EN GASTRONOMÍA,NOCHE,Independiente,SISBEN,Envigado,46.2,Media,Perfil 2
Femenino,17,30T-TÉCNICO LABORAL EN EDUCACIÓN PARA LA PRIMERA INFANCIA,NOCHE,Desempleado,Salud Total EPS,Envigado,46.2,Media,Perfil 1
Femenino,22,09T-TÉCNICO LABORAL EN AUXILIAR ADMINISTRATIVO,DIURNA,Estudiante básica,Nueva Promotora de Salud - Nueva EPS,Envigado,46.2,Media,Perfil 2
Femenino,17,MEDIA TECNICA MARKETING DIGITAL,MEDIA TÉCNICA,Estudiante básica,Coomeva EPS,Medellín,46.2,Media,Perfil 1
Masculino,19,17T-TÉCNICO LABORAL EN ENTRENAMIENTO DEPORTIVO,NOCHE,Independiente,Sin registro,Envigado,46.2,Media,Perfil 1
Femenino,35,09T-TÉCNICO LABORAL EN AUXILIAR ADMINISTRATIVO,DIURNA,Desempleado,Savia Salud,Envigado,46.2,Media,Perfil 1
Femenino,58,07T-TÉCNICO LABORAL EN ATENCION Y CUIDADO DE PERSONAS MAYORES,NOCHE,Empleado,EPS Sura,Envigado,46.2,Media,Perfil 1
Femenino,50,18T-TÉCNICO LABORAL EN GASTRONOMÍA,NOCHE,Desempleado,Sin registro,Envigado,46.2,Media,Perfil 2
Femenino,20,30T-TÉCNICO LABORAL EN EDUCACIÓN PARA LA PRIMERA INFANCIA,NOCHE,Desempleado,Savia Salud,Envigado,46.2,Media,Perfil 3
Femenino,62,EXT - COCINA BÁSICA,NOCHE,Empleado,EPS Sura,Envigado,46.2,Media,Perfil 2
Femenino,15,MEDIA TÉCNICA - ORIENTACIÓN VOCACIONAL,MEDIA TÉCNICA,Estudiante básica,Sin registro,Medellín,46.1,Media,Perfil 2
Femenino,16,MEDIA TÉCNICA - ORIENTACIÓN VOCACIONAL,MEDIA TÉCNICA,Estudiante básica,Salud Total EPS,Envigado,46.1,Media,Perfil 1
Femenino,20,13T-TÉCNICO LABORAL EN AUXILIAR EN SEGURIDAD OCUPACIONAL,NOCHE,Desempleado,Comfenalco valle E.P.S.,Envigado,46.1,Media,Perfil 1
Femenino,49,EXTENSIÓN HERRAMIENTAS TICS MEDIO,DIURNA,Empleado,Fundación Medico Preventiva,Envigado,46.1,Media,Perfil 2
Femenino,25,01-V- TÉCNICO LABORAL EN MARKETING DIGITAL A DISTANCIA,NOCHE,Empleado,Savia Salud,Envigado,46.1,Media,Perfil 2
Femenino,47,07T-TÉCNICO LABORAL EN ATENCION Y CUIDADO DE PERSONAS MAYORES,NOCHE,Desempleado,Colsanitas,Envigado,46.1,Media,Perfil 2
Femenino,37,13T-TÉCNICO LABORAL EN AUXILIAR EN SEGURIDAD OCUPACIONAL,NOCHE,Empleado,Sanitas EPS,Envigado,46.1,Media,Perfil 2
Femenino,21,12T-TÉCNICO LABORAL EN AUXILIAR DE RECURSO HUMANO,NOCHE,Desempleado,Salud Total EPS,Envigado,46.1,Media,Perfil 1
Femenino,35,22T-TÉCNICO LABORAL EN MARKETING DIGITAL,NOCHE,Independiente,Sanitas EPS,Envigado,46.1,Media,Perfil 1
Masculino,40,08T-TÉCNICO LABORAL EN AUTOMOTRIZ,NOCHE,Empleado,EPS Sura,Envigado,46.1,Media,Perfil 1
Femenino,40,22T-TÉCNICO LABORAL EN MARKETING DIGITAL,NOCHE,Independiente,EPS Sura,Envigado,46.1,Media,Perfil 3
Femenino,39,07T-TÉCNICO LABORAL EN ATENCION Y CUIDADO DE PERSONAS MAYORES,NOCHE,Empleado,Sin registro,Envigado,46.1,Media,Perfil 2
Femenino,16,MEDIA TÉCNICA TÉCNICO EN MARKETING Y VENTA DE PRODUCTOS Y SERVICIOS,MEDIA TÉCNICA,Sin registro,EPS Sura,Envigado,46.1,Media,Perfil 3
Masculino,36,18T-TÉCNICO LABORAL EN GASTRONOMÍA,NOCHE,Empleado,EPS Sura,Envigado,46.1,Media,Perfil 2
Masculino,21,03T-TÉCNICO LABORAL AUXILIAR EN LOGÍSTICA,NOCHE,Estudiante superior,EPS Sura,Envigado,46.1,Media,Perfil 3
Femenino,17,MEDIA TÉCNICA - ORIENTACIÓN VOCACIONAL,MEDIA TÉCNICA,Estudiante básica,Sin registro,Envigado,46.1,Media,Perfil 2
Masculino,21,24T-TÉCNICO LABORAL EN MECANICA AUTOMOTRIZ (Estudiantes Antiguos),DIURNA,Estudiante superior,EPS Sura,Envigado,46.1,Media,Perfil 2
Femenino,44,04-V Técnico Laboral Auxiliar Análisis de Datos E Inteligencia Artificial (50% Modalidad Distancia),NOCHE,Desempleado,Suramericana,Envigado,46.1,Media,Perfil 2
Femenino,17,MEDIA TECNICA MARKETING DIGITAL,MEDIA TÉCNICA,Estudiante básica,SISBEN,Medellín,46.1,Media,Perfil 1
Femenino,48,09T-TÉCNICO LABORAL EN AUXILIAR ADMINISTRATIVO,NOCHE,Independiente,Savia Salud,Envigado,46.1,Media,Perfil 1
Femenino,32,EXTENSIÓN - BIOSEGURIDAD,DIURNA,Sin registro,Sin registro,Envigado,46.1,Media,Perfil 3
Femenino,32,EXTENSIÓN - BIOSEGURIDAD,DIURNA,Sin registro,Sin registro,Envigado,46.1,Media,Perfil 1
Femenino,22,13T-TÉCNICO LABORAL EN AUXILIAR EN SEGURIDAD OCUPACIONAL,NOCHE,Empleado,EPS Sura,Envigado,46.1,Media,Perfil 1
Masculino,21,17T-TÉCNICO LABORAL EN ENTRENAMIENTO DEPORTIVO,NOCHE,Estudiante superior,EPS Sura,Envigado,46.1,Media,Perfil 1
Masculino,51,20T-TÉCNICO LABORAL EN JOYERIA,DIURNA,Independiente,EPS Sura,Envigado,46.1,Media,Perfil 2
Femenino,19,09T-TÉCNICO LABORAL EN AUXILIAR ADMINISTRATIVO,NOCHE,Independiente,EPS Sura,Envigado,46.1,Media,Perfil 3
Masculino,34,08T-TÉCNICO LABORAL EN AUTOMOTRIZ,NOCHE,Empleado,Colsanitas,Envigado,46.1,Media,Perfil 2
Femenino,45,09T-TÉCNICO LABORAL EN AUXILIAR ADMINISTRATIVO,NOCHE,Independiente,Suramericana,Envigado,46.0,Media,Perfil 3
Femenino,30,09T-TÉCNICO LABORAL EN AUXILIAR ADMINISTRATIVO,NOCHE,Desempleado,EPS Sura,Envigado,46.0,Media,Perfil 1
Femenino,16,MEDIA TÉCNICA - ORIENTACIÓN VOCACIONAL,MEDIA TÉCNICA,Estudiante básica,Sanitas EPS,Envigado,46.0,Media,Perfil 2
Femenino,16,MEDIA TÉCNICA - ORIENTACIÓN VOCACIONAL,MEDIA TÉCNICA,Estudiante superior,Sin registro,Envigado,46.0,Media,Perfil 1
Femenino,43,13T-TÉCNICO LABORAL EN AUXILIAR EN SEGURIDAD OCUPACIONAL,NOCHE,Desempleado,Sanitas EPS,Envigado,46.0,Media,Perfil 3
Femenino,15,MEDIA TÉCNICA - ORIENTACIÓN VOCACIONAL,MEDIA TÉCNICA,Estudiante básica,Coomeva EPS,Envigado,46.0,Media,Perfil 2
Femenino,40,09T-TÉCNICO LABORAL EN AUXILIAR ADMINISTRATIVO,NOCHE,Empleado,Suramericana,Envigado,46.0,Media,Perfil 2
Femenino,21,29T-TÉCNICO LABORAL EN PANADERIA Y REPOSTERIA,NOCHE,Desempleado,EPS Sura,Envigado,46.0,Media,Perfil 3
Femenino,62,29T-TÉCNICO LABORAL EN PANADERIA Y REPOSTERIA,NOCHE,Independiente,EPS Sura,Envigado,46.0,Media,Perfil 2
Femenino,28,EXTENSIÓN MANIPULACIÓN DE ALIMENTOS,DIURNA,Sin registro,Sin registro,Envigado,46.0,Media,Perfil 2
Femenino,28,EXTENSIÓN HERRAMIENTAS TICS Y COMPETENCIAS COMPORTAMENTALES PARA EL TRABAJO REMOTO EN CASA,DIURNA,Sin registro,Sin registro,Envigado,46.0,Media,Perfil 3
Femenino,27,EXTENSIÓN - BIOSEGURIDAD,DIURNA,Sin registro,Sin registro,Envigado,46.0,Media,Perfil 2
Femenino,28,EXTENSIÓN - BIOSEGURIDAD,DIURNA,Sin registro,Sin registro,Envigado,46.0,Media,Perfil 2
Femenino,28,EXTENSIÓN - BIOSEGURIDAD,DIURNA,Sin registro,Sin registro,Envigado,46.0,Media,Perfil 3
Femenino,28,EXTENSIÓN COMPETENCIAS COMPORTAMENTALES PARA EL TRABAJO REMOTO EN CASA,DIURNA,Sin registro,Sin registro,Envigado,46.0,Media,Perfil 3
Femenino,27,EXTENSIÓN - BIOSEGURIDAD,DIURNA,Sin registro,Sin registro,Envigado,46.0,Media,Perfil 3
Femenino,28,EXTENSIÓN - BIOSEGURIDAD,DIURNA,Sin registro,Sin registro,Envigado,46.0,Media,Perfil 1
Femenino,28,EXTENSIÓN - BIOSEGURIDAD,DIURNA,Sin registro,Sin registro,Envigado,46.0,Media,Perfil 1
Femenino,27,EXTENSIÓN - BIOSEGURIDAD,DIURNA,Sin registro,Sin registro,Envigado,46.0,Media,Perfil 2
Femenino,27,EXTENSIÓN - BIOSEGURIDAD,DIURNA,Sin registro,Sin registro,Envigado,46.0,Media,Perfil 2
Femenino,28,EXTENSIÓN - BIOSEGURIDAD,DIURNA,Sin registro,Sin registro,Envigado,46.0,Media,Perfil 1
Femenino,27,EXTENSIÓN - BIOSEGURIDAD,DIURNA,Sin registro,Sin registro,Envigado,46.0,Media,Perfil 2
Femenino,27,EXTENSIÓN - BIOSEGURIDAD,DIURNA,Sin registro,Sin registro,Envigado,46.0,Media,Perfil 2
Femenino,28,EXTENSIÓN - BIOSEGURIDAD,DIURNA,Sin registro,Sin registro,Envigado,46.0,Media,Perfil 3
Femenino,24,14T-TÉCNICO LABORAL EN CONTABILIDAD,NOCHE,Estudiante superior,Savia Salud,Envigado,46.0,Media,Perfil 1
Masculino,22,21T-TÉCNICO LABORAL EN MANTENIMIENTO DE COMPUTADORES Y REDES LOCALES DE DATOS,NOCHE,Estudiante superior,EPS Sura,Envigado,46.0,Media,Perfil 1
Femenino,17,MEDIA TÉCNICA - ORIENTACIÓN VOCACIONAL,MEDIA TÉCNICA,Estudiante básica,Salud Total EPS,Envigado,46.0,Media,Perfil 2
Femenino,27,12T-TÉCNICO LABORAL EN AUXILIAR DE RECURSO HUMANO,NOCHE,Empleado,Salud Total EPS,Envigado,46.0,Media,Perfil 3
Masculino,43,09T-TÉCNICO LABORAL EN AUXILIAR ADMINISTRATIVO,NOCHE,Empleado,EPS Sura,Envigado,46.0,Media,Perfil 1
Femenino,18,13T-TÉCNICO LABORAL EN AUXILIAR EN SEGURIDAD OCUPACIONAL,NOCHE,Estudiante superior,Savia Salud,Envigado,46.0,Media,Perfil 2
Masculino,26,14T-TÉCNICO LABORAL EN CONTABILIDAD,DIURNA,Empleado,EPS Sura,Envigado,46.0,Media,Perfil 2
Femenino,41,23T-TÉCNICO LABORAL EN MARKETING Y VENTA DE PRODUCTOS Y SERVICIOS,DIURNA,Desempleado,Suramericana,Envigado,46.0,Media,Perfil 3
Femenino,21,12T-TÉCNICO LABORAL EN AUXILIAR DE RECURSO HUMANO,DIURNA,Estudiante superior,Nueva Promotora de Salud - Nueva EPS,Envigado,45.9,Media,Perfil 3
Masculino,49,EXTENSIÓN MANIPULACIÓN DE ALIMENTOS,DIURNA,Sin registro,Sin registro,Envigado,45.9,Media,Perfil 1
Masculino,20,08T-TÉCNICO LABORAL EN AUTOMOTRIZ,DIURNA,Estudiante básica,EPS Sura,Envigado,45.9,Media,Perfil 1
Femenino,24,12T-TÉCNICO LABORAL EN AUXILIAR DE RECURSO HUMANO,NOCHE,Desempleado,EPS Sura,Envigado,45.9,Media,Perfil 1
Femenino,17,12T-TÉCNICO LABORAL EN AUXILIAR DE RECURSO HUMANO,NOCHE,Estudiante básica,Salud Total EPS,Envigado,45.9,Media,Perfil 2
Femenino,32,14T-TÉCNICO LABORAL EN CONTABILIDAD,NOCHE,Desempleado,Savia Salud,Envigado,45.9,Media,Perfil 3
Femenino,35,30T-TÉCNICO LABORAL EN EDUCACIÓN PARA LA PRIMERA INFANCIA,NOCHE,Empleado,SISBEN,Envigado,45.9,Media,Perfil 2
Femenino,42,EXTENSION HERRAMIENTAS TICS,DIURNA,Empleado,Fundación Medico Preventiva,Envigado,45.9,Media,Perfil 2
Femenino,34,22T-TÉCNICO LABORAL EN MARKETING DIGITAL,NOCHE,Empleado,Salud Total EPS,Envigado,45.9,Media,Perfil 1
Femenino,20,21T-TÉCNICO LABORAL EN MANTENIMIENTO DE COMPUTADORES Y REDES LOCALES DE DATOS,NOCHE,Empleado,SISBEN,Envigado,45.9,Media,Perfil 2
Femenino,19,29T-TÉCNICO LABORAL EN PANADERIA Y REPOSTERIA,DIURNA,Estudiante superior,Savia Salud,Envigado,45.9,Media,Perfil 2
Femenino,22,09T-TÉCNICO LABORAL EN AUXILIAR ADMINISTRATIVO,NOCHE,Desempleado,EPS Sura,Envigado,45.9,Media,Perfil 1
Femenino,36,EXTENSIÓN MANIPULACIÓN DE ALIMENTOS,DIURNA,Sin registro,Sin registro,Envigado,45.9,Media,Perfil 2
Femenino,54,EXTENSIÓN HERRAMIENTAS TICS MEDIO,DIURNA,Empleado,MEDIMAS,Rionegro,45.9,Media,Perfil 1
Femenino,15,MEDIA TÉCNICA - ORIENTACIÓN VOCACIONAL,MEDIA TÉCNICA,Estudiante básica,Sin registro,Envigado,45.9,Media,Perfil 3
Femenino,29,23T-TÉCNICO LABORAL EN MARKETING Y VENTA DE PRODUCTOS Y SERVICIOS,NOCHE,Desempleado,EPS Sura,Envigado,45.8,Media,Perfil 2
Femenino,21,22T-TÉCNICO LABORAL EN MARKETING DIGITAL,DIURNA,Independiente,Sanitas EPS,Envigado,45.8,Media,Perfil 1
Femenino,33,EXTENSIÓN - BIOSEGURIDAD,DIURNA,Sin registro,Sin registro,Medellín,45.8,Media,Perfil 2
Masculino,19,31T-TÉCNICO LABORAL EN SISTEMAS (Estudiantes Antiguos),NOCHE,Desempleado,EPS Sura,Envigado,45.8,Media,Perfil 3
Femenino,16,MEDIA TÉCNICA - ORIENTACIÓN VOCACIONAL,MEDIA TÉCNICA,Estudiante básica,Cafesalud  EPS,Medellín,45.8,Media,Perfil 2
Femenino,26,14T-TÉCNICO LABORAL EN CONTABILIDAD,NOCHE,Desempleado,EPS Sura,Envigado,45.8,Media,Perfil 2
Femenino,17,MEDIA TÉCNICA EN PANADERIA Y REPOSTERIA 2025,MEDIA TÉCNICA,Estudiante superior,Sin registro,Envigado,45.8,Media,Perfil 1
Femenino,36,18T-TÉCNICO LABORAL EN GASTRONOMÍA,DIURNA,Empleado,Sin registro,Envigado,45.8,Media,Perfil 3
Femenino,21,27T-TÉCNICO LABORAL EN MERCADEO Y VENTAS (Estudiantes Antiguos),DIURNA,Desempleado,Sin registro,Envigado,45.8,Media,Perfil 3
Femenino,18,18T-TÉCNICO LABORAL EN GASTRONOMÍA,DIURNA,Desempleado,EPS Sura,Envigado,45.8,Media,Perfil 1
Femenino,38,EXTENSIÓN - BIOSEGURIDAD,DIURNA,Sin registro,Sin registro,Envigado,45.8,Media,Perfil 1
Femenino,14,MEDIA TÉCNICA - ORIENTACIÓN VOCACIONAL,MEDIA TÉCNICA,Estudiante básica,Nueva Promotora de Salud - Nueva EPS,Envigado,45.8,Media,Perfil 2
Femenino,20,22T-TÉCNICO LABORAL EN MARKETING DIGITAL,DIURNA,Desempleado,Salud Total EPS,Envigado,45.8,Media,Perfil 2
Femenino,18,29T-TÉCNICO LABORAL EN PANADERIA Y REPOSTERIA,DIURNA,Estudiante básica,Savia Salud,Envigado,45.7,Media,Perfil 2
Femenino,29,EXTENSIÓN - BIOSEGURIDAD,DIURNA,Sin registro,Sin registro,Envigado,45.7,Media,Perfil 2
Femenino,29,EXTENSIÓN - BIOSEGURIDAD,DIURNA,Sin registro,Sin registro,Envigado,45.7,Media,Perfil 2
Femenino,29,EXTENSIÓN - BIOSEGURIDAD,DIURNA,Sin registro,Sin registro,Envigado,45.7,Media,Perfil 1
Femenino,29,EXTENSIÓN MANIPULACIÓN DE ALIMENTOS,DIURNA,Sin registro,Sin registro,Envigado,45.7,Media,Perfil 1
Femenino,29,EXTENSIÓN MANIPULACIÓN DE ALIMENTOS,DIURNA,Sin registro,Sin registro,Envigado,45.7,Media,Perfil 1
Femenino,29,EXTENSIÓN - BIOSEGURIDAD,DIURNA,Sin registro,Sin registro,Envigado,45.7,Media,Perfil 2
Femenino,29,EXTENSIÓN - BIOSEGURIDAD,DIURNA,Sin registro,Sin registro,Envigado,45.7,Media,Perfil 3
Femenino,18,09T-TÉCNICO LABORAL EN AUXILIAR ADMINISTRATIVO,DIURNA,Desempleado,Sanitas EPS,Envigado,45.7,Media,Perfil 2
Femenino,18,07T-TÉCNICO LABORAL EN ATENCION Y CUIDADO DE PERSONAS MAYORES,NOCHE,Estudiante superior,EPS Sura,Envigado,45.7,Media,Perfil 3
Femenino,17,09T-TÉCNICO LABORAL EN AUXILIAR ADMINISTRATIVO,DIURNA,Estudiante básica,Salud Total EPS,Envigado,45.7,Media,Perfil 3
Femenino,43,12T-TÉCNICO LABORAL EN AUXILIAR DE RECURSO HUMANO,DIURNA,Desempleado,Sin registro,Envigado,45.7,Media,Perfil 2
Femenino,19,14T-TÉCNICO LABORAL EN CONTABILIDAD,DIURNA,Estudiante superior,Savia Salud,Envigado,45.7,Media,Perfil 1
Femenino,38,22T-TÉCNICO LABORAL EN MARKETING DIGITAL,DIURNA,Independiente,EPS Sura,Envigado,45.7,Media,Perfil 1
Femenino,64,29T-TÉCNICO LABORAL EN PANADERIA Y REPOSTERIA,DIURNA,Estudiante superior,EPS Sura,Envigado,45.7,Media,Perfil 3
Femenino,34,22T-TÉCNICO LABORAL EN MARKETING DIGITAL,NOCHE,Independiente,EPS Sura,Envigado,45.7,Media,Perfil 2
Masculino,18,14T-TÉCNICO LABORAL EN CONTABILIDAD,DIURNA,Estudiante básica,EPS Sura,Envigado,45.7,Media,Perfil 2
Masculino,18,37 - TÉCNICO POR COMPETENCIAS ASISTENTE EN ENTRENAMIENTO FÍSICO Y DEPORTIVO,DIURNA,Estudiante básica,EPS Sura,Envigado,45.7,Media,Perfil 1
Femenino,27,29T-TÉCNICO LABORAL EN PANADERIA Y REPOSTERIA,NOCHE,Estudiante superior,EPS Sura,Envigado,45.7,Media,Perfil 2
Femenino,21,09T-TÉCNICO LABORAL EN AUXILIAR ADMINISTRATIVO,DIURNA,Desempleado,Sin registro,Envigado,45.7,Media,Perfil 3
Femenino,45,EXTENSIÓN - ESTANDARES DE INSPECCION SANITARIA,DIURNA,Sin registro,Sin registro,Envigado,45.7,Media,Perfil 2
Femenino,45,EXTENSIÓN MANIPULACIÓN DE ALIMENTOS,DIURNA,Sin registro,Sin registro,Envigado,45.7,Media,Perfil 3
Femenino,21,09T-TÉCNICO LABORAL EN AUXILIAR ADMINISTRATIVO,DIURNA,Desempleado,Nueva Promotora de Salud - Nueva EPS,Envigado,45.7,Media,Perfil 1
Femenino,15,MEDIA TÉCNICA - ORIENTACIÓN VOCACIONAL,MEDIA TÉCNICA,Estudiante básica,Savia Salud,Envigado,45.7,Media,Perfil 1
Femenino,17,MEDIA TÉCNICA - ORIENTACIÓN VOCACIONAL,MEDIA TÉCNICA,Estudiante básica,Salud Total EPS,Envigado,45.7,Media,Perfil 1
Femenino,60,29T-TÉCNICO LABORAL EN PANADERIA Y REPOSTERIA,DIURNA,Desempleado,Suramericana,Envigado,45.7,Media,Perfil 1
Femenino,43,13T-TÉCNICO LABORAL EN AUXILIAR EN SEGURIDAD OCUPACIONAL,NOCHE,Empleado,Sin registro,Envigado,45.6,Media,Perfil 2
Masculino,17,08T-TÉCNICO LABORAL EN AUTOMOTRIZ,DIURNA,Estudiante básica,EPS Sura,Envigado,45.6,Media,Perfil 3
Masculino,18,09T-TÉCNICO LABORAL EN AUXILIAR ADMINISTRATIVO,DIURNA,Estudiante básica,EPS Sura,Envigado,45.6,Media,Perfil 3
Femenino,37,07T-TÉCNICO LABORAL EN ATENCION Y CUIDADO DE PERSONAS MAYORES,NOCHE,Estudiante básica,EPS Sura,Envigado,45.6,Media,Perfil 3
Femenino,31,22T-TÉCNICO LABORAL EN MARKETING DIGITAL,DIURNA,Independiente,EPS Sura,Envigado,45.6,Media,Perfil 3
Femenino,24,14T-TÉCNICO LABORAL EN CONTABILIDAD,NOCHE,Desempleado,EPS Sura,Envigado,45.6,Media,Perfil 1
Femenino,24,25T-TÉCNICO LABORAL EN MECANICA DE MOTOCICLETAS,NOCHE,Desempleado,EPS Sura,Envigado,45.6,Media,Perfil 1
Femenino,34,09T-TÉCNICO LABORAL EN AUXILIAR ADMINISTRATIVO,NOCHE,Empleado,EPS Sura,Envigado,45.6,Media,Perfil 2
Femenino,15,MEDIA TECNICA EN TÉCNICO LABORAL EN EDUCACIÓN PARA LA PRIMERA INFANCIA,MEDIA TÉCNICA,Estudiante básica,Nueva Promotora de Salud - Nueva EPS,Medellín,45.6,Media,Perfil 2
Femenino,19,30T-TÉCNICO LABORAL EN EDUCACIÓN PARA LA PRIMERA INFANCIA,NOCHE,Empleado,Salud Total EPS,Envigado,45.6,Media,Perfil 1
Femenino,21,22T-TÉCNICO LABORAL EN MARKETING DIGITAL,DIURNA,Desempleado,Nueva Promotora de Salud - Nueva EPS,Envigado,45.6,Media,Perfil 3
Femenino,21,12T-TÉCNICO LABORAL EN AUXILIAR DE RECURSO HUMANO,DIURNA,Empleado,SISBEN,Envigado,45.6,Media,Perfil 1
Femenino,20,27T-TÉCNICO LABORAL EN MERCADEO Y VENTAS (Estudiantes Antiguos),NOCHE,Desempleado,No afiliado a EPS,Envigado,45.6,Media,Perfil 1
Femenino,30,29T-TÉCNICO LABORAL EN PANADERIA Y REPOSTERIA,NOCHE,Estudiante superior,EPS Sura,Envigado,45.6,Media,Perfil 1
Femenino,36,07T-TÉCNICO LABORAL EN ATENCION Y CUIDADO DE PERSONAS MAYORES,NOCHE,Desempleado,EPS Sura,Envigado,45.6,Media,Perfil 1
Femenino,19,13T-TÉCNICO LABORAL EN AUXILIAR EN SEGURIDAD OCUPACIONAL,NOCHE,Desempleado,Salud Total EPS,Envigado,45.6,Media,Perfil 2
Femenino,17,30T-TÉCNICO LABORAL EN EDUCACIÓN PARA LA PRIMERA INFANCIA,NOCHE,Desempleado,Salud Total EPS,Envigado,45.6,Media,Perfil 3
Femenino,21,22T-TÉCNICO LABORAL EN MARKETING DIGITAL,NOCHE,Estudiante superior,EPS Sura,Envigado,45.6,Media,Perfil 1
Femenino,30,09T-TÉCNICO LABORAL EN AUXILIAR ADMINISTRATIVO,NOCHE,Desempleado,EPS Sura,Envigado,45.6,Media,Perfil 2
Femenino,25,12T-TÉCNICO LABORAL EN AUXILIAR DE RECURSO HUMANO,NOCHE,Estudiante superior,EPS Sura,Envigado,45.5,Media,Perfil 1
Femenino,23,EXTENSIÓN MANIPULACIÓN DE ALIMENTOS,DIURNA,Desempleado,EPS Sura,Envigado,45.5,Media,Perfil 2
Femenino,24,EXTENSIÓN MANIPULACIÓN DE ALIMENTOS,DIURNA,Estudiante superior,Coomeva EPS,Envigado,45.5,Media,Perfil 2
Femenino,21,22T-TÉCNICO LABORAL EN MARKETING DIGITAL,NOCHE,Estudiante superior,Savia Salud,Envigado,45.5,Media,Perfil 3
Femenino,18,22T-TÉCNICO LABORAL EN MARKETING DIGITAL,DIURNA,Desempleado,EPS Sura,Envigado,45.5,Media,Perfil 1
Masculino,23,17T-TÉCNICO LABORAL EN ENTRENAMIENTO DEPORTIVO,DIURNA,Desempleado,EPS Sura,Envigado,45.5,Media,Perfil 1
Femenino,18,12T-TÉCNICO LABORAL EN AUXILIAR DE RECURSO HUMANO,DIURNA,Estudiante básica,Savia Salud,Envigado,45.5,Media,Perfil 2
Masculino,29,14T-TÉCNICO LABORAL EN CONTABILIDAD,NOCHE,Empleado,EPS Sura,Envigado,45.5,Media,Perfil 1
Masculino,31,16T-TÉCNICO LABORAL EN ELECTRICISTA,NOCHE,Empleado,EPS Sura,Medellín,45.5,Media,Perfil 2
Femenino,62,EXTENSIÓN HERRAMIENTAS TICS Y COMPETENCIAS COMPORTAMENTALES PARA EL TRABAJO REMOTO EN CASA,DIURNA,Empleado,EPS Sura,Envigado,45.5,Media,Perfil 3
Femenino,62,EXTENSIÓN COMPETENCIAS COMPORTAMENTALES PARA EL TRABAJO REMOTO EN CASA,DIURNA,Empleado,EPS Sura,Envigado,45.5,Media,Perfil 1
Femenino,26,MEDIA TECNICA EN TÉCNICO LABORAL EN EDUCACIÓN PARA LA PRIMERA INFANCIA,MEDIA TÉCNICA,Empleado,Sin registro,Envigado,45.5,Media,Perfil 1
Masculino,22,25T-TÉCNICO LABORAL EN MECANICA DE MOTOCICLETAS,NOCHE,Empleado,EPS Sura,Envigado,45.5,Media,Perfil 1
Femenino,18,29T-TÉCNICO LABORAL EN PANADERIA Y REPOSTERIA,NOCHE,Independiente,Coomeva EPS,Envigado,45.5,Media,Perfil 1
Femenino,28,09T-TÉCNICO LABORAL EN AUXILIAR ADMINISTRATIVO,NOCHE,Empleado,EPS Sura,Envigado,45.4,Media,Perfil 2
Masculino,48,17T-TÉCNICO LABORAL EN ENTRENAMIENTO DEPORTIVO,NOCHE,Independiente,EPS Sura,Envigado,45.4,Media,Perfil 2
Masculino,53,09T-TÉCNICO LABORAL EN AUXILIAR ADMINISTRATIVO,NOCHE,Empleado,EPS Sura,Envigado,45.4,Media,Perfil 1
Masculino,53,09T-TÉCNICO LABORAL EN AUXILIAR ADMINISTRATIVO,NOCHE,Empleado,EPS Sura,Envigado,45.4,Media,Perfil 1
Femenino,43,FORMACIÓN EN CONOCIMIENTOS ACADÉMICOS PARA LA ACTUALIZACIÓN DEL DESEMPEÑO DOCENTE CEFIT,NOCHE,Sin registro,Sin registro,Medellín,45.4,Media,Perfil 2
Femenino,30,EXTENSIÓN EXCEL AVANZADO,DIURNA,Sin registro,Sin registro,Envigado,45.4,Media,Perfil 3
Femenino,30,EXTENSIÓN - BIOSEGURIDAD,DIURNA,Sin registro,Sin registro,Envigado,45.4,Media,Perfil 2
Femenino,30,EXTENSIÓN WORD AVANZADO VIRTUAL,DIURNA,Sin registro,Sin registro,Envigado,45.4,Media,Perfil 1
Femenino,18,09T-TÉCNICO LABORAL EN AUXILIAR ADMINISTRATIVO,NOCHE,Estudiante superior,EPS Sura,Envigado,45.4,Media,Perfil 3
Femenino,28,07T-TÉCNICO LABORAL EN ATENCION Y CUIDADO DE PERSONAS MAYORES,NOCHE,Desempleado,EPS Sura,Envigado,45.4,Media,Perfil 2
Femenino,41,EXTENSIÓN MANIPULACIÓN DE ALIMENTOS,DIURNA,Sin registro,Sin registro,Medellín,45.4,Media,Perfil 2
Femenino,41,EXTENSIÓN - BIOSEGURIDAD,DIURNA,Sin registro,Sin registro,Medellín,45.4,Media,Perfil 1
Femenino,19,18T-TÉCNICO LABORAL EN GASTRONOMÍA,DIURNA,Desempleado,Savia Salud,Envigado,45.4,Media,Perfil 1
Femenino,16,12T-TÉCNICO LABORAL EN AUXILIAR DE RECURSO HUMANO,NOCHE,Estudiante básica,Savia Salud,Envigado,45.4,Media,Perfil 1
Femenino,18,07T-TÉCNICO LABORAL EN ATENCION Y CUIDADO DE PERSONAS MAYORES,NOCHE,Estudiante básica,Savia Salud,Envigado,45.4,Media,Perfil 2
Femenino,46,14T-TÉCNICO LABORAL EN CONTABILIDAD,NOCHE,Desempleado,Sin registro,Envigado,45.4,Media,Perfil 3
Femenino,18,09T-TÉCNICO LABORAL EN AUXILIAR ADMINISTRATIVO,NOCHE,Estudiante básica,EPS Sura,Envigado,45.4,Media,Perfil 1
Femenino,39,17T-TÉCNICO LABORAL EN ENTRENAMIENTO DEPORTIVO,NOCHE,Independiente,Savia Salud,Envigado,45.4,Media,Perfil 1
Femenino,19,27T-TÉCNICO LABORAL EN MERCADEO Y VENTAS (Estudiantes Antiguos),DIURNA,Estudiante superior,Suramericana,Envigado,45.4,Media,Perfil 1
Femenino,43,09T-TÉCNICO LABORAL EN AUXILIAR ADMINISTRATIVO,DIURNA,Empleado,SISBEN V2 - Nivel 3,Envigado,45.4,Media,Perfil 2
Masculino,20,17T-TÉCNICO LABORAL EN ENTRENAMIENTO DEPORTIVO,NOCHE,Empleado,EPS Sura,Envigado,45.4,Media,Perfil 1
Femenino,27,23T-TÉCNICO LABORAL EN MARKETING Y VENTA DE PRODUCTOS Y SERVICIOS,NOCHE,Empleado,SISBEN,Envigado,45.4,Media,Perfil 1
Femenino,40,20T-TÉCNICO LABORAL EN JOYERIA,DIURNA,Independiente,Sin registro,Envigado,45.4,Media,Perfil 1
Femenino,29,22T-TÉCNICO LABORAL EN MARKETING DIGITAL,NOCHE,Independiente,EPS Sura,Envigado,45.3,Media,Perfil 2
Masculino,51,EXTENSIÓN - BIOSEGURIDAD,DIURNA,Sin registro,Sin registro,Envigado,45.3,Media,Perfil 1
Masculino,51,EXTENSIÓN MANIPULACIÓN DE ALIMENTOS,DIURNA,Sin registro,Sin registro,Envigado,45.3,Media,Perfil 3
Femenino,17,MEDIA TÉCNICA EN PANADERIA Y REPOSTERIA 2025,MEDIA TÉCNICA,Estudiante superior,Sin registro,Envigado,45.3,Media,Perfil 1
Femenino,19,36T -  TÉCNICO LABORAL EN AUXILIAR ANÁLISIS Y PROGRAMACIÓN DE SOFTWARE,NOCHE,Desempleado,Salud Total EPS,Envigado,45.3,Media,Perfil 1
Masculino,23,17T-TÉCNICO LABORAL EN ENTRENAMIENTO DEPORTIVO,DIURNA,Desempleado,Sin registro,Envigado,45.3,Media,Perfil 1
Femenino,19,09T-TÉCNICO LABORAL EN AUXILIAR ADMINISTRATIVO,DIURNA,Estudiante básica,Nueva Promotora de Salud - Nueva EPS,Envigado,45.3,Media,Perfil 1
Femenino,26,09T-TÉCNICO LABORAL EN AUXILIAR ADMINISTRATIVO,DIURNA,Desempleado,EPS Sura,Envigado,45.3,Media,Perfil 2
Femenino,17,23T-TÉCNICO LABORAL EN MARKETING Y VENTA DE PRODUCTOS Y SERVICIOS,DIURNA,Estudiante básica,Sin registro,Envigado,45.3,Media,Perfil 3
Femenino,18,22T-TÉCNICO LABORAL EN MARKETING DIGITAL,DIURNA,Estudiante superior,EPS Sura,Envigado,45.3,Media,Perfil 1
Masculino,20,09T-TÉCNICO LABORAL EN AUXILIAR ADMINISTRATIVO,NOCHE,Empleado,EPS Sura,Envigado,45.3,Media,Perfil 1
Femenino,24,09T-TÉCNICO LABORAL EN AUXILIAR ADMINISTRATIVO,NOCHE,Desempleado,Salud Total EPS,Envigado,45.3,Media,Perfil 1
Femenino,39,09T-TÉCNICO LABORAL EN AUXILIAR ADMINISTRATIVO,NOCHE,Independiente,Coomeva EPS,Envigado,45.3,Media,Perfil 1
Femenino,28,30T-TÉCNICO LABORAL EN EDUCACIÓN PARA LA PRIMERA INFANCIA,NOCHE,Empleado,Sanitas EPS,Envigado,45.3,Media,Perfil 1
Femenino,18,12T-TÉCNICO LABORAL EN AUXILIAR DE RECURSO HUMANO,DIURNA,Desempleado,SISBEN,Envigado,45.3,Media,Perfil 1
Femenino,18,18T-TÉCNICO LABORAL EN GASTRONOMÍA,DIURNA,Estudiante superior,EPS Sura,Envigado,45.3,Media,Perfil 2
Femenino,15,MEDIA TÉCNICA - ORIENTACIÓN VOCACIONAL,MEDIA TÉCNICA,Estudiante básica,Suramericana,Envigado,45.3,Media,Perfil 2
Masculino,64,EXTENSIÓN MANIPULACIÓN DE ALIMENTOS,DIURNA,Sin registro,Sin registro,Envigado,45.3,Media,Perfil 1
Masculino,63,EXTENSIÓN MANIPULACIÓN DE ALIMENTOS,DIURNA,Sin registro,Sin registro,Envigado,45.3,Media,Perfil 1
Masculino,66,EXTENSION HERRAMIENTAS TICS,DIURNA,Sin registro,Sin registro,Envigado,45.3,Media,Perfil 2
Masculino,27,17T-TÉCNICO LABORAL EN ENTRENAMIENTO DEPORTIVO,DIURNA,Estudiante superior,Sin registro,Medellín,45.3,Media,Perfil 3
Femenino,18,12T-TÉCNICO LABORAL EN AUXILIAR DE RECURSO HUMANO,NOCHE,Empleado,EPS Sura,Envigado,45.3,Media,Perfil 3
Femenino,19,12T-TÉCNICO LABORAL EN AUXILIAR DE RECURSO HUMANO,NOCHE,Empleado,EPS Sura,Envigado,45.3,Media,Perfil 1
Masculino,31,17T-TÉCNICO LABORAL EN ENTRENAMIENTO DEPORTIVO,DIURNA,Independiente,Sin registro,Envigado,45.3,Media,Perfil 1
Femenino,31,EXTENSIÓN MANIPULACIÓN DE ALIMENTOS,DIURNA,Sin registro,Sin registro,Envigado,45.3,Media,Perfil 2
Femenino,31,EXTENSIÓN MANIPULACIÓN DE ALIMENTOS,DIURNA,Sin registro,Sin registro,Envigado,45.3,Media,Perfil 2
Femenino,31,EXTENSIÓN - BIOSEGURIDAD,DIURNA,Sin registro,Sin registro,Envigado,45.3,Media,Perfil 1
Femenino,31,EXTENSIÓN - BIOSEGURIDAD,DIURNA,Sin registro,Sin registro,Envigado,45.3,Media,Perfil 3
Femenino,31,EXTENSIÓN - BIOSEGURIDAD,DIURNA,Sin registro,Sin registro,Envigado,45.3,Media,Perfil 1
Femenino,31,EXTENSIÓN MANIPULACIÓN DE ALIMENTOS,DIURNA,Sin registro,Sin registro,Envigado,45.3,Media,Perfil 1
Femenino,31,EXTENSIÓN - BIOSEGURIDAD,DIURNA,Sin registro,Sin registro,Envigado,45.3,Media,Perfil 1
Femenino,31,EXTENSIÓN - BIOSEGURIDAD,DIURNA,Sin registro,Sin registro,Envigado,45.3,Media,Perfil 2
Femenino,18,21T-TÉCNICO LABORAL EN MANTENIMIENTO DE COMPUTADORES Y REDES LOCALES DE DATOS,NOCHE,Estudiante básica,SISBEN,Envigado,45.3,Media,Perfil 2
Masculino,48,FORMACIÓN EN CONOCIMIENTOS ACADÉMICOS PARA LA ACTUALIZACIÓN DEL DESEMPEÑO DOCENTE CEFIT,NOCHE,Empleado,EPS Sura,La Estrella,45.3,Media,Perfil 1
Femenino,15,MEDIA TÉCNICA - ORIENTACIÓN VOCACIONAL,MEDIA TÉCNICA,Estudiante básica,Savia Salud,Envigado,45.3,Media,Perfil 2
Femenino,15,MEDIA TÉCNICA - ORIENTACIÓN VOCACIONAL,MEDIA TÉCNICA,Estudiante básica,Savia Salud,Envigado,45.3,Media,Perfil 3
Masculino,30,16T-TÉCNICO LABORAL EN ELECTRICISTA,NOCHE,Empleado,EPS Sura,Envigado,45.2,Media,Perfil 2
Femenino,51,22T-TÉCNICO LABORAL EN MARKETING DIGITAL,NOCHE,Independiente,EPS Sura,Envigado,45.2,Media,Perfil 1
Femenino,23,23T-TÉCNICO LABORAL EN MARKETING Y VENTA DE PRODUCTOS Y SERVICIOS,DIURNA,Desempleado,Savia Salud,Envigado,45.2,Media,Perfil 2
Masculino,20,17T-TÉCNICO LABORAL EN ENTRENAMIENTO DEPORTIVO,DIURNA,Desempleado,EPS Sura,Envigado,45.2,Media,Perfil 1
Masculino,62,EXTENSIÓN EXCEL AVANZADO,DIURNA,Sin registro,Sin registro,Envigado,45.2,Media,Perfil 3
Masculino,48,17T-TÉCNICO LABORAL EN ENTRENAMIENTO DEPORTIVO,NOCHE,Independiente,EPS Sura,Envigado,45.2,Media,Perfil 1
Femenino,39,12T-TÉCNICO LABORAL EN AUXILIAR DE RECURSO HUMANO,NOCHE,Independiente,Salud Total EPS,Envigado,45.2,Media,Perfil 3
Femenino,17,30T-TÉCNICO LABORAL EN EDUCACIÓN PARA LA PRIMERA INFANCIA,NOCHE,Desempleado,Nueva Promotora de Salud - Nueva EPS,Envigado,45.2,Media,Perfil 1
Femenino,25,EXTENSIÓN MANIPULACIÓN DE ALIMENTOS,DIURNA,Sin registro,Sin registro,Bello,45.2,Media,Perfil 1
Femenino,17,12T-TÉCNICO LABORAL EN AUXILIAR DE RECURSO HUMANO,DIURNA,Estudiante superior,Salud Total EPS,Envigado,45.2,Media,Perfil 2
Femenino,39,17T-TÉCNICO LABORAL EN ENTRENAMIENTO DEPORTIVO,NOCHE,Empleado,EPS Sura,Medellín,45.2,Media,Perfil 2
Masculino,52,EXTENSIÓN - BIOSEGURIDAD,DIURNA,Sin registro,Sin registro,Envigado,45.2,Media,Perfil 1
Masculino,52,EXTENSION HERRAMIENTAS TICS,DIURNA,Sin registro,Sin registro,Envigado,45.2,Media,Perfil 2
Femenino,40,EXTENSION HERRAMIENTAS TICS,DIURNA,Sin registro,Sin registro,Envigado,45.2,Media,Perfil 2
Femenino,15,MEDIA TÉCNICA - ORIENTACIÓN VOCACIONAL,MEDIA TÉCNICA,Estudiante básica,MEDIMAS,Envigado,45.2,Media,Perfil 1
Masculino,53,EXTENSIÓN - BIOSEGURIDAD,DIURNA,Sin registro,Sin registro,Envigado,45.2,Media,Perfil 2
Femenino,18,MEDIA TÉCNICA - ORIENTACIÓN VOCACIONAL,MEDIA TÉCNICA,Estudiante básica,Savia Salud,Envigado,45.1,Media,Perfil 3
Femenino,46,EXTENSIÓN - ESTANDARES DE INSPECCION SANITARIA,DIURNA,Sin registro,Sin registro,Medellín,45.1,Media,Perfil 2
Masculino,60,04-V Técnico Laboral Auxiliar Análisis de Datos E Inteligencia Artificial (50% Modalidad Distancia),DIURNA,Empleado,EPS Sura,Envigado,45.1,Media,Perfil 2
Femenino,44,EXTENSIÓN - ESTANDARES DE INSPECCION SANITARIA,DIURNA,Sin registro,Sin registro,Medellín,45.1,Media,Perfil 2
Femenino,44,EXTENSIÓN HERRAMIENTAS TICS MEDIO,DIURNA,Sin registro,Sin registro,Medellín,45.1,Media,Perfil 3
Femenino,45,EXTENSIÓN - BIOSEGURIDAD,DIURNA,Sin registro,Sin registro,Medellín,45.1,Media,Perfil 1
Femenino,45,EXTENSIÓN HERRAMIENTAS TICS MEDIO,DIURNA,Sin registro,Sin registro,Medellín,45.1,Media,Perfil 3
Femenino,45,EXTENSIÓN MANIPULACIÓN DE ALIMENTOS,DIURNA,Sin registro,Sin registro,Medellín,45.1,Media,Perfil 2
Masculino,57,EXTENSIÓN COMPETENCIAS COMPORTAMENTALES PARA EL TRABAJO REMOTO EN CASA,DIURNA,Sin registro,Sin registro,Medellín,45.1,Media,Perfil 1
Masculino,56,EXTENSION HERRAMIENTAS TICS,DIURNA,Sin registro,Sin registro,Medellín,45.1,Media,Perfil 2
Masculino,57,EXTENSIÓN HERRAMIENTAS TICS Y COMPETENCIAS COMPORTAMENTALES PARA EL TRABAJO REMOTO EN CASA,DIURNA,Sin registro,Sin registro,Medellín,45.1,Media,Perfil 1
Femenino,26,09T-TÉCNICO LABORAL EN AUXILIAR ADMINISTRATIVO,NOCHE,Empleado,EPS Sura,Envigado,45.1,Media,Perfil 1
Femenino,43,EXTENSIÓN MANIPULACIÓN DE ALIMENTOS,DIURNA,Sin registro,Sin registro,Medellín,45.1,Media,Perfil 2
Femenino,43,EXTENSIÓN - ESTANDARES DE INSPECCION SANITARIA,DIURNA,Sin registro,Sin registro,Medellín,45.1,Media,Perfil 1
Masculino,51,17T-TÉCNICO LABORAL EN ENTRENAMIENTO DEPORTIVO,NOCHE,Empleado,EPS Sura,Envigado,45.1,Media,Perfil 2
Femenino,14,MEDIA TÉCNICA - ORIENTACIÓN VOCACIONAL,MEDIA TÉCNICA,Estudiante básica,Sin registro,Envigado,45.1,Media,Perfil 1
Masculino,55,EXTENSIÓN MANIPULACIÓN DE ALIMENTOS,DIURNA,Sin registro,Sin registro,Envigado,45.1,Media,Perfil 3
Femenino,39,09T-TÉCNICO LABORAL EN AUXILIAR ADMINISTRATIVO,NOCHE,Desempleado,EPS Sura,Envigado,45.1,Media,Perfil 1
Femenino,17,18T-TÉCNICO LABORAL EN GASTRONOMÍA,DIURNA,Estudiante básica,Salud Total EPS,Envigado,45.1,Media,Perfil 2
Femenino,18,29T-TÉCNICO LABORAL EN PANADERIA Y REPOSTERIA,DIURNA,Estudiante superior,Policía Nacional,Envigado,45.1,Media,Perfil 1
Masculino,61,EXTENSIÓN MANIPULACIÓN DE ALIMENTOS,DIURNA,Sin registro,Sin registro,Envigado,45.0,Media,Perfil 2
Femenino,21,09T-TÉCNICO LABORAL EN AUXILIAR ADMINISTRATIVO,DIURNA,Estudiante superior,EPS Sura,Envigado,45.0,Media,Perfil 1
Femenino,17,14T-TÉCNICO LABORAL EN CONTABILIDAD,DIURNA,Estudiante básica,Savia Salud,Envigado,45.0,Media,Perfil 3
Femenino,38,29T-TÉCNICO LABORAL EN PANADERIA Y REPOSTERIA,DIURNA,Empleado,EPS Sura,Envigado,45.0,Media,Perfil 2
Femenino,21,09T-TÉCNICO LABORAL EN AUXILIAR ADMINISTRATIVO,DIURNA,Empleado,EPS Sura,Envigado,45.0,Media,Perfil 1
Femenino,17,23T-TÉCNICO LABORAL EN MARKETING Y VENTA DE PRODUCTOS Y SERVICIOS,DIURNA,Desempleado,Salud Total EPS,Envigado,45.0,Media,Perfil 1
Femenino,20,29T-TÉCNICO LABORAL EN PANADERIA Y REPOSTERIA,DIURNA,Desempleado,EPS Sura,Envigado,45.0,Media,Perfil 3
Femenino,22,09T-TÉCNICO LABORAL EN AUXILIAR ADMINISTRATIVO,DIURNA,Estudiante superior,EPS Sura,Envigado,45.0,Media,Perfil 1
Femenino,21,03T-TÉCNICO LABORAL AUXILIAR EN LOGÍSTICA,NOCHE,Desempleado,SISBEN,Envigado,45.0,Media,Perfil 1
Femenino,62,29T-TÉCNICO LABORAL EN PANADERIA Y REPOSTERIA,DIURNA,Desempleado,EPS Sura,Envigado,45.0,Media,Perfil 2
Femenino,34,29T-TÉCNICO LABORAL EN PANADERIA Y REPOSTERIA,NOCHE,Estudiante superior,EPS Sura,Envigado,45.0,Media,Perfil 3
Femenino,40,EXTENSIÓN MANIPULACIÓN DE ALIMENTOS,DIURNA,Empleado,Sin registro,Envigado,45.0,Media,Perfil 3
Femenino,15,MEDIA TÉCNICA - ORIENTACIÓN VOCACIONAL,MEDIA TÉCNICA,Estudiante básica,Susalud,Envigado,45.0,Media,Perfil 1
Femenino,21,22T-TÉCNICO LABORAL EN MARKETING DIGITAL,NOCHE,Desempleado,EPS Sura,Envigado,45.0,Media,Perfil 3
Femenino,36,09T-TÉCNICO LABORAL EN AUXILIAR ADMINISTRATIVO,NOCHE,Desempleado,EPS Sura,Envigado,45.0,Media,Perfil 2
Masculino,59,EXTENSIÓN HERRAMIENTAS TICS MEDIO,DIURNA,Sin registro,Sin registro,Envigado,45.0,Media,Perfil 1
Masculino,60,EXTENSIÓN WORD AVANZADO VIRTUAL,DIURNA,Sin registro,Sin registro,Envigado,45.0,Media,Perfil 2
Masculino,60,EXTENSIÓN MANIPULACIÓN DE ALIMENTOS,DIURNA,Sin registro,Sin registro,Envigado,45.0,Media,Perfil 2
Masculino,59,EXTENSION HERRAMIENTAS TICS,DIURNA,Sin registro,Sin registro,Envigado,45.0,Media,Perfil 2
Masculino,58,EXTENSIÓN - BIOSEGURIDAD,DIURNA,Sin registro,Sin registro,Envigado,45.0,Media,Perfil 2
Masculino,58,EXTENSIÓN MANIPULACIÓN DE ALIMENTOS,DIURNA,Sin registro,Sin registro,Envigado,45.0,Media,Perfil 2
Masculino,58,EXTENSIÓN - BIOSEGURIDAD,DIURNA,Sin registro,Sin registro,Envigado,45.0,Media,Perfil 1
Masculino,58,EXTENSIÓN MANIPULACIÓN DE ALIMENTOS,DIURNA,Sin registro,Sin registro,Envigado,45.0,Media,Perfil 2
Masculino,59,EXTENSIÓN - BIOSEGURIDAD,DIURNA,Sin registro,Sin registro,Envigado,45.0,Media,Perfil 2
Masculino,58,EXTENSION HERRAMIENTAS TICS,DIURNA,Sin registro,Sin registro,Envigado,45.0,Media,Perfil 2
Femenino,30,30T-TÉCNICO LABORAL EN EDUCACIÓN PARA LA PRIMERA INFANCIA,NOCHE,Desempleado,EPS Sura,Envigado,45.0,Media,Perfil 3
Femenino,28,22T-TÉCNICO LABORAL EN MARKETING DIGITAL,NOCHE,Independiente,EPS Sura,Envigado,44.9,Media,Perfil 2
Femenino,24,14T-TÉCNICO LABORAL EN CONTABILIDAD,NOCHE,Estudiante básica,EPS Sura,Envigado,44.9,Media,Perfil 1
Masculino,40,17T-TÉCNICO LABORAL EN ENTRENAMIENTO DEPORTIVO,NOCHE,Empleado,Cafesalud  EPS,Medellín,44.9,Media,Perfil 1
Femenino,41,22T-TÉCNICO LABORAL EN MARKETING DIGITAL,DIURNA,Independiente,EPS Sura,Envigado,44.9,Media,Perfil 2
Masculino,56,EXTENSIÓN - OFFICE 365 VIRTUAL,DIURNA,Sin registro,Sin registro,Envigado,44.9,Media,Perfil 2
Masculino,57,EXTENSIÓN MANIPULACIÓN DE ALIMENTOS,DIURNA,Sin registro,Sin registro,Envigado,44.9,Media,Perfil 1
Masculino,57,EXTENSIÓN - BIOSEGURIDAD,DIURNA,Sin registro,Sin registro,Envigado,44.9,Media,Perfil 3
Masculino,56,EXTENSIÓN WORD AVANZADO VIRTUAL,DIURNA,Sin registro,Sin registro,Envigado,44.9,Media,Perfil 3
Masculino,56,EXTENSION HERRAMIENTAS TICS,DIURNA,Sin registro,Sin registro,Envigado,44.9,Media,Perfil 1
Femenino,17,22T-TÉCNICO LABORAL EN MARKETING DIGITAL,DIURNA,Desempleado,Nueva Promotora de Salud - Nueva EPS,Envigado,44.9,Media,Perfil 2
Femenino,16,MEDIA TÉCNICA EN PANADERIA Y REPOSTERIA 2025,MEDIA TÉCNICA,Estudiante superior,Nueva Promotora de Salud - Nueva EPS,Envigado,44.9,Media,Perfil 2
Masculino,28,17T-TÉCNICO LABORAL EN ENTRENAMIENTO DEPORTIVO,NOCHE,Independiente,Salud Total EPS,Envigado,44.9,Media,Perfil 1
Femenino,16,MEDIA TECNICA MARKETING DIGITAL,MEDIA TÉCNICA,Estudiante básica,EPS Sura,Itagui,44.9,Media,Perfil 2
Femenino,27,04-V Técnico Laboral Auxiliar Análisis de Datos E Inteligencia Artificial (50% Modalidad Distancia),DIURNA,Desempleado,SISBEN V2 - Nivel 1,Envigado,44.9,Media,Perfil 2
Femenino,39,07T-TÉCNICO LABORAL EN ATENCION Y CUIDADO DE PERSONAS MAYORES,NOCHE,Desempleado,SISBEN,Envigado,44.9,Media,Perfil 1
Masculino,18,17T-TÉCNICO LABORAL EN ENTRENAMIENTO DEPORTIVO,NOCHE,Estudiante superior,Médico Preventiva,Envigado,44.9,Media,Perfil 3
Femenino,25,EXTENSIÓN - BIOSEGURIDAD,DIURNA,Sin registro,Sin registro,Itagui,44.9,Media,Perfil 3
Femenino,25,EXTENSIÓN - BIOSEGURIDAD,DIURNA,Sin registro,Sin registro,Itagui,44.9,Media,Perfil 2
Femenino,25,EXTENSIÓN - BIOSEGURIDAD,DIURNA,Sin registro,Sin registro,Itagui,44.9,Media,Perfil 1
Femenino,16,MEDIA TÉCNICA - ORIENTACIÓN VOCACIONAL,MEDIA TÉCNICA,Estudiante básica,Colsanitas,Envigado,44.9,Media,Perfil 1
Masculino,23,17T-TÉCNICO LABORAL EN ENTRENAMIENTO DEPORTIVO,DIURNA,Estudiante básica,Savia Salud,Envigado,44.9,Media,Perfil 2
Femenino,29,14T-TÉCNICO LABORAL EN CONTABILIDAD,NOCHE,Empleado,Salud Total EPS,Envigado,44.9,Media,Perfil 2
Femenino,18,18T-TÉCNICO LABORAL EN GASTRONOMÍA,DIURNA,Estudiante superior,Colsanitas,Envigado,44.9,Media,Perfil 1
Femenino,48,EXTENSION HERRAMIENTAS TICS,DIURNA,Sin registro,Sin registro,Medellín,44.9,Media,Perfil 2
Femenino,48,EXTENSIÓN - BIOSEGURIDAD,DIURNA,Sin registro,Sin registro,Medellín,44.9,Media,Perfil 3
Femenino,48,FORMACIÓN EN CONOCIMIENTOS ACADÉMICOS PARA LA ACTUALIZACIÓN DEL DESEMPEÑO DOCENTE CEFIT,NOCHE,Sin registro,Sin registro,Envigado,44.9,Media,Perfil 2
Femenino,22,18T-TÉCNICO LABORAL EN GASTRONOMÍA,NOCHE,Desempleado,Sin registro,Envigado,44.9,Media,Perfil 2
Femenino,26,14T-TÉCNICO LABORAL EN CONTABILIDAD,NOCHE,Desempleado,Suramericana,Envigado,44.9,Media,Perfil 1
Femenino,22,23T-TÉCNICO LABORAL EN MARKETING Y VENTA DE PRODUCTOS Y SERVICIOS,NOCHE,Empleado,Nueva Promotora de Salud - Nueva EPS,Envigado,44.9,Media,Perfil 1
Femenino,19,12T-TÉCNICO LABORAL EN AUXILIAR DE RECURSO HUMANO,NOCHE,Desempleado,Savia Salud,Envigado,44.8,Media,Perfil 2
Femenino,41,EXTENSIÓN MANIPULACIÓN DE ALIMENTOS,DIURNA,Sin registro,Sin registro,Envigado,44.8,Media,Perfil 2
Femenino,41,EXTENSIÓN MANIPULACIÓN DE ALIMENTOS,DIURNA,Sin registro,Sin registro,Envigado,44.8,Media,Perfil 3
Femenino,41,EXTENSIÓN - BIOSEGURIDAD,DIURNA,Sin registro,Sin registro,Envigado,44.8,Media,Perfil 3
Femenino,41,EXTENSIÓN MANIPULACIÓN DE ALIMENTOS,DIURNA,Sin registro,Sin registro,Envigado,44.8,Media,Perfil 2
Femenino,20,18T-TÉCNICO LABORAL EN GASTRONOMÍA,DIURNA,Independiente,EPS Sura,Envigado,44.8,Media,Perfil 2
Masculino,21,31T-TÉCNICO LABORAL EN SISTEMAS (Estudiantes Antiguos),NOCHE,Estudiante superior,EPS Sura,Envigado,44.8,Media,Perfil 1
Femenino,30,07T-TÉCNICO LABORAL EN ATENCION Y CUIDADO DE PERSONAS MAYORES,NOCHE,Independiente,EPS Sura,Envigado,44.8,Media,Perfil 2
Femenino,16,30T-TÉCNICO LABORAL EN EDUCACIÓN PARA LA PRIMERA INFANCIA,NOCHE,Estudiante básica,EPS Sura,Envigado,44.8,Media,Perfil 3
Femenino,56,09T-TÉCNICO LABORAL EN AUXILIAR ADMINISTRATIVO,NOCHE,Desempleado,EPS Sura,Envigado,44.8,Media,Perfil 2
Femenino,53,29T-TÉCNICO LABORAL EN PANADERIA Y REPOSTERIA,DIURNA,Desempleado,EPS Sura,Envigado,44.8,Media,Perfil 2
Femenino,18,09T-TÉCNICO LABORAL EN AUXILIAR ADMINISTRATIVO,DIURNA,Desempleado,Nueva Promotora de Salud - Nueva EPS,Envigado,44.8,Media,Perfil 2
Femenino,58,29T-TÉCNICO LABORAL EN PANADERIA Y REPOSTERIA,DIURNA,Desempleado,Sanitas EPS,Envigado,44.8,Media,Perfil 1
Femenino,25,14T-TÉCNICO LABORAL EN CONTABILIDAD,NOCHE,Empleado,EPS Sura,Envigado,44.8,Media,Perfil 2
Masculino,17,17T-TÉCNICO LABORAL EN ENTRENAMIENTO DEPORTIVO,DIURNA,Desempleado,EPS Sura,Envigado,44.8,Media,Perfil 2
Masculino,24,08T-TÉCNICO LABORAL EN AUTOMOTRIZ,NOCHE,Empleado,EPS Sura,Envigado,44.8,Media,Perfil 2
Femenino,18,13T-TÉCNICO LABORAL EN AUXILIAR EN SEGURIDAD OCUPACIONAL,NOCHE,Desempleado,EPS Sura,Envigado,44.7,Media,Perfil 1
Masculino,32,09T-TÉCNICO LABORAL EN AUXILIAR ADMINISTRATIVO,NOCHE,Empleado,EPS Sura,Envigado,44.7,Media,Perfil 2
Femenino,15,MEDIA TÉCNICA - ORIENTACIÓN VOCACIONAL,MEDIA TÉCNICA,Estudiante básica,SISBEN,Envigado,44.7,Media,Perfil 2
Femenino,42,09T-TÉCNICO LABORAL EN AUXILIAR ADMINISTRATIVO,NOCHE,Desempleado,SISBEN,Envigado,44.7,Media,Perfil 1
Masculino,22,17T-TÉCNICO LABORAL EN ENTRENAMIENTO DEPORTIVO,DIURNA,Desempleado,Cafesalud  EPS,Envigado,44.7,Media,Perfil 1
Femenino,38,07T-TÉCNICO LABORAL EN ATENCION Y CUIDADO DE PERSONAS MAYORES,NOCHE,Desempleado,EPS Sura,Envigado,44.7,Media,Perfil 2
Femenino,20,EXTENSIÓN MANIPULACIÓN DE ALIMENTOS,DIURNA,Estudiante básica,EPS Sura,Envigado,44.7,Media,Perfil 1
Femenino,40,12T-TÉCNICO LABORAL EN AUXILIAR DE RECURSO HUMANO,DIURNA,Desempleado,Salud Total EPS,Envigado,44.7,Media,Perfil 2
Femenino,29,EXTENSIÓN MANIPULACIÓN DE ALIMENTOS,DIURNA,Sin registro,Sin registro,Sabaneta,44.7,Media,Perfil 2
Masculino,51,17T-TÉCNICO LABORAL EN ENTRENAMIENTO DEPORTIVO,NOCHE,Empleado,EPS Sura,Sabaneta,44.7,Media,Perfil 1
Femenino,42,EXTENSIÓN HERRAMIENTAS TICS MEDIO,DIURNA,Sin registro,Sin registro,Envigado,44.7,Media,Perfil 1
Femenino,42,EXTENSIÓN MANIPULACIÓN DE ALIMENTOS,DIURNA,Sin registro,Sin registro,Envigado,44.7,Media,Perfil 3
Masculino,25,26T-TÉCNICO LABORAL EN MECÁNICA DE MOTOS  (Estudiantes Antiguos),DIURNA,Independiente,EPS Sura,Itagui,44.7,Media,Perfil 1
Femenino,25,22T-TÉCNICO LABORAL EN MARKETING DIGITAL,NOCHE,Desempleado,EPS Sura,Envigado,44.7,Media,Perfil 1
Femenino,23,09T-TÉCNICO LABORAL EN AUXILIAR ADMINISTRATIVO,NOCHE,Empleado,EPS Sura,Envigado,44.7,Media,Perfil 1
Femenino,16,MEDIA TÉCNICA EN PANADERIA Y REPOSTERIA 2025,MEDIA TÉCNICA,Estudiante superior,Caja de Compensación Familiar COMFENALCO ANTIOQUIA,Itagui,44.6,Media,Perfil 3
Femenino,17,18T-TÉCNICO LABORAL EN GASTRONOMÍA,DIURNA,Estudiante superior,EPS Sura,Envigado,44.6,Media,Perfil 3
Femenino,33,EXTENSIÓN - BIOSEGURIDAD,DIURNA,Sin registro,Sin registro,Envigado,44.6,Media,Perfil 2
Femenino,33,EXTENSIÓN - BIOSEGURIDAD,DIURNA,Sin registro,Sin registro,Envigado,44.6,Media,Perfil 1
Femenino,33,EXTENSIÓN - BIOSEGURIDAD,DIURNA,Sin registro,Sin registro,Envigado,44.6,Media,Perfil 2
Femenino,33,EXTENSIÓN - BIOSEGURIDAD,DIURNA,Sin registro,Sin registro,Envigado,44.6,Media,Perfil 1
Femenino,33,EXTENSIÓN - BIOSEGURIDAD,DIURNA,Sin registro,Sin registro,Envigado,44.6,Media,Perfil 1
Femenino,22,09T-TÉCNICO LABORAL EN AUXILIAR ADMINISTRATIVO,DIURNA,Desempleado,EPS Sura,Envigado,44.6,Media,Perfil 1
Femenino,34,EXTENSIÓN - BIOSEGURIDAD,DIURNA,Sin registro,Sin registro,Envigado,44.6,Media,Perfil 3
Femenino,18,09T-TÉCNICO LABORAL EN AUXILIAR ADMINISTRATIVO,DIURNA,Estudiante básica,Salud Total EPS,Envigado,44.6,Media,Perfil 1
Femenino,57,09T-TÉCNICO LABORAL EN AUXILIAR ADMINISTRATIVO,NOCHE,Empleado,EPS Sura,Envigado,44.6,Media,Perfil 2
Femenino,16,MEDIA TECNICA MARKETING DIGITAL,MEDIA TÉCNICA,Estudiante básica,SISBEN,Envigado,44.6,Media,Perfil 2
Masculino,36,17T-TÉCNICO LABORAL EN ENTRENAMIENTO DEPORTIVO,NOCHE,Empleado,Pos Salud,Envigado,44.6,Media,Perfil 1
Femenino,35,18T-TÉCNICO LABORAL EN GASTRONOMÍA,NOCHE,Empleado,EPS Sura,Envigado,44.6,Media,Perfil 2
Femenino,64,18T-TÉCNICO LABORAL EN GASTRONOMÍA,NOCHE,Desempleado,EPS Sura,Envigado,44.6,Media,Perfil 1
Femenino,16,MEDIA TECNICA MARKETING DIGITAL,MEDIA TÉCNICA,Estudiante básica,EPS Sura,Envigado,44.6,Media,Perfil 1
Masculino,22,25T-TÉCNICO LABORAL EN MECANICA DE MOTOCICLETAS,NOCHE,Empleado,EPS Sura,Itagui,44.6,Media,Perfil 1
Femenino,17,MEDIA TÉCNICA EN PANADERIA Y REPOSTERIA 2025,MEDIA TÉCNICA,Sin registro,EPS Sura,Envigado,44.6,Media,Perfil 1
Masculino,37,17T-TÉCNICO LABORAL EN ENTRENAMIENTO DEPORTIVO,NOCHE,Empleado,Coomeva EPS,La Estrella,44.6,Media,Perfil 1
Femenino,20,12T-TÉCNICO LABORAL EN AUXILIAR DE RECURSO HUMANO,NOCHE,Desempleado,EPS Sura,Envigado,44.6,Media,Perfil 1
Femenino,20,22T-TÉCNICO LABORAL EN MARKETING DIGITAL,NOCHE,Desempleado,EPS Sura,Envigado,44.6,Media,Perfil 1
Femenino,32,EXTENSIÓN - BIOSEGURIDAD,DIURNA,Sin registro,Sin registro,Envigado,44.6,Media,Perfil 2
Femenino,32,EXTENSIÓN - BIOSEGURIDAD,DIURNA,Sin registro,Sin registro,Envigado,44.6,Media,Perfil 1
Masculino,42,17T-TÉCNICO LABORAL EN ENTRENAMIENTO DEPORTIVO,NOCHE,Empleado,Coomeva EPS,Bello,44.6,Media,Perfil 2
Femenino,39,20T-TÉCNICO LABORAL EN JOYERIA,DIURNA,Independiente,EPS Sura,Envigado,44.5,Media,Perfil 2
Femenino,58,20T-TÉCNICO LABORAL EN JOYERIA,DIURNA,Empleado,EPS Sura,Envigado,44.5,Media,Perfil 2
Femenino,35,EXTENSIÓN - BIOSEGURIDAD,DIURNA,Sin registro,Sin registro,Envigado,44.5,Media,Perfil 1
Femenino,50,23T-TÉCNICO LABORAL EN MARKETING Y VENTA DE PRODUCTOS Y SERVICIOS,NOCHE,Independiente,EPS Sura,Envigado,44.5,Media,Perfil 1
Femenino,17,22T-TÉCNICO LABORAL EN MARKETING DIGITAL,NOCHE,Estudiante superior,EPS Sura,Envigado,44.5,Media,Perfil 1
Femenino,16,MEDIA TECNICA MARKETING DIGITAL,MEDIA TÉCNICA,Estudiante básica,EPS Sura,Medellín,44.5,Media,Perfil 2
Femenino,18,12T-TÉCNICO LABORAL EN AUXILIAR DE RECURSO HUMANO,NOCHE,Desempleado,EPS Sura,Envigado,44.5,Media,Perfil 3
Femenino,22,04-V Técnico Laboral Auxiliar Análisis de Datos E Inteligencia Artificial (50% Modalidad Distancia),DIURNA,Independiente,EPS Sura,Envigado,44.5,Media,Perfil 3
Femenino,30,09T-TÉCNICO LABORAL EN AUXILIAR ADMINISTRATIVO,DIURNA,Desempleado,EPS Sura,Envigado,44.5,Media,Perfil 2
Femenino,50,EXTENSIÓN - ESTANDARES DE INSPECCION SANITARIA,DIURNA,Sin registro,Sin registro,Medellín,44.5,Media,Perfil 2
Masculino,19,17T-TÉCNICO LABORAL EN ENTRENAMIENTO DEPORTIVO,NOCHE,Estudiante básica,EPS Sura,Envigado,44.5,Media,Perfil 3
Femenino,46,EXTENSIÓN MANIPULACIÓN DE ALIMENTOS,DIURNA,Sin registro,Sin registro,Envigado,44.5,Media,Perfil 1
Femenino,46,EXTENSION HERRAMIENTAS TICS,DIURNA,Sin registro,Sin registro,Envigado,44.5,Media,Perfil 1
Femenino,45,EXTENSIÓN COMPETENCIAS COMPORTAMENTALES PARA EL TRABAJO REMOTO EN CASA,DIURNA,Sin registro,Sin registro,Envigado,44.5,Media,Perfil 2
Femenino,45,EXTENSIÓN HERRAMIENTAS TICS MEDIO,DIURNA,Sin registro,Sin registro,Envigado,44.5,Media,Perfil 3
Femenino,45,EXTENSIÓN - BIOSEGURIDAD,DIURNA,Sin registro,Sin registro,Envigado,44.5,Media,Perfil 2
Femenino,45,EXTENSIÓN HERRAMIENTAS TICS Y COMPETENCIAS COMPORTAMENTALES PARA EL TRABAJO REMOTO EN CASA,DIURNA,Sin registro,Sin registro,Envigado,44.5,Media,Perfil 2
Femenino,45,EXTENSIÓN MANIPULACIÓN DE ALIMENTOS,DIURNA,Sin registro,Sin registro,Envigado,44.5,Media,Perfil 2
Femenino,66,14T-TÉCNICO LABORAL EN CONTABILIDAD,NOCHE,Desempleado,EPS Sura,Envigado,44.5,Media,Perfil 1
Femenino,56,12T-TÉCNICO LABORAL EN AUXILIAR DE RECURSO HUMANO,NOCHE,Independiente,Nueva Promotora de Salud - Nueva EPS,Envigado,44.5,Media,Perfil 3
Femenino,18,29T-TÉCNICO LABORAL EN PANADERIA Y REPOSTERIA,NOCHE,Estudiante superior,EPS Sura,Envigado,44.5,Media,Perfil 1
Femenino,54,07T-TÉCNICO LABORAL EN ATENCION Y CUIDADO DE PERSONAS MAYORES,NOCHE,Independiente,EPS Sura,Envigado,44.4,Media,Perfil 2
Femenino,50,14T-TÉCNICO LABORAL EN CONTABILIDAD,NOCHE,Sin registro,Sin registro,Envigado,44.4,Media,Perfil 3
Femenino,29,09T-TÉCNICO LABORAL EN AUXILIAR ADMINISTRATIVO,DIURNA,Desempleado,SISBEN,Envigado,44.4,Media,Perfil 3
Femenino,19,22T-TÉCNICO LABORAL EN MARKETING DIGITAL,DIURNA,Desempleado,EPS Sura,Envigado,44.4,Media,Perfil 3
Femenino,19,12T-TÉCNICO LABORAL EN AUXILIAR DE RECURSO HUMANO,DIURNA,Desempleado,EPS Sura,Envigado,44.4,Media,Perfil 3
Femenino,30,12T-TÉCNICO LABORAL EN AUXILIAR DE RECURSO HUMANO,NOCHE,Desempleado,EPS Sura,Envigado,44.4,Media,Perfil 3
Femenino,43,EXTENSION HERRAMIENTAS TICS,DIURNA,Sin registro,Sin registro,Envigado,44.4,Media,Perfil 1
Femenino,43,EXTENSION HERRAMIENTAS TICS,DIURNA,Sin registro,Sin registro,Envigado,44.4,Media,Perfil 2
Femenino,43,EXTENSIÓN EXCEL AVANZADO,DIURNA,Sin registro,Sin registro,Envigado,44.4,Media,Perfil 1
Femenino,43,EXTENSIÓN MANIPULACIÓN DE ALIMENTOS,DIURNA,Sin registro,Sin registro,Envigado,44.4,Media,Perfil 1
Femenino,43,EXTENSIÓN HERRAMIENTAS TICS MEDIO,DIURNA,Sin registro,Sin registro,Envigado,44.4,Media,Perfil 1
Femenino,39,01-V- TÉCNICO LABORAL EN MARKETING DIGITAL A DISTANCIA,NOCHE,Desempleado,EPS Sura,Envigado,44.4,Media,Perfil 3
Femenino,18,29T-TÉCNICO LABORAL EN PANADERIA Y REPOSTERIA,NOCHE,Desempleado,EPS Sura,Envigado,44.4,Media,Perfil 2
Femenino,40,14T-TÉCNICO LABORAL EN CONTABILIDAD,DIURNA,Estudiante superior,EPS Sura,Envigado,44.4,Media,Perfil 1
Femenino,26,13T-TÉCNICO LABORAL EN AUXILIAR EN SEGURIDAD OCUPACIONAL,NOCHE,Estudiante básica,EPS Sura,Envigado,44.4,Media,Perfil 3
Femenino,15,MEDIA TECNICA EN TÉCNICO LABORAL EN EDUCACIÓN PARA LA PRIMERA INFANCIA,MEDIA TÉCNICA,Estudiante básica,Salud Total EPS,Envigado,44.4,Media,Perfil 1
Femenino,33,22T-TÉCNICO LABORAL EN MARKETING DIGITAL,NOCHE,Desempleado,EPS Sura,Envigado,44.4,Media,Perfil 2
Femenino,26,EXTENSION HERRAMIENTAS TICS,DIURNA,Sin registro,Sin registro,Itagui,44.4,Media,Perfil 1
Femenino,17,12T-TÉCNICO LABORAL EN AUXILIAR DE RECURSO HUMANO,DIURNA,Estudiante básica,Sin registro,Envigado,44.4,Media,Perfil 2
Femenino,37,30T-TÉCNICO LABORAL EN EDUCACIÓN PARA LA PRIMERA INFANCIA,NOCHE,Desempleado,Colsanitas,Envigado,44.4,Media,Perfil 3
Femenino,36,EXTENSIÓN - BIOSEGURIDAD,DIURNA,Sin registro,Sin registro,Envigado,44.4,Media,Perfil 2
Femenino,36,EXTENSIÓN - BIOSEGURIDAD,DIURNA,Sin registro,Sin registro,Envigado,44.4,Media,Perfil 3
Femenino,36,EXTENSIÓN COMPETENCIAS COMPORTAMENTALES PARA EL TRABAJO REMOTO EN CASA,DIURNA,Sin registro,Sin registro,Envigado,44.4,Media,Perfil 1
Femenino,36,EXTENSIÓN MANIPULACIÓN DE ALIMENTOS,DIURNA,Sin registro,Sin registro,Envigado,44.4,Media,Perfil 3
Femenino,36,EXTENSIÓN EXCEL AVANZADO,DIURNA,Sin registro,Sin registro,Envigado,44.4,Media,Perfil 1
Femenino,36,EXTENSIÓN - BIOSEGURIDAD,DIURNA,Sin registro,Sin registro,Envigado,44.4,Media,Perfil 1
Femenino,36,EXTENSIÓN HERRAMIENTAS TICS Y COMPETENCIAS COMPORTAMENTALES PARA EL TRABAJO REMOTO EN CASA,DIURNA,Sin registro,Sin registro,Envigado,44.4,Media,Perfil 2
Femenino,36,EXTENSIÓN MANIPULACIÓN DE ALIMENTOS,DIURNA,Sin registro,Sin registro,Envigado,44.4,Media,Perfil 2
Masculino,21,26T-TÉCNICO LABORAL EN MECÁNICA DE MOTOS  (Estudiantes Antiguos),DIURNA,Empleado,EPS Sura,Envigado,44.4,Media,Perfil 2
Femenino,34,30T-TÉCNICO LABORAL EN EDUCACIÓN PARA LA PRIMERA INFANCIA,NOCHE,Empleado,EPS Sura,Envigado,44.4,Media,Perfil 1
Femenino,25,07T-TÉCNICO LABORAL EN ATENCION Y CUIDADO DE PERSONAS MAYORES,NOCHE,Desempleado,Savia Salud,Envigado,44.4,Media,Perfil 2
Femenino,37,EXTENSIÓN - BIOSEGURIDAD,DIURNA,Sin registro,Sin registro,Envigado,44.4,Media,Perfil 1
Femenino,37,EXTENSIÓN - BIOSEGURIDAD,DIURNA,Sin registro,Sin registro,Envigado,44.4,Media,Perfil 2
Femenino,37,EXTENSIÓN - BIOSEGURIDAD,DIURNA,Sin registro,Sin registro,Envigado,44.4,Media,Perfil 3
Femenino,37,EXTENSIÓN - BIOSEGURIDAD,DIURNA,Sin registro,Sin registro,Envigado,44.4,Media,Perfil 2
Femenino,37,EXTENSION HERRAMIENTAS TICS,DIURNA,Sin registro,Sin registro,Envigado,44.4,Media,Perfil 1
Femenino,37,EXTENSIÓN MANIPULACIÓN DE ALIMENTOS,DIURNA,Sin registro,Sin registro,Envigado,44.4,Media,Perfil 3
Femenino,22,27T-TÉCNICO LABORAL EN MERCADEO Y VENTAS (Estudiantes Antiguos),DIURNA,Desempleado,Nueva Promotora de Salud - Nueva EPS,Envigado,44.4,Media,Perfil 2
Masculino,35,01T-TÉCNICO LABORAL AUXILIAR DE TALENTO HUMANO,NOCHE,Empleado,EPS Sura,Envigado,44.4,Media,Perfil 2
Femenino,41,17T-TÉCNICO LABORAL EN ENTRENAMIENTO DEPORTIVO,NOCHE,Empleado,EPS Sura,Itagui,44.4,Media,Perfil 2
Femenino,20,30T-TÉCNICO LABORAL EN EDUCACIÓN PARA LA PRIMERA INFANCIA,NOCHE,Desempleado,EPS Sura,Envigado,44.4,Media,Perfil 1
Femenino,15,MEDIA TÉCNICA TÉCNICO EN MARKETING Y VENTA DE PRODUCTOS Y SERVICIOS,MEDIA TÉCNICA,Estudiante básica,EPS Sura,Itagui,44.3,Media,Perfil 1
Femenino,53,29T-TÉCNICO LABORAL EN PANADERIA Y REPOSTERIA,DIURNA,Independiente,EPS Sura,Envigado,44.3,Media,Perfil 2
Masculino,28,14T-TÉCNICO LABORAL EN CONTABILIDAD,NOCHE,Empleado,EPS Sura,Envigado,44.3,Media,Perfil 1
Femenino,22,05-V-Técnico Laboral Auxiliar en Ciberseguridad (50% Modalidad Distancia),NOCHE,Empleado,Savia Salud,Envigado,44.3,Media,Perfil 2
Femenino,18,30T-TÉCNICO LABORAL EN EDUCACIÓN PARA LA PRIMERA INFANCIA,NOCHE,Estudiante básica,EPS Sura,Envigado,44.3,Media,Perfil 1
Femenino,16,MEDIA TÉCNICA TÉCNICO EN MARKETING Y VENTA DE PRODUCTOS Y SERVICIOS,MEDIA TÉCNICA,Estudiante superior,Salud Total EPS,Envigado,44.3,Media,Perfil 2
Masculino,63,EXTENSIÓN WORD AVANZADO VIRTUAL,DIURNA,Sin registro,Sin registro,La Estrella,44.3,Media,Perfil 2
Femenino,33,09T-TÉCNICO LABORAL EN AUXILIAR ADMINISTRATIVO,NOCHE,Empleado,Coomeva EPS,Envigado,44.3,Media,Perfil 1
Femenino,21,09T-TÉCNICO LABORAL EN AUXILIAR ADMINISTRATIVO,NOCHE,Empleado,Savia Salud,Envigado,44.3,Media,Perfil 2
Femenino,15,MEDIA TÉCNICA - ORIENTACIÓN VOCACIONAL,MEDIA TÉCNICA,Estudiante básica,Sin registro,Envigado,44.3,Media,Perfil 3
Femenino,15,MEDIA TÉCNICA - ORIENTACIÓN VOCACIONAL,MEDIA TÉCNICA,Estudiante básica,Sin registro,Envigado,44.3,Media,Perfil 2
Femenino,15,MEDIA TÉCNICA - ORIENTACIÓN VOCACIONAL,MEDIA TÉCNICA,Estudiante básica,Sin registro,Envigado,44.3,Media,Perfil 1
Femenino,45,09T-TÉCNICO LABORAL EN AUXILIAR ADMINISTRATIVO,DIURNA,Independiente,SISBEN V3 - Rango de 70% a 79%,Envigado,44.3,Media,Perfil 2
Femenino,38,EXTENSIÓN - BIOSEGURIDAD,DIURNA,Sin registro,Sin registro,Envigado,44.3,Media,Perfil 2
Femenino,38,EXTENSIÓN - BIOSEGURIDAD,DIURNA,Sin registro,Sin registro,Envigado,44.3,Media,Perfil 2
Femenino,38,EXTENSIÓN - BIOSEGURIDAD,DIURNA,Sin registro,Sin registro,Envigado,44.3,Media,Perfil 2
Femenino,38,EXTENSIÓN HERRAMIENTAS TICS MEDIO,DIURNA,Sin registro,Sin registro,Envigado,44.3,Media,Perfil 1
Femenino,38,EXTENSIÓN EXCEL AVANZADO,DIURNA,Sin registro,Sin registro,Envigado,44.3,Media,Perfil 2
Femenino,38,EXTENSIÓN - BIOSEGURIDAD,DIURNA,Sin registro,Sin registro,Envigado,44.3,Media,Perfil 2
Femenino,38,EXTENSIÓN MANIPULACIÓN DE ALIMENTOS,DIURNA,Sin registro,Sin registro,Envigado,44.3,Media,Perfil 1
Femenino,19,09T-TÉCNICO LABORAL EN AUXILIAR ADMINISTRATIVO,DIURNA,Desempleado,EPS Sura,Envigado,44.3,Media,Perfil 2
Femenino,20,23T-TÉCNICO LABORAL EN MARKETING Y VENTA DE PRODUCTOS Y SERVICIOS,NOCHE,Independiente,Nueva Promotora de Salud - Nueva EPS,Envigado,44.2,Media,Perfil 1
Femenino,16,04-V Técnico Laboral Auxiliar Análisis de Datos E Inteligencia Artificial (50% Modalidad Distancia),DIURNA,Estudiante básica,Salud Total EPS,Envigado,44.2,Media,Perfil 1
Femenino,39,09T-TÉCNICO LABORAL EN AUXILIAR ADMINISTRATIVO,NOCHE,Estudiante superior,EPS Sura,Envigado,44.2,Media,Perfil 2
Masculino,34,17T-TÉCNICO LABORAL EN ENTRENAMIENTO DEPORTIVO,NOCHE,Empleado,Policía Nacional,Envigado,44.2,Media,Perfil 3
Masculino,35,CURSO EXTENSIÓN EXCEL,NOCHE,Sin registro,Sin registro,Medellín,44.2,Media,Perfil 2
Femenino,48,EXTENSIÓN WORD AVANZADO VIRTUAL,DIURNA,Sin registro,Sin registro,Envigado,44.2,Media,Perfil 1
Masculino,40,EXTENSIÓN HERRAMIENTAS TICS MEDIO,DIURNA,Sin registro,Sin registro,Bello,44.2,Media,Perfil 1
Femenino,45,07T-TÉCNICO LABORAL EN ATENCION Y CUIDADO DE PERSONAS MAYORES,NOCHE,Desempleado,Savia Salud,Envigado,44.2,Media,Perfil 1
Masculino,22,04T-TÉCNICO LABORAL AUXILIAR EN SEGURIDAD Y PREVENCIÓN  DE RIESGOS LABORALES (Estudiantes Antiguos),DIURNA,Desempleado,Nueva Promotora de Salud - Nueva EPS,Envigado,44.2,Media,Perfil 1
Femenino,25,09T-TÉCNICO LABORAL EN AUXILIAR ADMINISTRATIVO,NOCHE,Empleado,EPS Sura,Envigado,44.2,Media,Perfil 2
Femenino,46,09T-TÉCNICO LABORAL EN AUXILIAR ADMINISTRATIVO,DIURNA,Desempleado,EPS Sura,Envigado,44.2,Media,Perfil 2
Masculino,18,17T-TÉCNICO LABORAL EN ENTRENAMIENTO DEPORTIVO,NOCHE,Desempleado,Savia Salud,Envigado,44.2,Media,Perfil 2
Femenino,30,20T-TÉCNICO LABORAL EN JOYERIA,DIURNA,Independiente,EPS Sura,Envigado,44.2,Media,Perfil 3
Femenino,55,EXTENSIÓN - OFFICE 365 VIRTUAL,DIURNA,Sin registro,Sin registro,Envigado,44.2,Media,Perfil 2
Femenino,55,EXTENSIÓN WORD AVANZADO VIRTUAL,DIURNA,Sin registro,Sin registro,Envigado,44.2,Media,Perfil 1
Femenino,55,EXTENSIÓN - OFFICE 365 VIRTUAL,DIURNA,Sin registro,Sin registro,Envigado,44.2,Media,Perfil 2
Femenino,47,09T-TÉCNICO LABORAL EN AUXILIAR ADMINISTRATIVO,NOCHE,Desempleado,EPS Sura,Envigado,44.2,Media,Perfil 1
Femenino,29,EXTENSIÓN MANIPULACIÓN DE ALIMENTOS,DIURNA,Sin registro,Sin registro,Bello,44.1,Media,Perfil 1
Femenino,42,22T-TÉCNICO LABORAL EN MARKETING DIGITAL,NOCHE,Independiente,EPS Sura,Envigado,44.1,Media,Perfil 2
Femenino,15,MEDIA TÉCNICA - ORIENTACIÓN VOCACIONAL,MEDIA TÉCNICA,Estudiante básica,Savia Salud,Envigado,44.1,Media,Perfil 2
Femenino,15,MEDIA TÉCNICA - ORIENTACIÓN VOCACIONAL,MEDIA TÉCNICA,Estudiante básica,EPS Sura,Itagui,44.1,Media,Perfil 2
Femenino,15,MEDIA TÉCNICA - ORIENTACIÓN VOCACIONAL,MEDIA TÉCNICA,Estudiante básica,EPS Sura,Itagui,44.1,Media,Perfil 1
Femenino,53,07T-TÉCNICO LABORAL EN ATENCION Y CUIDADO DE PERSONAS MAYORES,NOCHE,Desempleado,EPS Sura,Envigado,44.1,Media,Perfil 3
Femenino,42,20T-TÉCNICO LABORAL EN JOYERIA,DIURNA,Independiente,Salud Total EPS,Itagui,44.1,Media,Perfil 2
Femenino,15,MEDIA TÉCNICA EN PANADERIA Y REPOSTERIA 2025,MEDIA TÉCNICA,Estudiante básica,Fuerzas Militares,Sabaneta,44.1,Media,Perfil 1
Femenino,28,EXTENSIÓN - OFFICE 365 VIRTUAL,DIURNA,Sin registro,Sin registro,Itagui,44.1,Media,Perfil 1
Femenino,28,EXTENSIÓN - BIOSEGURIDAD,DIURNA,Sin registro,Sin registro,Itagui,44.1,Media,Perfil 2
Femenino,17,12T-TÉCNICO LABORAL EN AUXILIAR DE RECURSO HUMANO,NOCHE,Estudiante básica,Nueva Promotora de Salud - Nueva EPS,Envigado,44.1,Media,Perfil 1
Masculino,24,25T-TÉCNICO LABORAL EN MECANICA DE MOTOCICLETAS,DIURNA,Empleado,EPS Sura,Medellín,44.1,Media,Perfil 2
Femenino,26,09T-TÉCNICO LABORAL EN AUXILIAR ADMINISTRATIVO,NOCHE,Desempleado,EPS Sura,Envigado,44.1,Media,Perfil 2
Femenino,16,12T-TÉCNICO LABORAL EN AUXILIAR DE RECURSO HUMANO,DIURNA,Empleado,COOSALUD EPS,Envigado,44.1,Media,Perfil 2
Femenino,36,29T-TÉCNICO LABORAL EN PANADERIA Y REPOSTERIA,NOCHE,Desempleado,EPS Sura,Envigado,44.1,Media,Perfil 2
Femenino,34,14T-TÉCNICO LABORAL EN CONTABILIDAD,NOCHE,Empleado,EPS Sura,Envigado,44.1,Media,Perfil 1
Femenino,45,22T-TÉCNICO LABORAL EN MARKETING DIGITAL,DIURNA,Desempleado,EPS Sura,Envigado,44.1,Media,Perfil 1
Femenino,19,22T-TÉCNICO LABORAL EN MARKETING DIGITAL,DIURNA,Empleado,EPS Sura,Envigado,44.1,Media,Perfil 2
Femenino,40,14T-TÉCNICO LABORAL EN CONTABILIDAD,DIURNA,Independiente,Coomeva EPS,Envigado,44.1,Media,Perfil 1
Femenino,19,20T-TÉCNICO LABORAL EN JOYERIA,DIURNA,Estudiante básica,EPS Sura,Envigado,44.0,Media,Perfil 2
Femenino,15,MEDIA TÉCNICA - ORIENTACIÓN VOCACIONAL,MEDIA TÉCNICA,Estudiante básica,Salud Total EPS,Envigado,44.0,Media,Perfil 1
Femenino,25,29T-TÉCNICO LABORAL EN PANADERIA Y REPOSTERIA,DIURNA,Desempleado,EPS Sura,Envigado,44.0,Media,Perfil 1
Femenino,61,EXTENSION HERRAMIENTAS TICS,DIURNA,Sin registro,Sin registro,Medellín,44.0,Media,Perfil 2
Femenino,16,MEDIA TÉCNICA - ORIENTACIÓN VOCACIONAL,MEDIA TÉCNICA,Estudiante básica,Coomeva EPS,Envigado,44.0,Media,Perfil 2
Femenino,17,22T-TÉCNICO LABORAL EN MARKETING DIGITAL,DIURNA,Estudiante superior,Coomeva EPS,Envigado,44.0,Media,Perfil 2
Femenino,20,EXTENSIÓN - BIOSEGURIDAD,DIURNA,Estudiante superior,Savia Salud,Envigado,44.0,Media,Perfil 3
Femenino,26,30T-TÉCNICO LABORAL EN EDUCACIÓN PARA LA PRIMERA INFANCIA,NOCHE,Estudiante básica,EPS Sura,Envigado,44.0,Media,Perfil 1
Femenino,17,MEDIA TÉCNICA - ORIENTACIÓN VOCACIONAL,MEDIA TÉCNICA,Estudiante básica,Salud Total EPS,Envigado,44.0,Media,Perfil 1
Femenino,44,23T-TÉCNICO LABORAL EN MARKETING Y VENTA DE PRODUCTOS Y SERVICIOS,DIURNA,Desempleado,EPS Sura,Envigado,44.0,Media,Perfil 1
Femenino,15,MEDIA TÉCNICA - ORIENTACIÓN VOCACIONAL,MEDIA TÉCNICA,Estudiante básica,Coomeva EPS,Envigado,44.0,Media,Perfil 2
Femenino,20,09T-TÉCNICO LABORAL EN AUXILIAR ADMINISTRATIVO,DIURNA,Empleado,EPS Sura,Envigado,44.0,Media,Perfil 3
Femenino,16,MEDIA TÉCNICA EN PANADERIA Y REPOSTERIA 2025,MEDIA TÉCNICA,Estudiante básica,Salud Total EPS,Envigado,44.0,Media,Perfil 1
Femenino,49,EXTENSIÓN MANIPULACIÓN DE ALIMENTOS,DIURNA,Sin registro,Sin registro,Envigado,44.0,Media,Perfil 2
Femenino,49,EXTENSIÓN MANIPULACIÓN DE ALIMENTOS,DIURNA,Sin registro,Sin registro,Envigado,44.0,Media,Perfil 2
Femenino,29,22T-TÉCNICO LABORAL EN MARKETING DIGITAL,NOCHE,Desempleado,EPS Sura,Envigado,44.0,Media,Perfil 2
Femenino,25,14T-TÉCNICO LABORAL EN CONTABILIDAD,NOCHE,Empleado,EPS Sura,Envigado,44.0,Media,Perfil 2
Femenino,19,30T-TÉCNICO LABORAL EN EDUCACIÓN PARA LA PRIMERA INFANCIA,NOCHE,Desempleado,EPS Sura,Envigado,44.0,Media,Perfil 2
Femenino,18,12T-TÉCNICO LABORAL EN AUXILIAR DE RECURSO HUMANO,NOCHE,Desempleado,EPS Sura,Envigado,44.0,Media,Perfil 2
Femenino,33,36T -  TÉCNICO LABORAL EN AUXILIAR ANÁLISIS Y PROGRAMACIÓN DE SOFTWARE,NOCHE,Desempleado,Nueva Promotora de Salud - Nueva EPS,Envigado,43.9,Media,Perfil 1
Femenino,16,MEDIA TÉCNICA - ORIENTACIÓN VOCACIONAL,MEDIA TÉCNICA,Estudiante básica,Salud Total EPS,Envigado,43.9,Media,Perfil 2
Femenino,52,18T-TÉCNICO LABORAL EN GASTRONOMÍA,NOCHE,Empleado,EPS Sura,Sabaneta,43.9,Media,Perfil 1
Femenino,52,EXTENSIÓN EXCEL AVANZADO,DIURNA,Sin registro,Sin registro,Medellín,43.9,Media,Perfil 3
Femenino,45,07T-TÉCNICO LABORAL EN ATENCION Y CUIDADO DE PERSONAS MAYORES,NOCHE,Desempleado,EPS Sura,Envigado,43.9,Media,Perfil 2
Femenino,26,22T-TÉCNICO LABORAL EN MARKETING DIGITAL,NOCHE,Independiente,Savia Salud,Envigado,43.9,Media,Perfil 2
Femenino,15,MEDIA TÉCNICA - ORIENTACIÓN VOCACIONAL,MEDIA TÉCNICA,Estudiante básica,Salud Total EPS,Envigado,43.9,Media,Perfil 2
Femenino,17,MEDIA TÉCNICA - ORIENTACIÓN VOCACIONAL,MEDIA TÉCNICA,Estudiante básica,Salud Total EPS,Envigado,43.9,Media,Perfil 2
Femenino,39,07T-TÉCNICO LABORAL EN ATENCION Y CUIDADO DE PERSONAS MAYORES,NOCHE,Desempleado,Entidad Promotora de Salud SELVASALUD S.A.,Envigado,43.9,Media,Perfil 2
Femenino,25,09T-TÉCNICO LABORAL EN AUXILIAR ADMINISTRATIVO,DIURNA,Estudiante básica,EPS Sura,Envigado,43.9,Media,Perfil 1
Femenino,60,EXTENSIÓN HERRAMIENTAS TICS Y COMPETENCIAS COMPORTAMENTALES PARA EL TRABAJO REMOTO EN CASA,DIURNA,Sin registro,Sin registro,Medellín,43.9,Media,Perfil 2
Femenino,60,EXTENSIÓN COMPETENCIAS COMPORTAMENTALES PARA EL TRABAJO REMOTO EN CASA,DIURNA,Sin registro,Sin registro,Medellín,43.9,Media,Perfil 1
Femenino,22,22T-TÉCNICO LABORAL EN MARKETING DIGITAL,DIURNA,Desempleado,SISBEN,Envigado,43.9,Media,Perfil 2
Femenino,41,07T-TÉCNICO LABORAL EN ATENCION Y CUIDADO DE PERSONAS MAYORES,NOCHE,Independiente,EPS Sura,Envigado,43.8,Media,Perfil 2
Femenino,17,13T-TÉCNICO LABORAL EN AUXILIAR EN SEGURIDAD OCUPACIONAL,NOCHE,Estudiante básica,Nueva Promotora de Salud - Nueva EPS,Envigado,43.8,Media,Perfil 1
Femenino,26,09T-TÉCNICO LABORAL EN AUXILIAR ADMINISTRATIVO,DIURNA,Desempleado,EPS Sura,Envigado,43.8,Media,Perfil 2
Masculino,32,07T-TÉCNICO LABORAL EN ATENCION Y CUIDADO DE PERSONAS MAYORES,NOCHE,Empleado,EPS Sura,Envigado,43.8,Media,Perfil 1
Femenino,28,18T-TÉCNICO LABORAL EN GASTRONOMÍA,DIURNA,Independiente,EPS Sura,Envigado,43.8,Media,Perfil 3
Femenino,20,29T-TÉCNICO LABORAL EN PANADERIA Y REPOSTERIA,DIURNA,Independiente,EPS Sura,Envigado,43.8,Media,Perfil 1
Femenino,39,14T-TÉCNICO LABORAL EN CONTABILIDAD,NOCHE,Independiente,EPS Sura,Envigado,43.8,Media,Perfil 1
Femenino,59,EXTENSIÓN - OFFICE 365 VIRTUAL,DIURNA,Sin registro,Sin registro,Medellín,43.8,Media,Perfil 2
Femenino,59,EXTENSIÓN WORD AVANZADO VIRTUAL,DIURNA,Sin registro,Sin registro,Medellín,43.8,Media,Perfil 3
Femenino,25,04-V Técnico Laboral Auxiliar Análisis de Datos E Inteligencia Artificial (50% Modalidad Distancia),DIURNA,Desempleado,EPS Sura,Envigado,43.7,Media,Perfil 1
Femenino,35,22T-TÉCNICO LABORAL EN MARKETING DIGITAL,DIURNA,Independiente,Sin registro,Envigado,43.7,Media,Perfil 1
Femenino,34,30T-TÉCNICO LABORAL EN EDUCACIÓN PARA LA PRIMERA INFANCIA,NOCHE,Independiente,EPS Sura,Envigado,43.7,Media,Perfil 3
Femenino,34,09T-TÉCNICO LABORAL EN AUXILIAR ADMINISTRATIVO,NOCHE,Empleado,EPS Sura,Envigado,43.7,Media,Perfil 2
Masculino,23,17T-TÉCNICO LABORAL EN ENTRENAMIENTO DEPORTIVO,NOCHE,Empleado,Salud Total EPS,Envigado,43.7,Media,Perfil 2
Femenino,45,13T-TÉCNICO LABORAL EN AUXILIAR EN SEGURIDAD OCUPACIONAL,NOCHE,Empleado,Susalud,Envigado,43.7,Media,Perfil 1
Femenino,25,14T-TÉCNICO LABORAL EN CONTABILIDAD,NOCHE,Estudiante básica,EPS Sura,Envigado,43.7,Media,Perfil 1
Femenino,21,14T-TÉCNICO LABORAL EN CONTABILIDAD,DIURNA,Estudiante superior,EPS Sura,Envigado,43.7,Media,Perfil 1
Masculino,38,17T-TÉCNICO LABORAL EN ENTRENAMIENTO DEPORTIVO,NOCHE,Independiente,EPS Sura,Envigado,43.7,Media,Perfil 2
Femenino,28,36T -  TÉCNICO LABORAL EN AUXILIAR ANÁLISIS Y PROGRAMACIÓN DE SOFTWARE,NOCHE,Desempleado,EPS Sura,Envigado,43.7,Media,Perfil 1
Femenino,57,EXTENSIÓN - BIOSEGURIDAD,DIURNA,Sin registro,Sin registro,Medellín,43.7,Media,Perfil 1
Femenino,50,EXTENSIÓN MANIPULACIÓN DE ALIMENTOS,DIURNA,Sin registro,Sin registro,Envigado,43.7,Media,Perfil 1
Femenino,15,MEDIA TÉCNICA - ORIENTACIÓN VOCACIONAL,MEDIA TÉCNICA,Estudiante básica,Sin registro,Envigado,43.7,Media,Perfil 1
Femenino,35,12T-TÉCNICO LABORAL EN AUXILIAR DE RECURSO HUMANO,NOCHE,Independiente,EPS Sura,Envigado,43.7,Media,Perfil 1
Masculino,37,CURSO EXTENSIÓN EXCEL,NOCHE,Sin registro,Sin registro,Medellín,43.7,Media,Perfil 2
Masculino,43,16T-TÉCNICO LABORAL EN ELECTRICISTA,NOCHE,Empleado,EPS Sura,Envigado,43.7,Media,Perfil 1
Femenino,15,MEDIA TÉCNICA TÉCNICO EN MARKETING Y VENTA DE PRODUCTOS Y SERVICIOS,MEDIA TÉCNICA,Estudiante básica,Nueva Promotora de Salud - Nueva EPS,Envigado,43.7,Media,Perfil 1
Femenino,30,18T-TÉCNICO LABORAL EN GASTRONOMÍA,NOCHE,Estudiante superior,EPS Sura,Medellín,43.7,Media,Perfil 2
Femenino,15,MEDIA TÉCNICA - ORIENTACIÓN VOCACIONAL,MEDIA TÉCNICA,Estudiante básica,Nueva Promotora de Salud - Nueva EPS,Envigado,43.7,Media,Perfil 1
Femenino,39,EXTENSION HERRAMIENTAS TICS,DIURNA,Sin registro,Sin registro,Envigado,43.6,Media,Perfil 1
Femenino,39,EXTENSIÓN - BIOSEGURIDAD,DIURNA,Sin registro,Sin registro,Envigado,43.6,Media,Perfil 1
Femenino,39,EXTENSIÓN - BIOSEGURIDAD,DIURNA,Sin registro,Sin registro,Envigado,43.6,Media,Perfil 1
Femenino,39,EXTENSIÓN MANIPULACIÓN DE ALIMENTOS,DIURNA,Sin registro,Sin registro,Envigado,43.6,Media,Perfil 2
Masculino,42,EXTENSIÓN - BIOSEGURIDAD,DIURNA,Sin registro,Sin registro,Itagui,43.6,Media,Perfil 1
Masculino,42,EXTENSIÓN EXCEL AVANZADO,DIURNA,Sin registro,Sin registro,Itagui,43.6,Media,Perfil 1
Femenino,47,EXTENSIÓN MANIPULACIÓN DE ALIMENTOS,DIURNA,Empleado,Salud Total EPS,Envigado,43.6,Media,Perfil 1
Femenino,22,EXTENSIÓN MANIPULACIÓN DE ALIMENTOS,DIURNA,Estudiante superior,EPS Sura,Envigado,43.6,Media,Perfil 1
Femenino,26,14T-TÉCNICO LABORAL EN CONTABILIDAD,NOCHE,Empleado,Savia Salud,Envigado,43.6,Media,Perfil 1
Femenino,29,18T-TÉCNICO LABORAL EN GASTRONOMÍA,DIURNA,Empleado,EPS Sura,Envigado,43.6,Media,Perfil 2
Masculino,39,17T-TÉCNICO LABORAL EN ENTRENAMIENTO DEPORTIVO,NOCHE,Empleado,EPS Sura,Envigado,43.6,Media,Perfil 2
Femenino,15,MEDIA TÉCNICA - ORIENTACIÓN VOCACIONAL,MEDIA TÉCNICA,Estudiante básica,SISBEN,Envigado,43.6,Media,Perfil 2
Femenino,20,29T-TÉCNICO LABORAL EN PANADERIA Y REPOSTERIA,NOCHE,Desempleado,EPS Sura,Envigado,43.6,Media,Perfil 2
Femenino,20,09T-TÉCNICO LABORAL EN AUXILIAR ADMINISTRATIVO,NOCHE,Estudiante básica,Savia Salud,Envigado,43.6,Media,Perfil 2
Femenino,23,09T-TÉCNICO LABORAL EN AUXILIAR ADMINISTRATIVO,DIURNA,Desempleado,SISBEN,Envigado,43.6,Media,Perfil 1
Femenino,35,14T-TÉCNICO LABORAL EN CONTABILIDAD,NOCHE,Desempleado,Nueva Promotora de Salud - Nueva EPS,Envigado,43.6,Media,Perfil 1
Femenino,36,09T-TÉCNICO LABORAL EN AUXILIAR ADMINISTRATIVO,NOCHE,Empleado,Salud Total EPS,Envigado,43.6,Media,Perfil 1
Femenino,19,30T-TÉCNICO LABORAL EN EDUCACIÓN PARA LA PRIMERA INFANCIA,NOCHE,Estudiante superior,EPS Sura,Envigado,43.6,Media,Perfil 1
Femenino,18,13T-TÉCNICO LABORAL EN AUXILIAR EN SEGURIDAD OCUPACIONAL,NOCHE,Desempleado,Nueva Promotora de Salud - Nueva EPS,Envigado,43.6,Media,Perfil 1
Femenino,20,22T-TÉCNICO LABORAL EN MARKETING DIGITAL,DIURNA,Estudiante básica,EPS Sura,Envigado,43.5,Media,Perfil 1
Femenino,19,09T-TÉCNICO LABORAL EN AUXILIAR ADMINISTRATIVO,DIURNA,Estudiante básica,EPS Sura,Envigado,43.5,Media,Perfil 1
Femenino,17,09T-TÉCNICO LABORAL EN AUXILIAR ADMINISTRATIVO,DIURNA,Estudiante básica,EPS Sura,Envigado,43.5,Media,Perfil 1
Femenino,38,04-V Técnico Laboral Auxiliar Análisis de Datos E Inteligencia Artificial (50% Modalidad Distancia),DIURNA,Empleado,Sanitas EPS,Envigado,43.5,Media,Perfil 1
Femenino,21,09T-TÉCNICO LABORAL EN AUXILIAR ADMINISTRATIVO,DIURNA,Desempleado,EPS Sura,Envigado,43.5,Media,Perfil 1
Femenino,15,MEDIA TÉCNICA EN PANADERIA Y REPOSTERIA 2025,MEDIA TÉCNICA,Estudiante básica,Nueva Promotora de Salud - Nueva EPS,Envigado,43.5,Media,Perfil 1
Femenino,70,EXTENSIÓN MANIPULACIÓN DE ALIMENTOS,DIURNA,Sin registro,Sin registro,Envigado,43.5,Media,Perfil 2
Femenino,70,EXTENSIÓN MANIPULACIÓN DE ALIMENTOS,DIURNA,Sin registro,Sin registro,Envigado,43.5,Media,Perfil 1
Femenino,79,EXTENSIÓN MANIPULACIÓN DE ALIMENTOS,DIURNA,Sin registro,Sin registro,Envigado,43.5,Media,Perfil 1
Masculino,46,17T-TÉCNICO LABORAL EN ENTRENAMIENTO DEPORTIVO,NOCHE,Empleado,Salud Total EPS,Medellín,43.5,Media,Perfil 2
Masculino,32,09T-TÉCNICO LABORAL EN AUXILIAR ADMINISTRATIVO,NOCHE,Empleado,EPS Sura,Envigado,43.5,Media,Perfil 2
Femenino,29,07T-TÉCNICO LABORAL EN ATENCION Y CUIDADO DE PERSONAS MAYORES,NOCHE,Independiente,EPS Sura,Envigado,43.5,Media,Perfil 2
Femenino,38,14T-TÉCNICO LABORAL EN CONTABILIDAD,NOCHE,Empleado,EPS Sura,Envigado,43.5,Media,Perfil 2
Femenino,25,09T-TÉCNICO LABORAL EN AUXILIAR ADMINISTRATIVO,NOCHE,Independiente,EPS Sura,Envigado,43.5,Media,Perfil 2
Femenino,20,22T-TÉCNICO LABORAL EN MARKETING DIGITAL,DIURNA,Desempleado,EPS Sura,Envigado,43.5,Media,Perfil 2
Femenino,20,09T-TÉCNICO LABORAL EN AUXILIAR ADMINISTRATIVO,DIURNA,Desempleado,EPS Sura,Envigado,43.5,Media,Perfil 2
Femenino,51,EXTENSIÓN MANIPULACIÓN DE ALIMENTOS,DIURNA,Sin registro,Sin registro,Envigado,43.5,Media,Perfil 1
Femenino,51,EXTENSION HERRAMIENTAS TICS,DIURNA,Sin registro,Sin registro,Envigado,43.5,Media,Perfil 1
Femenino,51,EXTENSIÓN WORD AVANZADO VIRTUAL,DIURNA,Sin registro,Sin registro,Envigado,43.5,Media,Perfil 1
Femenino,51,EXTENSIÓN - OFFICE 365 VIRTUAL,DIURNA,Sin registro,Sin registro,Envigado,43.5,Media,Perfil 1
Femenino,23,09T-TÉCNICO LABORAL EN AUXILIAR ADMINISTRATIVO,NOCHE,Desempleado,Savia Salud,Envigado,43.5,Media,Perfil 1
Femenino,19,09T-TÉCNICO LABORAL EN AUXILIAR ADMINISTRATIVO,DIURNA,Estudiante básica,EPS Sura,Envigado,43.5,Media,Perfil 1
Femenino,40,14T-TÉCNICO LABORAL EN CONTABILIDAD,NOCHE,Empleado,Sin registro,Envigado,43.5,Media,Perfil 1
Masculino,20,31T-TÉCNICO LABORAL EN SISTEMAS (Estudiantes Antiguos),NOCHE,Estudiante superior,Empresas Publicas de Medellin departamento Medico,Envigado,43.5,Media,Perfil 1
Femenino,20,09T-TÉCNICO LABORAL EN AUXILIAR ADMINISTRATIVO,NOCHE,Empleado,Sin registro,Envigado,43.5,Media,Perfil 1
Femenino,18,36T -  TÉCNICO LABORAL EN AUXILIAR ANÁLISIS Y PROGRAMACIÓN DE SOFTWARE,NOCHE,Estudiante superior,EPS Sura,Envigado,43.5,Media,Perfil 1
Femenino,22,23T-TÉCNICO LABORAL EN MARKETING Y VENTA DE PRODUCTOS Y SERVICIOS,NOCHE,Estudiante superior,EPS Sura,Envigado,43.5,Media,Perfil 1
Femenino,62,EXTENSIÓN - OFFICE 365 VIRTUAL,DIURNA,Sin registro,Sin registro,Envigado,43.5,Media,Perfil 1
Femenino,62,EXTENSIÓN COMPETENCIAS COMPORTAMENTALES PARA EL TRABAJO REMOTO EN CASA,DIURNA,Sin registro,Sin registro,Envigado,43.5,Media,Perfil 1
Femenino,62,EXTENSIÓN HERRAMIENTAS TICS Y COMPETENCIAS COMPORTAMENTALES PARA EL TRABAJO REMOTO EN CASA,DIURNA,Sin registro,Sin registro,Envigado,43.5,Media,Perfil 1
Masculino,36,09T-TÉCNICO LABORAL EN AUXILIAR ADMINISTRATIVO,NOCHE,Empleado,EPS Sura,Itagui,43.4,Media,Perfil 2
Femenino,20,09T-TÉCNICO LABORAL EN AUXILIAR ADMINISTRATIVO,DIURNA,Desempleado,SISBEN,Envigado,43.4,Media,Perfil 2
Femenino,22,09T-TÉCNICO LABORAL EN AUXILIAR ADMINISTRATIVO,NOCHE,Empleado,EPS Sura,Envigado,43.4,Media,Perfil 1
Femenino,47,16T-TÉCNICO LABORAL EN ELECTRICISTA,NOCHE,Desempleado,EPS Sura,Envigado,43.4,Media,Perfil 1
Femenino,45,EXTENSIÓN MANIPULACIÓN DE ALIMENTOS,DIURNA,Sin registro,Sin registro,Envigado,43.4,Media,Perfil 1
Femenino,48,FORMACIÓN EN CONOCIMIENTOS ACADÉMICOS PARA LA ACTUALIZACIÓN DEL DESEMPEÑO DOCENTE CEFIT,NOCHE,Sin registro,Sin registro,Medellín,43.4,Media,Perfil 2
Femenino,21,09T-TÉCNICO LABORAL EN AUXILIAR ADMINISTRATIVO,DIURNA,Empleado,EPS Sura,Envigado,43.4,Media,Perfil 1
Femenino,24,36T -  TÉCNICO LABORAL EN AUXILIAR ANÁLISIS Y PROGRAMACIÓN DE SOFTWARE,NOCHE,Empleado,EPS Sura,Envigado,43.4,Media,Perfil 2
Masculino,31,14T-TÉCNICO LABORAL EN CONTABILIDAD,NOCHE,Empleado,EPS Sura,Envigado,43.4,Media,Perfil 1
Femenino,17,22T-TÉCNICO LABORAL EN MARKETING DIGITAL,DIURNA,Estudiante básica,EPS Sura,Envigado,43.4,Media,Perfil 2
Femenino,17,14T-TÉCNICO LABORAL EN CONTABILIDAD,DIURNA,Estudiante básica,EPS Sura,Envigado,43.4,Media,Perfil 2
Femenino,18,18T-TÉCNICO LABORAL EN GASTRONOMÍA,DIURNA,Estudiante básica,EPS Sura,Envigado,43.4,Media,Perfil 1
Femenino,35,14T-TÉCNICO LABORAL EN CONTABILIDAD,NOCHE,Empleado,EPS Sura,Envigado,43.4,Media,Perfil 2
Femenino,16,MEDIA TECNICA MARKETING DIGITAL,MEDIA TÉCNICA,Estudiante básica,EPS Sura,Envigado,43.4,Media,Perfil 1
Femenino,44,22T-TÉCNICO LABORAL EN MARKETING DIGITAL,DIURNA,Independiente,Sin registro,Envigado,43.3,Media,Perfil 2
Masculino,28,14T-TÉCNICO LABORAL EN CONTABILIDAD,NOCHE,Empleado,Suramericana,Envigado,43.3,Media,Perfil 2
Femenino,20,22T-TÉCNICO LABORAL EN MARKETING DIGITAL,NOCHE,Empleado,EPS Sura,Envigado,43.3,Media,Perfil 2
Femenino,17,MEDIA TÉCNICA TÉCNICO EN MARKETING Y VENTA DE PRODUCTOS Y SERVICIOS,MEDIA TÉCNICA,Estudiante básica,Médico Preventiva,Envigado,43.3,Media,Perfil 2
Femenino,21,22T-TÉCNICO LABORAL EN MARKETING DIGITAL,DIURNA,Estudiante superior,EPS Sura,Envigado,43.3,Media,Perfil 2
Femenino,21,09T-TÉCNICO LABORAL EN AUXILIAR ADMINISTRATIVO,NOCHE,Desempleado,EPS Sura,Envigado,43.3,Media,Perfil 2
Femenino,32,12T-TÉCNICO LABORAL EN AUXILIAR DE RECURSO HUMANO,NOCHE,Estudiante superior,EPS Sura,Envigado,43.3,Media,Perfil 2
Femenino,21,22T-TÉCNICO LABORAL EN MARKETING DIGITAL,DIURNA,Desempleado,EPS Sura,Envigado,43.3,Media,Perfil 1
Masculino,29,16T-TÉCNICO LABORAL EN ELECTRICISTA,NOCHE,Empleado,EPS Sura,Envigado,43.3,Media,Perfil 2
Masculino,49,13T-TÉCNICO LABORAL EN AUXILIAR EN SEGURIDAD OCUPACIONAL,NOCHE,Empleado,EPS Sura,Envigado,43.3,Media,Perfil 2
Femenino,58,EXT - COCINA BÁSICA,NOCHE,Sin registro,Sin registro,Envigado,43.3,Media,Perfil 2
Masculino,20,17T-TÉCNICO LABORAL EN ENTRENAMIENTO DEPORTIVO,DIURNA,Estudiante superior,EPS Sura,Envigado,43.3,Media,Perfil 2
Femenino,18,06-VTécnico Laboral en Asistente Community Manager y Redes Sociales (50% Modalidad Distancia),DIURNA,Desempleado,EPS Sura,Envigado,43.3,Media,Perfil 2
Femenino,17,22T-TÉCNICO LABORAL EN MARKETING DIGITAL,DIURNA,Desempleado,EPS Sura,Envigado,43.3,Media,Perfil 1
Femenino,26,12T-TÉCNICO LABORAL EN AUXILIAR DE RECURSO HUMANO,NOCHE,Empleado,EPS Sura,Envigado,43.2,Media,Perfil 2
Femenino,29,03T-TÉCNICO LABORAL AUXILIAR EN LOGÍSTICA,NOCHE,Desempleado,Suramericana,Envigado,43.2,Media,Perfil 2
Femenino,20,09T-TÉCNICO LABORAL EN AUXILIAR ADMINISTRATIVO,NOCHE,Empleado,EPS Sura,Envigado,43.2,Media,Perfil 1
Femenino,17,18T-TÉCNICO LABORAL EN GASTRONOMÍA,DIURNA,Estudiante superior,EPS Sura,Envigado,43.2,Media,Perfil 1
Femenino,16,MEDIA TÉCNICA - ORIENTACIÓN VOCACIONAL,MEDIA TÉCNICA,Estudiante básica,EPS Sura,Envigado,43.2,Media,Perfil 2
Femenino,20,09T-TÉCNICO LABORAL EN AUXILIAR ADMINISTRATIVO,DIURNA,Estudiante superior,EPS Sura,Envigado,43.2,Media,Perfil 1
Masculino,33,17T-TÉCNICO LABORAL EN ENTRENAMIENTO DEPORTIVO,NOCHE,Empleado,EPS Sura,Envigado,43.2,Media,Perfil 1
Femenino,40,09T-TÉCNICO LABORAL EN AUXILIAR ADMINISTRATIVO,DIURNA,Desempleado,EPS Sura,Envigado,43.2,Media,Perfil 1
Femenino,22,09T-TÉCNICO LABORAL EN AUXILIAR ADMINISTRATIVO,DIURNA,Desempleado,ISS EPS,Envigado,43.2,Media,Perfil 1
Femenino,25,09T-TÉCNICO LABORAL EN AUXILIAR ADMINISTRATIVO,DIURNA,Desempleado,EPS Sura,Envigado,43.2,Media,Perfil 1
Femenino,19,09T-TÉCNICO LABORAL EN AUXILIAR ADMINISTRATIVO,DIURNA,Desempleado,EPS Sura,Envigado,43.2,Media,Perfil 1
Femenino,18,14T-TÉCNICO LABORAL EN CONTABILIDAD,DIURNA,Desempleado,EPS Sura,Envigado,43.2,Media,Perfil 2
Femenino,19,23T-TÉCNICO LABORAL EN MARKETING Y VENTA DE PRODUCTOS Y SERVICIOS,DIURNA,Desempleado,EPS Sura,Envigado,43.2,Media,Perfil 1
Femenino,21,22T-TÉCNICO LABORAL EN MARKETING DIGITAL,DIURNA,Desempleado,EPS Sura,Envigado,43.2,Media,Perfil 2
Femenino,17,09T-TÉCNICO LABORAL EN AUXILIAR ADMINISTRATIVO,DIURNA,Estudiante superior,EPS Sura,Envigado,43.1,Media,Perfil 1
Femenino,19,12T-TÉCNICO LABORAL EN AUXILIAR DE RECURSO HUMANO,DIURNA,Estudiante superior,EPS Sura,Envigado,43.1,Media,Perfil 1
Femenino,17,01-V- TÉCNICO LABORAL EN MARKETING DIGITAL A DISTANCIA,NOCHE,Estudiante básica,EPS Sura,Envigado,43.1,Media,Perfil 1
Femenino,18,30T-TÉCNICO LABORAL EN EDUCACIÓN PARA LA PRIMERA INFANCIA,NOCHE,Estudiante básica,EPS Sura,Envigado,43.1,Media,Perfil 1
Femenino,17,23T-TÉCNICO LABORAL EN MARKETING Y VENTA DE PRODUCTOS Y SERVICIOS,NOCHE,Estudiante básica,EPS Sura,Envigado,43.1,Media,Perfil 1
Femenino,19,09T-TÉCNICO LABORAL EN AUXILIAR ADMINISTRATIVO,NOCHE,Estudiante básica,EPS Sura,Envigado,43.1,Media,Perfil 1
Femenino,17,09T-TÉCNICO LABORAL EN AUXILIAR ADMINISTRATIVO,DIURNA,Estudiante básica,EPS Sura,Envigado,43.1,Media,Perfil 1
Femenino,53,EXTENSIÓN MANIPULACIÓN DE ALIMENTOS,DIURNA,Sin registro,Sin registro,Envigado,43.1,Media,Perfil 1
Femenino,53,EXTENSION HERRAMIENTAS TICS,DIURNA,Sin registro,Sin registro,Envigado,43.1,Media,Perfil 1
Femenino,53,EXTENSIÓN WORD AVANZADO VIRTUAL,DIURNA,Sin registro,Sin registro,Envigado,43.1,Media,Perfil 1
Femenino,16,MEDIA TÉCNICA - ORIENTACIÓN VOCACIONAL,MEDIA TÉCNICA,Estudiante básica,EPS Sura,Itagui,43.1,Media,Perfil 1
Femenino,25,22T-TÉCNICO LABORAL EN MARKETING DIGITAL,NOCHE,Empleado,EPS Sura,Envigado,43.1,Media,Perfil 1
Femenino,41,09T-TÉCNICO LABORAL EN AUXILIAR ADMINISTRATIVO,NOCHE,Estudiante superior,EPS Sura,Envigado,43.1,Media,Perfil 1
Femenino,25,09T-TÉCNICO LABORAL EN AUXILIAR ADMINISTRATIVO,NOCHE,Empleado,Suramericana,Envigado,43.1,Media,Perfil 1
Femenino,27,EXTENSIÓN MANIPULACIÓN DE ALIMENTOS,DIURNA,Empleado,EPS Sura,Envigado,43.1,Media,Perfil 1
Femenino,45,20T-TÉCNICO LABORAL EN JOYERIA,DIURNA,Empleado,Sanitas EPS,Envigado,43.1,Media,Perfil 1
Femenino,58,07T-TÉCNICO LABORAL EN ATENCION Y CUIDADO DE PERSONAS MAYORES,NOCHE,Empleado,EPS Sura,Envigado,43.1,Media,Perfil 1
Femenino,16,22T-TÉCNICO LABORAL EN MARKETING DIGITAL,NOCHE,Estudiante básica,EPS Sura,Envigado,43.1,Media,Perfil 1
Femenino,19,14T-TÉCNICO LABORAL EN CONTABILIDAD,NOCHE,Empleado,EPS Sura,Envigado,43.1,Media,Perfil 1
Femenino,52,EXTENSIÓN HERRAMIENTAS TICS MEDIO,DIURNA,Sin registro,Sin registro,Envigado,43.1,Media,Perfil 1
Femenino,52,EXTENSIÓN EXCEL AVANZADO,DIURNA,Sin registro,Sin registro,Envigado,43.1,Media,Perfil 1
Femenino,52,EXTENSION HERRAMIENTAS TICS,DIURNA,Sin registro,Sin registro,Envigado,43.1,Media,Perfil 1
Femenino,52,EXTENSION HERRAMIENTAS TICS,DIURNA,Sin registro,Sin registro,Envigado,43.1,Media,Perfil 1
Femenino,26,14T-TÉCNICO LABORAL EN CONTABILIDAD,NOCHE,Empleado,EPS Sura,Envigado,43.1,Media,Perfil 1
Femenino,26,13T-TÉCNICO LABORAL EN AUXILIAR EN SEGURIDAD OCUPACIONAL,NOCHE,Empleado,EPS Sura,Envigado,43.1,Media,Perfil 1
Femenino,29,12T-TÉCNICO LABORAL EN AUXILIAR DE RECURSO HUMANO,DIURNA,Empleado,EPS Sura,Envigado,43.1,Media,Perfil 1
Femenino,17,14T-TÉCNICO LABORAL EN CONTABILIDAD,DIURNA,Estudiante básica,EPS Sura,Envigado,43.1,Media,Perfil 1
Femenino,38,22T-TÉCNICO LABORAL EN MARKETING DIGITAL,DIURNA,Desempleado,EPS Sura,Envigado,43.1,Media,Perfil 1
Femenino,51,07T-TÉCNICO LABORAL EN ATENCION Y CUIDADO DE PERSONAS MAYORES,NOCHE,Independiente,EPS Sura,Envigado,43.1,Media,Perfil 1
Femenino,15,MEDIA TÉCNICA - ORIENTACIÓN VOCACIONAL,MEDIA TÉCNICA,Estudiante básica,EPS Sura,Envigado,43.1,Media,Perfil 1
Femenino,22,14T-TÉCNICO LABORAL EN CONTABILIDAD,DIURNA,Desempleado,EPS Sura,Envigado,43.1,Media,Perfil 1
Femenino,28,09T-TÉCNICO LABORAL EN AUXILIAR ADMINISTRATIVO,NOCHE,Empleado,EPS Sura,San Antonio de Prado,43.0,Media,Perfil 1
Femenino,35,22T-TÉCNICO LABORAL EN MARKETING DIGITAL,NOCHE,Independiente,EPS Sura,Envigado,43.0,Media,Perfil 1
Femenino,55,EXTENSIÓN MANIPULACIÓN DE ALIMENTOS,DIURNA,Sin registro,Sin registro,Envigado,43.0,Media,Perfil 1
Femenino,17,09T-TÉCNICO LABORAL EN AUXILIAR ADMINISTRATIVO,DIURNA,Estudiante básica,EPS Sura,Envigado,43.0,Media,Perfil 1
Femenino,46,22T-TÉCNICO LABORAL EN MARKETING DIGITAL,DIURNA,Desempleado,Sin registro,Envigado,43.0,Media,Perfil 1
Femenino,27,14T-TÉCNICO LABORAL EN CONTABILIDAD,NOCHE,Empleado,EPS Sura,Envigado,43.0,Media,Perfil 1
Femenino,20,23T-TÉCNICO LABORAL EN MARKETING Y VENTA DE PRODUCTOS Y SERVICIOS,DIURNA,Desempleado,EPS Sura,Envigado,43.0,Media,Perfil 2
Femenino,42,30T-TÉCNICO LABORAL EN EDUCACIÓN PARA LA PRIMERA INFANCIA,NOCHE,Desempleado,Nueva Promotora de Salud - Nueva EPS,Envigado,43.0,Media,Perfil 1
Masculino,35,17T-TÉCNICO LABORAL EN ENTRENAMIENTO DEPORTIVO,DIURNA,Independiente,EPS Sura,Envigado,43.0,Media,Perfil 1
Femenino,15,MEDIA TECNICA EN TÉCNICO LABORAL EN EDUCACIÓN PARA LA PRIMERA INFANCIA,MEDIA TÉCNICA,Estudiante básica,Nueva Promotora de Salud - Nueva EPS,Envigado,43.0,Media,Perfil 2
Femenino,18,04-V Técnico Laboral Auxiliar Análisis de Datos E Inteligencia Artificial (50% Modalidad Distancia),DIURNA,Estudiante básica,EPS Sura,Envigado,43.0,Media,Perfil 2
Femenino,29,12T-TÉCNICO LABORAL EN AUXILIAR DE RECURSO HUMANO,NOCHE,Empleado,EPS Sura,Envigado,43.0,Media,Perfil 1
Femenino,29,22T-TÉCNICO LABORAL EN MARKETING DIGITAL,NOCHE,Empleado,EPS Sura,Envigado,43.0,Media,Perfil 1
Femenino,29,01-V- TÉCNICO LABORAL EN MARKETING DIGITAL A DISTANCIA,NOCHE,Empleado,EPS Sura,Envigado,43.0,Media,Perfil 2
Femenino,45,EXTENSIÓN MANIPULACIÓN DE ALIMENTOS,DIURNA,Desempleado,EPS Sura,Envigado,43.0,Media,Perfil 1
Femenino,56,EXTENSIÓN - BIOSEGURIDAD,DIURNA,Sin registro,Sin registro,Envigado,43.0,Media,Perfil 1
Femenino,56,EXTENSIÓN MANIPULACIÓN DE ALIMENTOS,DIURNA,Sin registro,Sin registro,Envigado,43.0,Media,Perfil 1
Femenino,56,EXTENSIÓN MANIPULACIÓN DE ALIMENTOS,DIURNA,Sin registro,Sin registro,Envigado,43.0,Media,Perfil 1
Femenino,18,09T-TÉCNICO LABORAL EN AUXILIAR ADMINISTRATIVO,DIURNA,Empleado,EPS Sura,Envigado,43.0,Media,Perfil 1
Femenino,60,EXTENSION HERRAMIENTAS TICS,DIURNA,Sin registro,Sin registro,Envigado,43.0,Media,Perfil 2
Femenino,35,14T-TÉCNICO LABORAL EN CONTABILIDAD,NOCHE,Empleado,Savia Salud,Envigado,43.0,Media,Perfil 1
Femenino,54,EXTENSION HERRAMIENTAS TICS,DIURNA,Sin registro,Sin registro,Envigado,43.0,Media,Perfil 1
Femenino,54,EXTENSIÓN EXCEL AVANZADO,DIURNA,Sin registro,Sin registro,Envigado,43.0,Media,Perfil 1
Femenino,54,EXTENSIÓN MANIPULACIÓN DE ALIMENTOS,DIURNA,Sin registro,Sin registro,Envigado,43.0,Media,Perfil 1
Femenino,42,FORMACIÓN EN CONOCIMIENTOS ACADÉMICOS PARA LA ACTUALIZACIÓN DEL DESEMPEÑO DOCENTE CEFIT,NOCHE,Empleado,EPS Sura,Envigado,42.9,Media,Perfil 1
Masculino,32,12T-TÉCNICO LABORAL EN AUXILIAR DE RECURSO HUMANO,NOCHE,Empleado,EPS Sura,Envigado,42.9,Media,Perfil 1
Femenino,29,22T-TÉCNICO LABORAL EN MARKETING DIGITAL,NOCHE,Empleado,EPS Sura,Envigado,42.9,Media,Perfil 1
Femenino,30,12T-TÉCNICO LABORAL EN AUXILIAR DE RECURSO HUMANO,DIURNA,Empleado,EPS Sura,Envigado,42.9,Media,Perfil 1
Femenino,15,MEDIA TÉCNICA EN PANADERIA Y REPOSTERIA 2025,MEDIA TÉCNICA,Estudiante superior,EPS Sura,Itagui,42.9,Media,Perfil 1
Femenino,17,23T-TÉCNICO LABORAL EN MARKETING Y VENTA DE PRODUCTOS Y SERVICIOS,DIURNA,Desempleado,EPS Sura,Envigado,42.9,Media,Perfil 1
Femenino,19,12T-TÉCNICO LABORAL EN AUXILIAR DE RECURSO HUMANO,NOCHE,Estudiante básica,Nueva Promotora de Salud - Nueva EPS,Envigado,42.9,Media,Perfil 1
Femenino,34,07T-TÉCNICO LABORAL EN ATENCION Y CUIDADO DE PERSONAS MAYORES,NOCHE,Desempleado,EPS Sura,Envigado,42.9,Media,Perfil 1
Femenino,26,14T-TÉCNICO LABORAL EN CONTABILIDAD,NOCHE,Empleado,EPS Sura,Envigado,42.9,Media,Perfil 1
Femenino,51,07T-TÉCNICO LABORAL EN ATENCION Y CUIDADO DE PERSONAS MAYORES,NOCHE,Desempleado,EPS Sura,Envigado,42.9,Media,Perfil 1
Femenino,57,EXTENSION HERRAMIENTAS TICS,DIURNA,Sin registro,Sin registro,Envigado,42.9,Media,Perfil 2
Femenino,57,EXTENSIÓN MANIPULACIÓN DE ALIMENTOS,DIURNA,Sin registro,Sin registro,Envigado,42.9,Media,Perfil 1
Femenino,57,EXTENSIÓN - BIOSEGURIDAD,DIURNA,Sin registro,Sin registro,Envigado,42.9,Media,Perfil 1
Femenino,15,MEDIA TÉCNICA TÉCNICO EN MARKETING Y VENTA DE PRODUCTOS Y SERVICIOS,MEDIA TÉCNICA,Estudiante básica,Policía Nacional,Envigado,42.9,Media,Perfil 2
Femenino,58,EXTENSIÓN COMPETENCIAS COMPORTAMENTALES PARA EL TRABAJO REMOTO EN CASA,DIURNA,Sin registro,Sin registro,Envigado,42.9,Media,Perfil 1
Femenino,59,EXTENSION HERRAMIENTAS TICS,DIURNA,Sin registro,Sin registro,Envigado,42.9,Media,Perfil 2
Femenino,58,EXTENSIÓN HERRAMIENTAS TICS Y COMPETENCIAS COMPORTAMENTALES PARA EL TRABAJO REMOTO EN CASA,DIURNA,Sin registro,Sin registro,Envigado,42.9,Media,Perfil 1
Femenino,59,EXTENSIÓN - BIOSEGURIDAD,DIURNA,Sin registro,Sin registro,Envigado,42.9,Media,Perfil 2
Femenino,58,EXTENSIÓN MANIPULACIÓN DE ALIMENTOS,DIURNA,Sin registro,Sin registro,Envigado,42.9,Media,Perfil 2
Femenino,59,EXTENSION HERRAMIENTAS TICS,DIURNA,Sin registro,Sin registro,Envigado,42.9,Media,Perfil 2
Femenino,43,18T-TÉCNICO LABORAL EN GASTRONOMÍA,DIURNA,Independiente,EPS Sura,Envigado,42.9,Media,Perfil 1
Femenino,22,12T-TÉCNICO LABORAL EN AUXILIAR DE RECURSO HUMANO,DIURNA,Empleado,Suramericana,Envigado,42.9,Media,Perfil 1
Femenino,26,23T-TÉCNICO LABORAL EN MARKETING Y VENTA DE PRODUCTOS Y SERVICIOS,NOCHE,Empleado,EPS Sura,Envigado,42.9,Media,Perfil 1
Femenino,22,14T-TÉCNICO LABORAL EN CONTABILIDAD,NOCHE,Empleado,Savia Salud,Envigado,42.8,Media,Perfil 1
Femenino,44,09T-TÉCNICO LABORAL EN AUXILIAR ADMINISTRATIVO,DIURNA,Empleado,EPS Sura,Envigado,42.8,Media,Perfil 1
Femenino,29,22T-TÉCNICO LABORAL EN MARKETING DIGITAL,NOCHE,Desempleado,EPS Sura,Envigado,42.8,Media,Perfil 1
Femenino,15,MEDIA TECNICA MARKETING DIGITAL,MEDIA TÉCNICA,Estudiante básica,Savia Salud,Envigado,42.8,Media,Perfil 2
Masculino,30,10T-TÉCNICO LABORAL EN AUXILIAR ADMINISTRATIVO CON ÉNFASIS EN SISTEMAS (Solo Estudiantes Antiguos),NOCHE,Empleado,EPS Sura,Envigado,42.8,Media,Perfil 1
Femenino,36,EXTENSIÓN HERRAMIENTAS TICS MEDIO,DIURNA,Sin registro,Sin registro,Bello,42.8,Media,Perfil 1
Femenino,42,14T-TÉCNICO LABORAL EN CONTABILIDAD,NOCHE,Empleado,COOSALUD EPS,Envigado,42.8,Media,Perfil 1
Femenino,28,14T-TÉCNICO LABORAL EN CONTABILIDAD,NOCHE,Empleado,EPS Sura,Envigado,42.7,Media,Perfil 1
Femenino,28,09T-TÉCNICO LABORAL EN AUXILIAR ADMINISTRATIVO,NOCHE,Empleado,EPS Sura,Envigado,42.7,Media,Perfil 2
Femenino,19,22T-TÉCNICO LABORAL EN MARKETING DIGITAL,DIURNA,Desempleado,EPS Sura,Envigado,42.7,Media,Perfil 2
Femenino,17,14T-TÉCNICO LABORAL EN CONTABILIDAD,DIURNA,Desempleado,EPS Sura,Envigado,42.7,Media,Perfil 1
Femenino,18,25T-TÉCNICO LABORAL EN MECANICA DE MOTOCICLETAS,DIURNA,Desempleado,EPS Sura,Envigado,42.7,Media,Perfil 2
Femenino,15,MEDIA TÉCNICA TÉCNICO EN MARKETING Y VENTA DE PRODUCTOS Y SERVICIOS,MEDIA TÉCNICA,Estudiante básica,SISBEN V2 - Nivel 1,Envigado,42.7,Media,Perfil 2
Femenino,25,09T-TÉCNICO LABORAL EN AUXILIAR ADMINISTRATIVO,NOCHE,Empleado,EPS Sura,Envigado,42.7,Media,Perfil 2
Femenino,17,12T-TÉCNICO LABORAL EN AUXILIAR DE RECURSO HUMANO,NOCHE,Estudiante básica,EPS Sura,Envigado,42.7,Media,Perfil 1
Masculino,20,17T-TÉCNICO LABORAL EN ENTRENAMIENTO DEPORTIVO,DIURNA,Empleado,EPS Sura,Sabaneta,42.7,Media,Perfil 1
Femenino,33,EXTENSION HERRAMIENTAS TICS,DIURNA,Sin registro,Sin registro,Itagui,42.7,Media,Perfil 1
Femenino,27,12T-TÉCNICO LABORAL EN AUXILIAR DE RECURSO HUMANO,NOCHE,Empleado,EPS Sura,Envigado,42.7,Media,Perfil 1
Femenino,42,EXTENSIÓN - BIOSEGURIDAD,DIURNA,Sin registro,Sin registro,Caldas,42.7,Media,Perfil 2
Femenino,34,14T-TÉCNICO LABORAL EN CONTABILIDAD,NOCHE,Empleado,EPS Sura,Envigado,42.7,Media,Perfil 1
Masculino,39,CURSO EXTENSIÓN EXCEL,NOCHE,Sin registro,Sin registro,Medellín,42.7,Media,Perfil 1
Femenino,27,14T-TÉCNICO LABORAL EN CONTABILIDAD,NOCHE,Empleado,EPS Sura,Envigado,42.7,Media,Perfil 1
Femenino,26,14T-TÉCNICO LABORAL EN CONTABILIDAD,DIURNA,Empleado,EPS Sura,Envigado,42.6,Media,Perfil 1
Femenino,36,07T-TÉCNICO LABORAL EN ATENCION Y CUIDADO DE PERSONAS MAYORES,NOCHE,Empleado,EPS Sura,Envigado,42.6,Media,Perfil 1
Femenino,32,09T-TÉCNICO LABORAL EN AUXILIAR ADMINISTRATIVO,NOCHE,Empleado,EPS Sura,Envigado,42.6,Media,Perfil 1
Femenino,15,MEDIA TÉCNICA - ORIENTACIÓN VOCACIONAL,MEDIA TÉCNICA,Estudiante básica,EPS Sura,Envigado,42.6,Media,Perfil 1
Masculino,52,EXTENSIÓN COMPETENCIAS COMPORTAMENTALES PARA EL TRABAJO REMOTO EN CASA,DIURNA,Sin registro,Sin registro,Itagui,42.6,Media,Perfil 2
Masculino,52,EXTENSIÓN HERRAMIENTAS TICS Y COMPETENCIAS COMPORTAMENTALES PARA EL TRABAJO REMOTO EN CASA,DIURNA,Sin registro,Sin registro,Itagui,42.6,Media,Perfil 1
Masculino,39,22T-TÉCNICO LABORAL EN MARKETING DIGITAL,NOCHE,Empleado,EPS Sura,Envigado,42.6,Media,Perfil 1
Femenino,15,MEDIA TÉCNICA TÉCNICO EN MARKETING Y VENTA DE PRODUCTOS Y SERVICIOS,MEDIA TÉCNICA,Estudiante básica,Sin registro,Envigado,42.6,Media,Perfil 1
Femenino,17,MEDIA TÉCNICA - ORIENTACIÓN VOCACIONAL,MEDIA TÉCNICA,Estudiante básica,EPS Sura,Envigado,42.6,Media,Perfil 1
Femenino,15,MEDIA TÉCNICA - ORIENTACIÓN VOCACIONAL,MEDIA TÉCNICA,Estudiante básica,EPS Sura,Envigado,42.6,Media,Perfil 1
Femenino,14,MEDIA TÉCNICA - ORIENTACIÓN VOCACIONAL,MEDIA TÉCNICA,Estudiante básica,EPS Sura,Envigado,42.6,Media,Perfil 1
Femenino,15,MEDIA TÉCNICA - ORIENTACIÓN VOCACIONAL,MEDIA TÉCNICA,Estudiante básica,EPS Sura,Envigado,42.6,Media,Perfil 1
Femenino,16,MEDIA TÉCNICA - ORIENTACIÓN VOCACIONAL,MEDIA TÉCNICA,Estudiante básica,EPS Sura,Envigado,42.6,Media,Perfil 1
Femenino,15,MEDIA TÉCNICA - ORIENTACIÓN VOCACIONAL,MEDIA TÉCNICA,Estudiante básica,EPS Sura,Envigado,42.6,Media,Perfil 1
Femenino,46,07T-TÉCNICO LABORAL EN ATENCION Y CUIDADO DE PERSONAS MAYORES,NOCHE,Desempleado,Suramericana,Envigado,42.6,Media,Perfil 1
Femenino,36,EXTENSIÓN MANIPULACIÓN DE ALIMENTOS,DIURNA,Sin registro,Sin registro,Itagui,42.6,Media,Perfil 1
Femenino,22,12T-TÉCNICO LABORAL EN AUXILIAR DE RECURSO HUMANO,NOCHE,Desempleado,EPS Sura,Envigado,42.6,Media,Perfil 1
Femenino,18,06-VTécnico Laboral en Asistente Community Manager y Redes Sociales (50% Modalidad Distancia),DIURNA,Independiente,EPS Sura,Envigado,42.6,Media,Perfil 2
Femenino,40,EXTENSIÓN MANIPULACIÓN DE ALIMENTOS,DIURNA,Sin registro,Sin registro,Envigado,42.6,Media,Perfil 1
Femenino,40,EXTENSIÓN HERRAMIENTAS TICS MEDIO,DIURNA,Sin registro,Sin registro,Envigado,42.6,Media,Perfil 1
Femenino,28,09T-TÉCNICO LABORAL EN AUXILIAR ADMINISTRATIVO,NOCHE,Desempleado,EPS Sura,Envigado,42.6,Media,Perfil 1
Femenino,28,30T-TÉCNICO LABORAL EN EDUCACIÓN PARA LA PRIMERA INFANCIA,NOCHE,Desempleado,EPS Sura,Envigado,42.6,Media,Perfil 1
Femenino,25,14T-TÉCNICO LABORAL EN CONTABILIDAD,NOCHE,Empleado,Salud Total EPS,Envigado,42.6,Media,Perfil 1
Femenino,36,06-VTécnico Laboral en Asistente Community Manager y Redes Sociales (50% Modalidad Distancia),DIURNA,Estudiante superior,EPS Sura,Envigado,42.5,Media,Perfil 1
Femenino,42,EXTENSIÓN EXCEL AVANZADO,DIURNA,Empleado,EPS Sura,Envigado,42.5,Media,Perfil 2
Femenino,42,06-VTécnico Laboral en Asistente Community Manager y Redes Sociales (50% Modalidad Distancia),DIURNA,Independiente,EPS Sura,Envigado,42.5,Media,Perfil 2
Femenino,30,12T-TÉCNICO LABORAL EN AUXILIAR DE RECURSO HUMANO,NOCHE,Empleado,EPS Sura,Envigado,42.5,Media,Perfil 2
Femenino,15,MEDIA TECNICA MARKETING DIGITAL,MEDIA TÉCNICA,Desempleado,EPS Sura,Envigado,42.5,Media,Perfil 1
Femenino,19,07T-TÉCNICO LABORAL EN ATENCION Y CUIDADO DE PERSONAS MAYORES,NOCHE,Desempleado,EPS Sura,Envigado,42.5,Media,Perfil 1
Femenino,27,22T-TÉCNICO LABORAL EN MARKETING DIGITAL,DIURNA,Empleado,EPS Sura,Envigado,42.5,Media,Perfil 2
Femenino,40,06-VTécnico Laboral en Asistente Community Manager y Redes Sociales (50% Modalidad Distancia),DIURNA,Desempleado,EPS Sura,Envigado,42.5,Media,Perfil 2
Femenino,17,MEDIA TÉCNICA TÉCNICO EN MARKETING Y VENTA DE PRODUCTOS Y SERVICIOS,MEDIA TÉCNICA,Estudiante básica,Nueva Promotora de Salud - Nueva EPS,Envigado,42.5,Media,Perfil 1
Femenino,16,MEDIA TECNICA MARKETING DIGITAL,MEDIA TÉCNICA,Estudiante básica,EPS Sura,Envigado,42.5,Media,Perfil 2
Femenino,29,09T-TÉCNICO LABORAL EN AUXILIAR ADMINISTRATIVO,NOCHE,Estudiante superior,EPS Sura,Envigado,42.5,Media,Perfil 2
Femenino,19,22T-TÉCNICO LABORAL EN MARKETING DIGITAL,DIURNA,Estudiante básica,EPS Sura,Envigado,42.5,Media,Perfil 1
Femenino,30,09T-TÉCNICO LABORAL EN AUXILIAR ADMINISTRATIVO,NOCHE,Empleado,EPS Sura,Envigado,42.4,Media,Perfil 2
Femenino,19,17T-TÉCNICO LABORAL EN ENTRENAMIENTO DEPORTIVO,DIURNA,Empleado,Coomeva EPS,Medellín,42.4,Media,Perfil 1
Masculino,53,EXTENSIÓN INDUCCION Q10,TARDE,Sin registro,Sin registro,Envigado,42.4,Media,Perfil 1
Femenino,15,MEDIA TÉCNICA EN PANADERIA Y REPOSTERIA 2025,MEDIA TÉCNICA,Estudiante superior,EPS Sura,Envigado,42.4,Media,Perfil 1
Femenino,49,29T-TÉCNICO LABORAL EN PANADERIA Y REPOSTERIA,NOCHE,Desempleado,EPS Sura,Envigado,42.4,Media,Perfil 1
Masculino,19,16T-TÉCNICO LABORAL EN ELECTRICISTA,NOCHE,Empleado,EPS Sura,Envigado,42.4,Media,Perfil 1
Femenino,15,MEDIA TÉCNICA - ORIENTACIÓN VOCACIONAL,MEDIA TÉCNICA,Estudiante básica,EPS Sura,Envigado,42.4,Media,Perfil 1
Masculino,56,EXTENSIÓN EXCEL AVANZADO,DIURNA,Sin registro,Sin registro,Sabaneta,42.4,Media,Perfil 1
Masculino,56,EXTENSIÓN WORD AVANZADO VIRTUAL,DIURNA,Sin registro,Sin registro,Sabaneta,42.4,Media,Perfil 2
Masculino,56,EXTENSIÓN - OFFICE 365 VIRTUAL,DIURNA,Sin registro,Sin registro,Sabaneta,42.4,Media,Perfil 1
Femenino,49,09T-TÉCNICO LABORAL EN AUXILIAR ADMINISTRATIVO,NOCHE,Independiente,EPS Sura,Envigado,42.4,Media,Perfil 2
Femenino,48,20T-TÉCNICO LABORAL EN JOYERIA,DIURNA,Empleado,EPS Sura,Medellín,42.4,Media,Perfil 1
Femenino,36,14T-TÉCNICO LABORAL EN CONTABILIDAD,NOCHE,Empleado,Nueva Promotora de Salud - Nueva EPS,Envigado,42.4,Media,Perfil 2
Masculino,38,16T-TÉCNICO LABORAL EN ELECTRICISTA,NOCHE,Empleado,EPS Sura,Envigado,42.4,Media,Perfil 2
Femenino,51,EXTENSION HERRAMIENTAS TICS,DIURNA,Sin registro,Sin registro,Envigado,42.4,Media,Perfil 1
Femenino,24,22T-TÉCNICO LABORAL EN MARKETING DIGITAL,DIURNA,Empleado,EPS Sura,Envigado,42.4,Media,Perfil 1
Femenino,59,FORMACIÓN EN CONOCIMIENTOS ACADÉMICOS PARA LA ACTUALIZACIÓN DEL DESEMPEÑO DOCENTE CEFIT,NOCHE,Empleado,EPS Sura,Envigado,42.4,Media,Perfil 2
Femenino,51,FORMACIÓN EN CONOCIMIENTOS ACADÉMICOS PARA LA ACTUALIZACIÓN DEL DESEMPEÑO DOCENTE CEFIT,NOCHE,Sin registro,Sin registro,Envigado,42.4,Media,Perfil 1
Femenino,16,MEDIA TÉCNICA - ORIENTACIÓN VOCACIONAL,MEDIA TÉCNICA,Estudiante básica,EPS Sura,Envigado,42.4,Media,Perfil 2
Femenino,14,MEDIA TÉCNICA - ORIENTACIÓN VOCACIONAL,MEDIA TÉCNICA,Estudiante básica,EPS Sura,Envigado,42.4,Media,Perfil 2
Femenino,15,MEDIA TÉCNICA - ORIENTACIÓN VOCACIONAL,MEDIA TÉCNICA,Estudiante básica,EPS Sura,Envigado,42.4,Media,Perfil 1
Femenino,15,MEDIA TÉCNICA - ORIENTACIÓN VOCACIONAL,MEDIA TÉCNICA,Estudiante básica,EPS Sura,Envigado,42.4,Media,Perfil 1
Femenino,16,MEDIA TÉCNICA - ORIENTACIÓN VOCACIONAL,MEDIA TÉCNICA,Estudiante básica,EPS Sura,Envigado,42.4,Media,Perfil 1
Femenino,14,MEDIA TÉCNICA - ORIENTACIÓN VOCACIONAL,MEDIA TÉCNICA,Estudiante básica,EPS Sura,Envigado,42.4,Media,Perfil 1
Femenino,15,MEDIA TÉCNICA EN PANADERIA Y REPOSTERIA 2025,MEDIA TÉCNICA,Estudiante superior,EPS Sura,Envigado,42.3,Media,Perfil 2
Femenino,14,MEDIA TECNICA EN TÉCNICO LABORAL EN EDUCACIÓN PARA LA PRIMERA INFANCIA,MEDIA TÉCNICA,Estudiante básica,Sanitas EPS,Envigado,42.3,Media,Perfil 1
Femenino,16,MEDIA TECNICA MARKETING DIGITAL,MEDIA TÉCNICA,Estudiante superior,EPS Sura,Envigado,42.3,Media,Perfil 1
Femenino,36,20T-TÉCNICO LABORAL EN JOYERIA,DIURNA,Independiente,EPS Sura,Envigado,42.3,Media,Perfil 1
Femenino,41,EXTENSIÓN MANIPULACIÓN DE ALIMENTOS,DIURNA,Sin registro,Sin registro,Envigado,42.3,Media,Perfil 1
Femenino,41,EXTENSIÓN MANIPULACIÓN DE ALIMENTOS,DIURNA,Sin registro,Sin registro,Envigado,42.3,Media,Perfil 1
Femenino,41,EXTENSIÓN - BIOSEGURIDAD,DIURNA,Sin registro,Sin registro,Envigado,42.3,Media,Perfil 2
Femenino,45,12T-TÉCNICO LABORAL EN AUXILIAR DE RECURSO HUMANO,NOCHE,Independiente,EPS Sura,Envigado,42.3,Media,Perfil 2
Femenino,26,14T-TÉCNICO LABORAL EN CONTABILIDAD,DIURNA,Estudiante superior,EPS Sura,Envigado,42.3,Media,Perfil 1
Femenino,26,FORMACIÓN EN CONOCIMIENTOS ACADÉMICOS PARA LA ACTUALIZACIÓN DEL DESEMPEÑO DOCENTE CEFIT,NOCHE,Empleado,EPS Sura,Envigado,42.3,Media,Perfil 1
Femenino,18,29T-TÉCNICO LABORAL EN PANADERIA Y REPOSTERIA,DIURNA,Estudiante superior,EPS Sura,Envigado,42.3,Media,Perfil 2
Masculino,41,25T-TÉCNICO LABORAL EN MECANICA DE MOTOCICLETAS,DIURNA,Estudiante superior,EPS Sura,Envigado,42.3,Media,Perfil 1
Femenino,27,17T-TÉCNICO LABORAL EN ENTRENAMIENTO DEPORTIVO,DIURNA,Desempleado,EPS Sura,Envigado,42.2,Media,Perfil 2
Femenino,32,12T-TÉCNICO LABORAL EN AUXILIAR DE RECURSO HUMANO,NOCHE,Desempleado,Suramericana,Envigado,42.2,Media,Perfil 1
Femenino,14,MEDIA TÉCNICA - ORIENTACIÓN VOCACIONAL,MEDIA TÉCNICA,Estudiante básica,EPS Sura,Sabaneta,42.2,Media,Perfil 1
Masculino,33,16T-TÉCNICO LABORAL EN ELECTRICISTA,NOCHE,Empleado,EPS Sura,Envigado,42.2,Media,Perfil 1
Femenino,18,09T-TÉCNICO LABORAL EN AUXILIAR ADMINISTRATIVO,NOCHE,Estudiante básica,EPS Sura,Envigado,42.2,Media,Perfil 2
Masculino,18,17T-TÉCNICO LABORAL EN ENTRENAMIENTO DEPORTIVO,NOCHE,Estudiante superior,Fuerzas Militares,Envigado,42.2,Media,Perfil 1
Femenino,15,MEDIA TÉCNICA - ORIENTACIÓN VOCACIONAL,MEDIA TÉCNICA,Estudiante básica,EPS Sura,Itagui,42.1,Media,Perfil 1
Femenino,15,MEDIA TÉCNICA TÉCNICO EN MARKETING Y VENTA DE PRODUCTOS Y SERVICIOS,MEDIA TÉCNICA,Estudiante básica,EPS Sura,Envigado,42.1,Media,Perfil 1
Femenino,30,01-V- TÉCNICO LABORAL EN MARKETING DIGITAL A DISTANCIA,NOCHE,Empleado,SISBEN V2 - Nivel 1,Envigado,42.1,Media,Perfil 1
Femenino,26,12T-TÉCNICO LABORAL EN AUXILIAR DE RECURSO HUMANO,NOCHE,Empleado,EPS Sura,Envigado,42.1,Media,Perfil 1
Femenino,42,EXTENSIÓN MANIPULACIÓN DE ALIMENTOS,DIURNA,Sin registro,Sin registro,Envigado,42.1,Media,Perfil 2
Femenino,42,EXTENSION HERRAMIENTAS TICS,DIURNA,Sin registro,Sin registro,Envigado,42.1,Media,Perfil 1
Femenino,42,EXTENSIÓN HERRAMIENTAS TICS MEDIO,DIURNA,Sin registro,Sin registro,Envigado,42.1,Media,Perfil 1
Femenino,42,EXTENSIÓN - BIOSEGURIDAD,DIURNA,Sin registro,Sin registro,Envigado,42.1,Media,Perfil 2
Femenino,15,MEDIA TÉCNICA - ORIENTACIÓN VOCACIONAL,MEDIA TÉCNICA,Estudiante básica,EPS Sura,Envigado,42.1,Media,Perfil 1
Femenino,28,37 - TÉCNICO POR COMPETENCIAS ASISTENTE EN ENTRENAMIENTO FÍSICO Y DEPORTIVO,DIURNA,Desempleado,EPS Sura,Envigado,42.1,Media,Perfil 1
Femenino,35,29T-TÉCNICO LABORAL EN PANADERIA Y REPOSTERIA,NOCHE,Desempleado,EPS Sura,Envigado,42.1,Media,Perfil 2
Femenino,48,07T-TÉCNICO LABORAL EN ATENCION Y CUIDADO DE PERSONAS MAYORES,NOCHE,Estudiante superior,EPS Sura,Envigado,42.1,Media,Perfil 1
Femenino,19,30T-TÉCNICO LABORAL EN EDUCACIÓN PARA LA PRIMERA INFANCIA,NOCHE,Empleado,Salud Total EPS,Envigado,42.1,Media,Perfil 2
Femenino,14,MEDIA TÉCNICA EN PANADERIA Y REPOSTERIA 2025,MEDIA TÉCNICA,Estudiante básica,Salud Total EPS,Envigado,42.1,Media,Perfil 2
Masculino,20,17T-TÉCNICO LABORAL EN ENTRENAMIENTO DEPORTIVO,DIURNA,Desempleado,Salud Total EPS,Envigado,42.1,Media,Perfil 2
Femenino,64,EXT - COCINA BÁSICA,NOCHE,Sin registro,Sin registro,Envigado,42.0,Media,Perfil 1
Femenino,63,EXT - COCINA BÁSICA,NOCHE,Sin registro,Sin registro,Envigado,42.0,Media,Perfil 1
Femenino,34,20T-TÉCNICO LABORAL EN JOYERIA,DIURNA,Desempleado,EPS Sura,Envigado,42.0,Media,Perfil 1
Masculino,32,14T-TÉCNICO LABORAL EN CONTABILIDAD,NOCHE,Desempleado,Nueva Promotora de Salud - Nueva EPS,Envigado,42.0,Media,Perfil 1
Femenino,18,09T-TÉCNICO LABORAL EN AUXILIAR ADMINISTRATIVO,DIURNA,Estudiante superior,EPS Sura,Envigado,42.0,Media,Perfil 2
Femenino,21,06-VTécnico Laboral en Asistente Community Manager y Redes Sociales (50% Modalidad Distancia),DIURNA,Estudiante básica,EPS Sura,Envigado,42.0,Media,Perfil 2
Femenino,40,12T-TÉCNICO LABORAL EN AUXILIAR DE RECURSO HUMANO,NOCHE,Empleado,EPS Sura,Envigado,42.0,Media,Perfil 2
Femenino,43,22T-TÉCNICO LABORAL EN MARKETING DIGITAL,NOCHE,Desempleado,Sanitas EPS,Envigado,42.0,Media,Perfil 1
Femenino,16,MEDIA TECNICA MARKETING DIGITAL,MEDIA TÉCNICA,Estudiante básica,Suramericana,Envigado,42.0,Media,Perfil 1
Femenino,23,14T-TÉCNICO LABORAL EN CONTABILIDAD,NOCHE,Empleado,EPS Sura,Envigado,42.0,Media,Perfil 2
Femenino,30,14T-TÉCNICO LABORAL EN CONTABILIDAD,DIURNA,Independiente,EPS Sura,Envigado,41.9,Media,Perfil 2
Femenino,43,14T-TÉCNICO LABORAL EN CONTABILIDAD,DIURNA,Desempleado,SISBEN,Envigado,41.9,Media,Perfil 1
Femenino,37,22T-TÉCNICO LABORAL EN MARKETING DIGITAL,NOCHE,Desempleado,EPS Sura,Envigado,41.9,Media,Perfil 2
Femenino,56,EXTENSIÓN - BIOSEGURIDAD,DIURNA,Sin registro,Sin registro,Envigado,41.9,Media,Perfil 1
Masculino,34,36T -  TÉCNICO LABORAL EN AUXILIAR ANÁLISIS Y PROGRAMACIÓN DE SOFTWARE,NOCHE,Empleado,EPS Sura,Envigado,41.9,Media,Perfil 2
Femenino,36,09T-TÉCNICO LABORAL EN AUXILIAR ADMINISTRATIVO,NOCHE,Desempleado,EPS Sura,Envigado,41.9,Media,Perfil 1
Femenino,15,MEDIA TÉCNICA TÉCNICO EN MARKETING Y VENTA DE PRODUCTOS Y SERVICIOS,MEDIA TÉCNICA,Estudiante básica,Salud Total EPS,Envigado,41.9,Media,Perfil 2
Femenino,34,14T-TÉCNICO LABORAL EN CONTABILIDAD,DIURNA,Desempleado,EPS Sura,Envigado,41.9,Media,Perfil 2
Femenino,25,02T-TÉCNICO LABORAL AUXILIAR EN GESTIÓN DOCUMENTAL,NOCHE,Empleado,EPS Sura,Envigado,41.9,Media,Perfil 1
Femenino,15,MEDIA TECNICA EN TÉCNICO LABORAL EN EDUCACIÓN PARA LA PRIMERA INFANCIA,MEDIA TÉCNICA,Estudiante superior,EPS Sura,Envigado,41.9,Media,Perfil 1
Femenino,19,09T-TÉCNICO LABORAL EN AUXILIAR ADMINISTRATIVO,NOCHE,Desempleado,EPS Sura,Envigado,41.9,Media,Perfil 1
Femenino,29,12T-TÉCNICO LABORAL EN AUXILIAR DE RECURSO HUMANO,NOCHE,Empleado,EPS Sura,Envigado,41.9,Media,Perfil 2
Femenino,26,22T-TÉCNICO LABORAL EN MARKETING DIGITAL,DIURNA,Independiente,EPS Sura,Envigado,41.9,Media,Perfil 2
Femenino,20,12T-TÉCNICO LABORAL EN AUXILIAR DE RECURSO HUMANO,DIURNA,Desempleado,EPS Sura,Envigado,41.9,Media,Perfil 1
Femenino,47,30T-TÉCNICO LABORAL EN EDUCACIÓN PARA LA PRIMERA INFANCIA,NOCHE,Empleado,Salud Total EPS,Envigado,41.9,Media,Perfil 1
Masculino,19,17T-TÉCNICO LABORAL EN ENTRENAMIENTO DEPORTIVO,DIURNA,Desempleado,EPS Sura,Envigado,41.9,Media,Perfil 1
Femenino,32,09T-TÉCNICO LABORAL EN AUXILIAR ADMINISTRATIVO,NOCHE,Desempleado,Policía Nacional,Envigado,41.9,Media,Perfil 1
Femenino,38,14T-TÉCNICO LABORAL EN CONTABILIDAD,NOCHE,Desempleado,Sanitas EPS,Envigado,41.9,Media,Perfil 1
Femenino,46,EXTENSIÓN MANIPULACIÓN DE ALIMENTOS,DIURNA,Sin registro,Sin registro,Envigado,41.8,Media,Perfil 2
Femenino,46,EXTENSIÓN - BIOSEGURIDAD,DIURNA,Sin registro,Sin registro,Envigado,41.8,Media,Perfil 2
Femenino,46,EXTENSIÓN - BIOSEGURIDAD,DIURNA,Sin registro,Sin registro,Envigado,41.8,Media,Perfil 2
Femenino,46,EXTENSIÓN MANIPULACIÓN DE ALIMENTOS,DIURNA,Sin registro,Sin registro,Envigado,41.8,Media,Perfil 1
Femenino,46,EXTENSIÓN MANIPULACIÓN DE ALIMENTOS,DIURNA,Sin registro,Sin registro,Envigado,41.8,Media,Perfil 1
Femenino,46,EXTENSIÓN - BIOSEGURIDAD,DIURNA,Sin registro,Sin registro,Envigado,41.8,Media,Perfil 1
Femenino,46,EXTENSIÓN - BIOSEGURIDAD,DIURNA,Sin registro,Sin registro,Envigado,41.8,Media,Perfil 1
Femenino,46,EXTENSIÓN EXCEL AVANZADO,DIURNA,Sin registro,Sin registro,Envigado,41.8,Media,Perfil 1
Femenino,18,14T-TÉCNICO LABORAL EN CONTABILIDAD,DIURNA,Estudiante básica,Savia Salud,Envigado,41.8,Media,Perfil 2
Femenino,26,07T-TÉCNICO LABORAL EN ATENCION Y CUIDADO DE PERSONAS MAYORES,NOCHE,Desempleado,EPS Sura,Envigado,41.8,Media,Perfil 1
Femenino,40,09T-TÉCNICO LABORAL EN AUXILIAR ADMINISTRATIVO,NOCHE,Desempleado,EPS Sura,Envigado,41.8,Media,Perfil 1
Femenino,44,EXTENSIÓN - BIOSEGURIDAD,DIURNA,Sin registro,Sin registro,Envigado,41.8,Media,Perfil 2
Femenino,44,EXTENSIÓN MANIPULACIÓN DE ALIMENTOS,DIURNA,Sin registro,Sin registro,Envigado,41.8,Media,Perfil 1
Femenino,44,EXTENSIÓN HERRAMIENTAS TICS MEDIO,DIURNA,Sin registro,Sin registro,Envigado,41.8,Media,Perfil 1
Femenino,44,EXTENSIÓN WORD AVANZADO VIRTUAL,DIURNA,Sin registro,Sin registro,Envigado,41.8,Media,Perfil 1
Femenino,44,EXTENSIÓN MANIPULACIÓN DE ALIMENTOS,DIURNA,Sin registro,Sin registro,Envigado,41.8,Media,Perfil 1
Femenino,45,EXTENSIÓN MANIPULACIÓN DE ALIMENTOS,DIURNA,Sin registro,Sin registro,Envigado,41.8,Media,Perfil 2
Femenino,44,EXTENSIÓN - BIOSEGURIDAD,DIURNA,Sin registro,Sin registro,Envigado,41.8,Media,Perfil 1
Femenino,45,EXTENSIÓN - BIOSEGURIDAD,DIURNA,Sin registro,Sin registro,Envigado,41.8,Media,Perfil 1
Femenino,44,EXTENSIÓN EXCEL AVANZADO,DIURNA,Sin registro,Sin registro,Envigado,41.8,Media,Perfil 1
Femenino,44,EXTENSION HERRAMIENTAS TICS,DIURNA,Sin registro,Sin registro,Envigado,41.8,Media,Perfil 1
Femenino,15,MEDIA TÉCNICA - ORIENTACIÓN VOCACIONAL,MEDIA TÉCNICA,Estudiante básica,EPS Sura,Envigado,41.8,Media,Perfil 2
Femenino,35,13T-TÉCNICO LABORAL EN AUXILIAR EN SEGURIDAD OCUPACIONAL,NOCHE,Empleado,Saludcoop EPS  Organismo Cooperativo,Envigado,41.8,Media,Perfil 1
Femenino,43,EXTENSIÓN - BIOSEGURIDAD,DIURNA,Sin registro,Sin registro,Envigado,41.8,Media,Perfil 1
Femenino,43,EXTENSION HERRAMIENTAS TICS,DIURNA,Sin registro,Sin registro,Envigado,41.8,Media,Perfil 1
Femenino,43,EXTENSIÓN - BIOSEGURIDAD,DIURNA,Sin registro,Sin registro,Envigado,41.8,Media,Perfil 2
Femenino,43,EXTENSIÓN - ESTANDARES DE INSPECCION SANITARIA,DIURNA,Sin registro,Sin registro,Envigado,41.8,Media,Perfil 1
Femenino,43,EXTENSION HERRAMIENTAS TICS,DIURNA,Sin registro,Sin registro,Envigado,41.8,Media,Perfil 1
Femenino,50,20T-TÉCNICO LABORAL EN JOYERIA,DIURNA,Independiente,EPS Sura,Envigado,41.8,Media,Perfil 1
Femenino,32,09T-TÉCNICO LABORAL EN AUXILIAR ADMINISTRATIVO,NOCHE,Empleado,Suramericana,Envigado,41.8,Media,Perfil 1
Femenino,18,18T-TÉCNICO LABORAL EN GASTRONOMÍA,DIURNA,Estudiante básica,Salud Total EPS,Envigado,41.8,Media,Perfil 2
Femenino,61,EXT - COCINA BÁSICA,NOCHE,Sin registro,Sin registro,Envigado,41.8,Media,Perfil 1
Femenino,17,22T-TÉCNICO LABORAL EN MARKETING DIGITAL,DIURNA,Estudiante básica,EPS Sura,Envigado,41.7,Media,Perfil 1
Femenino,55,07T-TÉCNICO LABORAL EN ATENCION Y CUIDADO DE PERSONAS MAYORES,NOCHE,Empleado,EPS Sura,Envigado,41.7,Media,Perfil 1
Femenino,19,29T-TÉCNICO LABORAL EN PANADERIA Y REPOSTERIA,DIURNA,Desempleado,Sin registro,Envigado,41.7,Media,Perfil 1
Femenino,45,30T-TÉCNICO LABORAL EN EDUCACIÓN PARA LA PRIMERA INFANCIA,NOCHE,Independiente,EPS Sura,Envigado,41.7,Media,Perfil 1
Femenino,29,12T-TÉCNICO LABORAL EN AUXILIAR DE RECURSO HUMANO,NOCHE,Desempleado,Nueva Promotora de Salud - Nueva EPS,Envigado,41.7,Media,Perfil 1
Femenino,29,22T-TÉCNICO LABORAL EN MARKETING DIGITAL,NOCHE,Desempleado,EPS Sura,Envigado,41.7,Media,Perfil 1
Femenino,15,MEDIA TÉCNICA - ORIENTACIÓN VOCACIONAL,MEDIA TÉCNICA,Estudiante básica,EPS Sura,Envigado,41.7,Media,Perfil 1
Femenino,15,MEDIA TÉCNICA - ORIENTACIÓN VOCACIONAL,MEDIA TÉCNICA,Estudiante básica,EPS Sura,Envigado,41.7,Media,Perfil 2
Femenino,43,17T-TÉCNICO LABORAL EN ENTRENAMIENTO DEPORTIVO,DIURNA,Independiente,EPS Sura,Envigado,41.7,Media,Perfil 2
Femenino,21,09T-TÉCNICO LABORAL EN AUXILIAR ADMINISTRATIVO,NOCHE,Desempleado,EPS Sura,Envigado,41.6,Media,Perfil 2
Femenino,17,09T-TÉCNICO LABORAL EN AUXILIAR ADMINISTRATIVO,NOCHE,Estudiante básica,EPS Sura,Envigado,41.6,Media,Perfil 2
Femenino,46,29T-TÉCNICO LABORAL EN PANADERIA Y REPOSTERIA,DIURNA,Independiente,EPS Sura,Envigado,41.6,Media,Perfil 2
Femenino,28,07T-TÉCNICO LABORAL EN ATENCION Y CUIDADO DE PERSONAS MAYORES,NOCHE,Desempleado,EPS Sura,Envigado,41.6,Media,Perfil 2
Femenino,15,MEDIA TÉCNICA EN PANADERIA Y REPOSTERIA 2025,MEDIA TÉCNICA,Estudiante básica,EPS Sura,Sabaneta,41.6,Media,Perfil 1
Femenino,16,MEDIA TÉCNICA EN PANADERIA Y REPOSTERIA 2025,MEDIA TÉCNICA,Estudiante básica,Salud Total EPS,Envigado,41.6,Media,Perfil 1
Femenino,26,14T-TÉCNICO LABORAL EN CONTABILIDAD,DIURNA,Desempleado,EPS Sura,Envigado,41.6,Media,Perfil 2
Femenino,16,MEDIA TÉCNICA EN PANADERIA Y REPOSTERIA 2025,MEDIA TÉCNICA,Estudiante superior,EPS Sura,Envigado,41.6,Media,Perfil 1
Femenino,16,MEDIA TÉCNICA EN PANADERIA Y REPOSTERIA 2025,MEDIA TÉCNICA,Estudiante superior,EPS Sura,Envigado,41.6,Media,Perfil 2
Femenino,47,EXTENSIÓN EXCEL AVANZADO,DIURNA,Sin registro,Sin registro,Envigado,41.6,Media,Perfil 1
Femenino,20,09T-TÉCNICO LABORAL EN AUXILIAR ADMINISTRATIVO,DIURNA,Estudiante básica,EPS Sura,Envigado,41.6,Media,Perfil 2
Femenino,30,FORMACIÓN EN CONOCIMIENTOS ACADÉMICOS PARA LA ACTUALIZACIÓN DEL DESEMPEÑO DOCENTE CEFIT,NOCHE,Independiente,EPS Sura,Envigado,41.5,Media,Perfil 1
Femenino,15,MEDIA TÉCNICA - ORIENTACIÓN VOCACIONAL,MEDIA TÉCNICA,Estudiante básica,EPS Sura,Envigado,41.5,Media,Perfil 1
Femenino,14,MEDIA TÉCNICA - ORIENTACIÓN VOCACIONAL,MEDIA TÉCNICA,Estudiante básica,EPS Sura,Envigado,41.5,Media,Perfil 2
Femenino,46,07T-TÉCNICO LABORAL EN ATENCION Y CUIDADO DE PERSONAS MAYORES,NOCHE,Empleado,Sin registro,Envigado,41.5,Media,Perfil 1
Femenino,60,EXT - COCINA BÁSICA,NOCHE,Sin registro,Sin registro,Envigado,41.5,Media,Perfil 1
Femenino,60,EXT - COCINA BÁSICA,NOCHE,Sin registro,Sin registro,Envigado,41.5,Media,Perfil 1
Femenino,55,EXTENSIÓN HERRAMIENTAS TICS MEDIO,DIURNA,Sin registro,Sin registro,Medellín,41.5,Media,Perfil 2
Femenino,45,22T-TÉCNICO LABORAL EN MARKETING DIGITAL,NOCHE,Estudiante superior,EPS Sura,Envigado,41.5,Media,Perfil 1
Femenino,43,22T-TÉCNICO LABORAL EN MARKETING DIGITAL,NOCHE,Empleado,Sin registro,Envigado,41.5,Media,Perfil 1
Femenino,19,09T-TÉCNICO LABORAL EN AUXILIAR ADMINISTRATIVO,DIURNA,Desempleado,EPS Sura,Envigado,41.5,Media,Perfil 1
Femenino,46,23T-TÉCNICO LABORAL EN MARKETING Y VENTA DE PRODUCTOS Y SERVICIOS,DIURNA,Empleado,EPS Sura,Envigado,41.5,Media,Perfil 1
Femenino,17,MEDIA TECNICA EN TÉCNICO LABORAL EN EDUCACIÓN PARA LA PRIMERA INFANCIA,MEDIA TÉCNICA,Estudiante básica,Salud Total EPS,Envigado,41.5,Media,Perfil 1
Femenino,24,22T-TÉCNICO LABORAL EN MARKETING DIGITAL,DIURNA,Estudiante básica,EPS Sura,Envigado,41.5,Media,Perfil 1
Femenino,32,20T-TÉCNICO LABORAL EN JOYERIA,DIURNA,Independiente,Suramericana,Envigado,41.5,Media,Perfil 1
Masculino,48,09T-TÉCNICO LABORAL EN AUXILIAR ADMINISTRATIVO,NOCHE,Estudiante superior,EPS Sura,Envigado,41.5,Media,Perfil 1
Femenino,16,MEDIA TECNICA MARKETING DIGITAL,MEDIA TÉCNICA,Estudiante superior,EPS Sura,Envigado,41.5,Media,Perfil 1
Femenino,16,MEDIA TÉCNICA TÉCNICO EN MARKETING Y VENTA DE PRODUCTOS Y SERVICIOS,MEDIA TÉCNICA,Estudiante superior,EPS Sura,Envigado,41.5,Media,Perfil 1
Femenino,15,MEDIA TÉCNICA - ORIENTACIÓN VOCACIONAL,MEDIA TÉCNICA,Estudiante básica,EPS Sura,Envigado,41.5,Media,Perfil 1
Femenino,15,MEDIA TÉCNICA - ORIENTACIÓN VOCACIONAL,MEDIA TÉCNICA,Estudiante básica,EPS Sura,Envigado,41.5,Media,Perfil 1
Femenino,15,MEDIA TÉCNICA - ORIENTACIÓN VOCACIONAL,MEDIA TÉCNICA,Estudiante básica,EPS Sura,Envigado,41.5,Media,Perfil 1
Femenino,15,MEDIA TÉCNICA - ORIENTACIÓN VOCACIONAL,MEDIA TÉCNICA,Estudiante básica,EPS Sura,Envigado,41.5,Media,Perfil 2
Femenino,15,MEDIA TÉCNICA - ORIENTACIÓN VOCACIONAL,MEDIA TÉCNICA,Estudiante básica,EPS Sura,Envigado,41.5,Media,Perfil 1
Femenino,16,MEDIA TÉCNICA - ORIENTACIÓN VOCACIONAL,MEDIA TÉCNICA,Estudiante básica,EPS Sura,Envigado,41.5,Media,Perfil 2
Femenino,19,09T-TÉCNICO LABORAL EN AUXILIAR ADMINISTRATIVO,DIURNA,Desempleado,EPS Sura,Envigado,41.5,Media,Perfil 1
Femenino,19,23T-TÉCNICO LABORAL EN MARKETING Y VENTA DE PRODUCTOS Y SERVICIOS,DIURNA,Desempleado,EPS Sura,Envigado,41.5,Media,Perfil 2
Femenino,19,09T-TÉCNICO LABORAL EN AUXILIAR ADMINISTRATIVO,DIURNA,Estudiante básica,EPS Sura,Envigado,41.4,Media,Perfil 1
Femenino,59,EXT - COCINA BÁSICA,NOCHE,Sin registro,Sin registro,Envigado,41.4,Media,Perfil 1
Femenino,59,EXT - COCINA BÁSICA,NOCHE,Sin registro,Sin registro,Envigado,41.4,Media,Perfil 1
Femenino,35,09T-TÉCNICO LABORAL EN AUXILIAR ADMINISTRATIVO,DIURNA,Empleado,EPS Sura,Envigado,41.4,Media,Perfil 1
Femenino,44,22T-TÉCNICO LABORAL EN MARKETING DIGITAL,DIURNA,Empleado,EPS Sura,Envigado,41.4,Media,Perfil 1
Femenino,18,09T-TÉCNICO LABORAL EN AUXILIAR ADMINISTRATIVO,DIURNA,Desempleado,Savia Salud,Envigado,41.4,Media,Perfil 1
Masculino,42,03T-TÉCNICO LABORAL AUXILIAR EN LOGÍSTICA,NOCHE,Empleado,EPS Sura,Envigado,41.4,Media,Perfil 1
Femenino,52,14T-TÉCNICO LABORAL EN CONTABILIDAD,NOCHE,Empleado,Sin registro,Envigado,41.4,Media,Perfil 2
Femenino,16,MEDIA TÉCNICA EN PANADERIA Y REPOSTERIA 2025,MEDIA TÉCNICA,Estudiante básica,EPS Sura,Itagui,41.4,Media,Perfil 1
Femenino,49,EXTENSIÓN - OFFICE 365 VIRTUAL,DIURNA,Sin registro,Sin registro,Envigado,41.4,Media,Perfil 1
Femenino,49,EXTENSIÓN - BIOSEGURIDAD,DIURNA,Sin registro,Sin registro,Envigado,41.4,Media,Perfil 1
Femenino,58,29T-TÉCNICO LABORAL EN PANADERIA Y REPOSTERIA,DIURNA,Desempleado,EPS Sura,Envigado,41.4,Media,Perfil 1
Femenino,58,EXT - COCINA BÁSICA,NOCHE,Sin registro,Sin registro,Envigado,41.4,Media,Perfil 1
Femenino,42,18T-TÉCNICO LABORAL EN GASTRONOMÍA,SÁBADOS,Empleado,Sin registro,Envigado,41.3,Media,Perfil 1
Femenino,14,MEDIA TÉCNICA - ORIENTACIÓN VOCACIONAL,MEDIA TÉCNICA,Estudiante básica,EPS Sura,Envigado,41.3,Media,Perfil 1
Femenino,41,14T-TÉCNICO LABORAL EN CONTABILIDAD,DIURNA,Independiente,EPS Sura,Envigado,41.3,Media,Perfil 1
Femenino,30,22T-TÉCNICO LABORAL EN MARKETING DIGITAL,NOCHE,Empleado,EPS Sura,Envigado,41.3,Media,Perfil 2
Femenino,21,22T-TÉCNICO LABORAL EN MARKETING DIGITAL,DIURNA,Desempleado,SISBEN,Envigado,41.3,Media,Perfil 1
Femenino,46,29T-TÉCNICO LABORAL EN PANADERIA Y REPOSTERIA,DIURNA,Empleado,EPS Sura,Envigado,41.3,Media,Perfil 1
Femenino,35,12T-TÉCNICO LABORAL EN AUXILIAR DE RECURSO HUMANO,NOCHE,Empleado,EPS Sura,Envigado,41.3,Media,Perfil 2
Femenino,20,21T-TÉCNICO LABORAL EN MANTENIMIENTO DE COMPUTADORES Y REDES LOCALES DE DATOS,NOCHE,Estudiante básica,EPS Sura,Envigado,41.2,Media,Perfil 1
Femenino,16,MEDIA TECNICA MARKETING DIGITAL,MEDIA TÉCNICA,Estudiante básica,Nueva Promotora de Salud - Nueva EPS,Envigado,41.2,Media,Perfil 2
Masculino,37,22T-TÉCNICO LABORAL EN MARKETING DIGITAL,DIURNA,Empleado,EPS Sura,Envigado,41.2,Media,Perfil 1
Femenino,15,MEDIA TÉCNICA - ORIENTACIÓN VOCACIONAL,MEDIA TÉCNICA,Estudiante básica,EPS Sura,Envigado,41.2,Media,Perfil 2
Femenino,15,MEDIA TÉCNICA - ORIENTACIÓN VOCACIONAL,MEDIA TÉCNICA,Estudiante básica,EPS Sura,Envigado,41.2,Media,Perfil 1
Femenino,16,MEDIA TÉCNICA - ORIENTACIÓN VOCACIONAL,MEDIA TÉCNICA,Estudiante básica,EPS Sura,Envigado,41.2,Media,Perfil 1
Femenino,15,MEDIA TÉCNICA - ORIENTACIÓN VOCACIONAL,MEDIA TÉCNICA,Estudiante básica,EPS Sura,Envigado,41.2,Media,Perfil 1
Femenino,15,MEDIA TÉCNICA - ORIENTACIÓN VOCACIONAL,MEDIA TÉCNICA,Estudiante básica,EPS Sura,Envigado,41.2,Media,Perfil 1
Femenino,16,MEDIA TÉCNICA TÉCNICO EN MARKETING Y VENTA DE PRODUCTOS Y SERVICIOS,MEDIA TÉCNICA,Estudiante básica,EPS Sura,Itagui,41.2,Media,Perfil 1
Masculino,40,25T-TÉCNICO LABORAL EN MECANICA DE MOTOCICLETAS,NOCHE,Empleado,EPS Sura,Envigado,41.2,Media,Perfil 1
Femenino,50,EXTENSIÓN - BIOSEGURIDAD,DIURNA,Sin registro,Sin registro,Envigado,41.1,Media,Perfil 1
Femenino,50,EXTENSIÓN EXCEL AVANZADO,DIURNA,Sin registro,Sin registro,Envigado,41.1,Media,Perfil 1
Femenino,50,EXTENSIÓN - OFFICE 365 VIRTUAL,DIURNA,Sin registro,Sin registro,Envigado,41.1,Media,Perfil 2
Femenino,50,EXTENSIÓN WORD AVANZADO VIRTUAL,DIURNA,Sin registro,Sin registro,Envigado,41.1,Media,Perfil 1
Femenino,50,EXTENSIÓN HERRAMIENTAS TICS Y COMPETENCIAS COMPORTAMENTALES PARA EL TRABAJO REMOTO EN CASA,DIURNA,Sin registro,Sin registro,Envigado,41.1,Media,Perfil 1
Femenino,50,EXTENSIÓN MANIPULACIÓN DE ALIMENTOS,DIURNA,Sin registro,Sin registro,Envigado,41.1,Media,Perfil 2
Femenino,50,EXTENSIÓN COMPETENCIAS COMPORTAMENTALES PARA EL TRABAJO REMOTO EN CASA,DIURNA,Sin registro,Sin registro,Envigado,41.1,Media,Perfil 1
Femenino,37,09T-TÉCNICO LABORAL EN AUXILIAR ADMINISTRATIVO,DIURNA,Desempleado,EPS Sura,Envigado,41.1,Media,Perfil 1
Femenino,18,18T-TÉCNICO LABORAL EN GASTRONOMÍA,DIURNA,Estudiante superior,EPS Sura,Envigado,41.1,Media,Perfil 1
Femenino,18,23T-TÉCNICO LABORAL EN MARKETING Y VENTA DE PRODUCTOS Y SERVICIOS,DIURNA,Estudiante superior,EPS Sura,Envigado,41.1,Media,Perfil 1
Femenino,15,MEDIA TÉCNICA - ORIENTACIÓN VOCACIONAL,MEDIA TÉCNICA,Estudiante básica,EPS Sura,Envigado,41.1,Media,Perfil 2
Femenino,15,MEDIA TECNICA EN TÉCNICO LABORAL EN EDUCACIÓN PARA LA PRIMERA INFANCIA,MEDIA TÉCNICA,Estudiante básica,EPS Sura,Envigado,41.0,Media,Perfil 1
Femenino,25,09T-TÉCNICO LABORAL EN AUXILIAR ADMINISTRATIVO,DIURNA,Estudiante superior,EPS Sura,Envigado,41.0,Media,Perfil 2
Femenino,50,EXTENSIÓN - BIOSEGURIDAD,DIURNA,Estudiante superior,EPS Sura,Envigado,41.0,Media,Perfil 1
Femenino,36,17T-TÉCNICO LABORAL EN ENTRENAMIENTO DEPORTIVO,DIURNA,Estudiante básica,Coomeva EPS,Envigado,41.0,Media,Perfil 1
Femenino,31,09T-TÉCNICO LABORAL EN AUXILIAR ADMINISTRATIVO,NOCHE,Empleado,EPS Sura,Envigado,41.0,Media,Perfil 1
Femenino,26,MEDIA TECNICA EN TÉCNICO LABORAL EN EDUCACIÓN PARA LA PRIMERA INFANCIA,MEDIA TÉCNICA,Estudiante básica,EPS Sura,Envigado,41.0,Media,Perfil 1
Femenino,26,09T-TÉCNICO LABORAL EN AUXILIAR ADMINISTRATIVO,NOCHE,Empleado,EPS Sura,Envigado,41.0,Media,Perfil 2
Femenino,19,12T-TÉCNICO LABORAL EN AUXILIAR DE RECURSO HUMANO,DIURNA,Desempleado,EPS Sura,Envigado,41.0,Media,Perfil 1
Femenino,18,23T-TÉCNICO LABORAL EN MARKETING Y VENTA DE PRODUCTOS Y SERVICIOS,DIURNA,Desempleado,EPS Sura,Envigado,41.0,Media,Perfil 1
Femenino,39,09T-TÉCNICO LABORAL EN AUXILIAR ADMINISTRATIVO,NOCHE,Desempleado,Salud Total EPS,Envigado,41.0,Media,Perfil 1
Femenino,22,01T-TÉCNICO LABORAL AUXILIAR DE TALENTO HUMANO,DIURNA,Estudiante superior,Coomeva EPS,Envigado,41.0,Media,Perfil 1
Femenino,16,MEDIA TÉCNICA EN PANADERIA Y REPOSTERIA 2025,MEDIA TÉCNICA,Estudiante básica,EPS Sura,Envigado,40.9,Media,Perfil 2
Femenino,14,MEDIA TECNICA EN TÉCNICO LABORAL EN EDUCACIÓN PARA LA PRIMERA INFANCIA,MEDIA TÉCNICA,Estudiante básica,Salud Total EPS,Envigado,40.9,Media,Perfil 1
Femenino,47,09T-TÉCNICO LABORAL EN AUXILIAR ADMINISTRATIVO,NOCHE,Desempleado,EPS Sura,Envigado,40.9,Media,Perfil 1
Femenino,68,EXTENSION HERRAMIENTAS TICS,DIURNA,Sin registro,Sin registro,Envigado,40.9,Media,Perfil 1
Femenino,71,EXTENSIÓN MANIPULACIÓN DE ALIMENTOS,DIURNA,Sin registro,Sin registro,Envigado,40.9,Media,Perfil 1
Femenino,75,EXTENSIÓN MANIPULACIÓN DE ALIMENTOS,DIURNA,Sin registro,Sin registro,Envigado,40.9,Media,Perfil 1
Femenino,69,EXTENSION HERRAMIENTAS TICS,DIURNA,Sin registro,Sin registro,Envigado,40.9,Media,Perfil 1
Femenino,68,EXTENSIÓN - BIOSEGURIDAD,DIURNA,Sin registro,Sin registro,Envigado,40.9,Media,Perfil 1
Femenino,63,EXTENSIÓN HERRAMIENTAS TICS MEDIO,DIURNA,Sin registro,Sin registro,Envigado,40.9,Media,Perfil 1
Femenino,26,MEDIA TÉCNICA - ORIENTACIÓN VOCACIONAL,MEDIA TÉCNICA,Estudiante básica,EPS Sura,Envigado,40.9,Media,Perfil 2
Femenino,64,EXT GASTRONOMÍA,NOCHE,Sin registro,Sin registro,Sin registro,40.9,Media,Perfil 1
Masculino,31,26T-TÉCNICO LABORAL EN MECÁNICA DE MOTOS  (Estudiantes Antiguos),NOCHE,Empleado,EPS Sura,Sabaneta,40.9,Media,Perfil 1
Femenino,62,EXTENSION HERRAMIENTAS TICS,DIURNA,Sin registro,Sin registro,Envigado,40.8,Media,Perfil 1
Femenino,62,EXTENSIÓN MANIPULACIÓN DE ALIMENTOS,DIURNA,Sin registro,Sin registro,Envigado,40.8,Media,Perfil 2
Femenino,62,EXTENSIÓN - BIOSEGURIDAD,DIURNA,Sin registro,Sin registro,Envigado,40.8,Media,Perfil 1
Femenino,62,EXTENSIÓN EXCEL AVANZADO,DIURNA,Sin registro,Sin registro,Envigado,40.8,Media,Perfil 1
Femenino,58,21T-TÉCNICO LABORAL EN MANTENIMIENTO DE COMPUTADORES Y REDES LOCALES DE DATOS,NOCHE,Desempleado,Sin registro,Envigado,40.8,Media,Perfil 1
Femenino,51,EXTENSIÓN - BIOSEGURIDAD,DIURNA,Sin registro,Sin registro,Envigado,40.8,Media,Perfil 1
Femenino,51,EXTENSION HERRAMIENTAS TICS,DIURNA,Sin registro,Sin registro,Envigado,40.8,Media,Perfil 1
Femenino,51,EXTENSIÓN - BIOSEGURIDAD,DIURNA,Sin registro,Sin registro,Envigado,40.8,Media,Perfil 1
Femenino,51,EXTENSIÓN HERRAMIENTAS TICS MEDIO,DIURNA,Sin registro,Sin registro,Envigado,40.8,Media,Perfil 1
Femenino,51,EXTENSIÓN EXCEL AVANZADO,DIURNA,Sin registro,Sin registro,Envigado,40.8,Media,Perfil 1
Femenino,31,22T-TÉCNICO LABORAL EN MARKETING DIGITAL,NOCHE,Independiente,EPS Sura,Envigado,40.8,Media,Perfil 1
Femenino,59,EXT - COCINA BÁSICA,NOCHE,Empleado,EPS Sura,Envigado,40.8,Media,Perfil 1
Masculino,41,CURSO EXTENSIÓN EXCEL,NOCHE,Sin registro,Sin registro,Medellín,40.8,Media,Perfil 1
Femenino,47,13T-TÉCNICO LABORAL EN AUXILIAR EN SEGURIDAD OCUPACIONAL,NOCHE,Desempleado,Coomeva EPS,Envigado,40.8,Media,Perfil 1
Femenino,18,09T-TÉCNICO LABORAL EN AUXILIAR ADMINISTRATIVO,DIURNA,Empleado,EPS Sura,Envigado,40.7,Media,Perfil 1
Femenino,43,17T-TÉCNICO LABORAL EN ENTRENAMIENTO DEPORTIVO,DIURNA,Independiente,Suramericana,Envigado,40.7,Media,Perfil 1
Femenino,15,MEDIA TÉCNICA - ORIENTACIÓN VOCACIONAL,MEDIA TÉCNICA,Estudiante básica,EPS Sura,Envigado,40.7,Media,Perfil 2
Femenino,16,MEDIA TÉCNICA - ORIENTACIÓN VOCACIONAL,MEDIA TÉCNICA,Estudiante básica,EPS Sura,Envigado,40.7,Media,Perfil 1
Femenino,14,MEDIA TÉCNICA - ORIENTACIÓN VOCACIONAL,MEDIA TÉCNICA,Estudiante básica,EPS Sura,Envigado,40.7,Media,Perfil 1
Femenino,15,MEDIA TÉCNICA EN PANADERIA Y REPOSTERIA 2025,MEDIA TÉCNICA,Estudiante básica,EPS Sura,Envigado,40.7,Media,Perfil 1
Femenino,14,MEDIA TÉCNICA - ORIENTACIÓN VOCACIONAL,MEDIA TÉCNICA,Estudiante básica,EPS Sura,Envigado,40.7,Media,Perfil 1
Femenino,14,MEDIA TÉCNICA - ORIENTACIÓN VOCACIONAL,MEDIA TÉCNICA,Estudiante básica,EPS Sura,Envigado,40.7,Media,Perfil 1
Femenino,15,MEDIA TÉCNICA - ORIENTACIÓN VOCACIONAL,MEDIA TÉCNICA,Estudiante básica,EPS Sura,Envigado,40.7,Media,Perfil 1
Femenino,16,MEDIA TÉCNICA - ORIENTACIÓN VOCACIONAL,MEDIA TÉCNICA,Estudiante básica,EPS Sura,Envigado,40.7,Media,Perfil 1
Femenino,15,MEDIA TÉCNICA - ORIENTACIÓN VOCACIONAL,MEDIA TÉCNICA,Estudiante básica,EPS Sura,Envigado,40.7,Media,Perfil 2
Femenino,16,MEDIA TÉCNICA - ORIENTACIÓN VOCACIONAL,MEDIA TÉCNICA,Estudiante básica,EPS Sura,Envigado,40.7,Media,Perfil 1
Femenino,16,MEDIA TÉCNICA - ORIENTACIÓN VOCACIONAL,MEDIA TÉCNICA,Estudiante básica,EPS Sura,Envigado,40.7,Media,Perfil 1
Femenino,42,37 - TÉCNICO POR COMPETENCIAS ASISTENTE EN ENTRENAMIENTO FÍSICO Y DEPORTIVO,DIURNA,Desempleado,EPS Sura,Envigado,40.7,Media,Perfil 1
Femenino,15,MEDIA TÉCNICA - ORIENTACIÓN VOCACIONAL,MEDIA TÉCNICA,Estudiante básica,EPS Sura,Envigado,40.7,Media,Perfil 1
Femenino,22,09T-TÉCNICO LABORAL EN AUXILIAR ADMINISTRATIVO,DIURNA,Desempleado,SISBEN,Envigado,40.7,Media,Perfil 1
Femenino,61,EXTENSIÓN - BIOSEGURIDAD,DIURNA,Sin registro,Sin registro,Envigado,40.7,Media,Perfil 1
Femenino,61,EXTENSIÓN COMPETENCIAS COMPORTAMENTALES PARA EL TRABAJO REMOTO EN CASA,DIURNA,Sin registro,Sin registro,Envigado,40.7,Media,Perfil 1
Femenino,61,EXTENSIÓN HERRAMIENTAS TICS Y COMPETENCIAS COMPORTAMENTALES PARA EL TRABAJO REMOTO EN CASA,DIURNA,Sin registro,Sin registro,Envigado,40.7,Media,Perfil 1
Femenino,61,EXTENSIÓN - BIOSEGURIDAD,DIURNA,Sin registro,Sin registro,Envigado,40.7,Media,Perfil 1
Femenino,61,EXTENSIÓN - BIOSEGURIDAD,DIURNA,Sin registro,Sin registro,Envigado,40.7,Media,Perfil 1
Femenino,61,EXTENSIÓN - BIOSEGURIDAD,DIURNA,Sin registro,Sin registro,Envigado,40.7,Media,Perfil 1
Femenino,34,01T-TÉCNICO LABORAL AUXILIAR DE TALENTO HUMANO,NOCHE,Desempleado,EPS Sura,Envigado,40.6,Media,Perfil 1
Femenino,45,07T-TÉCNICO LABORAL EN ATENCION Y CUIDADO DE PERSONAS MAYORES,NOCHE,Empleado,Savia Salud,Envigado,40.6,Media,Perfil 1
Femenino,24,36T -  TÉCNICO LABORAL EN AUXILIAR ANÁLISIS Y PROGRAMACIÓN DE SOFTWARE,DIURNA,Empleado,EPS Sura,Envigado,40.6,Media,Perfil 1
Femenino,41,29T-TÉCNICO LABORAL EN PANADERIA Y REPOSTERIA,NOCHE,Empleado,EPS Sura,Envigado,40.6,Media,Perfil 1
Femenino,19,22T-TÉCNICO LABORAL EN MARKETING DIGITAL,DIURNA,Desempleado,Salud Total EPS,Envigado,40.6,Media,Perfil 1
Femenino,18,17T-TÉCNICO LABORAL EN ENTRENAMIENTO DEPORTIVO,DIURNA,Estudiante básica,SISBEN,Envigado,40.6,Media,Perfil 1
Femenino,33,30T-TÉCNICO LABORAL EN EDUCACIÓN PARA LA PRIMERA INFANCIA,NOCHE,Desempleado,SISBEN,Envigado,40.6,Media,Perfil 1
Masculino,18,17T-TÉCNICO LABORAL EN ENTRENAMIENTO DEPORTIVO,DIURNA,Estudiante superior,EPS Sura,Envigado,40.6,Media,Perfil 1
Masculino,42,18T-TÉCNICO LABORAL EN GASTRONOMÍA,NOCHE,Empleado,EPS Sura,Envigado,40.5,Media,Perfil 1
Femenino,29,12T-TÉCNICO LABORAL EN AUXILIAR DE RECURSO HUMANO,DIURNA,Empleado,EPS Sura,Envigado,40.5,Media,Perfil 1
Masculino,25,10T-TÉCNICO LABORAL EN AUXILIAR ADMINISTRATIVO CON ÉNFASIS EN SISTEMAS (Solo Estudiantes Antiguos),DIURNA,Independiente,EPS Sura,Envigado,40.5,Media,Perfil 1
Femenino,49,30T-TÉCNICO LABORAL EN EDUCACIÓN PARA LA PRIMERA INFANCIA,NOCHE,Desempleado,SISBEN,Envigado,40.5,Media,Perfil 1
Femenino,26,MEDIA TÉCNICA - ORIENTACIÓN VOCACIONAL,MEDIA TÉCNICA,Estudiante superior,EPS Sura,Itagui,40.5,Media,Perfil 2
Femenino,53,18T-TÉCNICO LABORAL EN GASTRONOMÍA,NOCHE,Desempleado,EPS Sura,Envigado,40.5,Media,Perfil 1
Femenino,20,09T-TÉCNICO LABORAL EN AUXILIAR ADMINISTRATIVO,DIURNA,Desempleado,EPS Sura,Envigado,40.5,Media,Perfil 1
Femenino,43,13T-TÉCNICO LABORAL EN AUXILIAR EN SEGURIDAD OCUPACIONAL,NOCHE,Empleado,Nueva Promotora de Salud - Nueva EPS,Envigado,40.5,Media,Perfil 3
Femenino,38,12T-TÉCNICO LABORAL EN AUXILIAR DE RECURSO HUMANO,NOCHE,Empleado,EPS Sura,Envigado,40.5,Media,Perfil 1
Femenino,17,09T-TÉCNICO LABORAL EN AUXILIAR ADMINISTRATIVO,NOCHE,Estudiante básica,EPS Sura,Envigado,40.4,Media,Perfil 1
Femenino,16,MEDIA TECNICA MARKETING DIGITAL,MEDIA TÉCNICA,Estudiante básica,EPS Sura,Envigado,40.4,Media,Perfil 1
Femenino,16,MEDIA TECNICA MARKETING DIGITAL,MEDIA TÉCNICA,Estudiante básica,EPS Sura,Envigado,40.4,Media,Perfil 2
Femenino,52,EXTENSION HERRAMIENTAS TICS,DIURNA,Sin registro,Sin registro,Envigado,40.4,Media,Perfil 1
Femenino,53,EXTENSIÓN - OFFICE 365 VIRTUAL,DIURNA,Sin registro,Sin registro,Envigado,40.4,Media,Perfil 2
Femenino,52,EXTENSIÓN - BIOSEGURIDAD,DIURNA,Sin registro,Sin registro,Envigado,40.4,Media,Perfil 1
Femenino,53,EXTENSIÓN - BIOSEGURIDAD,DIURNA,Sin registro,Sin registro,Envigado,40.4,Media,Perfil 1
Femenino,53,EXTENSIÓN WORD AVANZADO VIRTUAL,DIURNA,Sin registro,Sin registro,Envigado,40.4,Media,Perfil 1
Femenino,53,EXTENSIÓN - BIOSEGURIDAD,DIURNA,Sin registro,Sin registro,Envigado,40.4,Media,Perfil 1
Femenino,50,FORMACIÓN EN CONOCIMIENTOS ACADÉMICOS PARA LA ACTUALIZACIÓN DEL DESEMPEÑO DOCENTE CEFIT,NOCHE,Sin registro,Sin registro,Girardota,40.4,Media,Perfil 1
Femenino,50,FORMACIÓN EN CONOCIMIENTOS ACADÉMICOS PARA LA ACTUALIZACIÓN DEL DESEMPEÑO DOCENTE CEFIT,NOCHE,Sin registro,Sin registro,Bello,40.4,Media,Perfil 2
Femenino,40,14T-TÉCNICO LABORAL EN CONTABILIDAD,NOCHE,Desempleado,EPS Sura,Envigado,40.4,Media,Perfil 2
Femenino,29,29T-TÉCNICO LABORAL EN PANADERIA Y REPOSTERIA,DIURNA,Desempleado,EPS Sura,Envigado,40.4,Media,Perfil 2
Femenino,21,23T-TÉCNICO LABORAL EN MARKETING Y VENTA DE PRODUCTOS Y SERVICIOS,DIURNA,Empleado,EPS Sura,Envigado,40.4,Media,Perfil 2
Femenino,52,29T-TÉCNICO LABORAL EN PANADERIA Y REPOSTERIA,DIURNA,Empleado,Nueva Promotora de Salud - Nueva EPS,Envigado,40.4,Media,Perfil 2
Femenino,14,MEDIA TECNICA EN TÉCNICO LABORAL EN EDUCACIÓN PARA LA PRIMERA INFANCIA,MEDIA TÉCNICA,Estudiante básica,EPS Sura,Envigado,40.3,Media,Perfil 1
Femenino,60,EXTENSIÓN - BIOSEGURIDAD,DIURNA,Sin registro,Sin registro,Envigado,40.3,Media,Perfil 2
Femenino,60,EXTENSIÓN - BIOSEGURIDAD,DIURNA,Sin registro,Sin registro,Envigado,40.3,Media,Perfil 1
Femenino,44,29T-TÉCNICO LABORAL EN PANADERIA Y REPOSTERIA,DIURNA,Independiente,EPS Sura,Envigado,40.3,Media,Perfil 1
Femenino,38,18T-TÉCNICO LABORAL EN GASTRONOMÍA,DIURNA,Desempleado,EPS Sura,Envigado,40.3,Media,Perfil 2
Femenino,15,MEDIA TECNICA EN TÉCNICO LABORAL EN EDUCACIÓN PARA LA PRIMERA INFANCIA,MEDIA TÉCNICA,Estudiante básica,EPS Sura,Envigado,40.3,Media,Perfil 2
Femenino,55,EXTENSION HERRAMIENTAS TICS,DIURNA,Sin registro,Sin registro,Envigado,40.3,Media,Perfil 1
Femenino,55,EXTENSIÓN MANIPULACIÓN DE ALIMENTOS,DIURNA,Sin registro,Sin registro,Envigado,40.3,Media,Perfil 2
Femenino,55,EXTENSIÓN - BIOSEGURIDAD,DIURNA,Sin registro,Sin registro,Envigado,40.3,Media,Perfil 1
Femenino,55,EXTENSIÓN HERRAMIENTAS TICS Y COMPETENCIAS COMPORTAMENTALES PARA EL TRABAJO REMOTO EN CASA,DIURNA,Sin registro,Sin registro,Envigado,40.3,Media,Perfil 1
Femenino,55,EXTENSIÓN - OFFICE 365 VIRTUAL,DIURNA,Sin registro,Sin registro,Envigado,40.3,Media,Perfil 1
Femenino,55,EXTENSIÓN COMPETENCIAS COMPORTAMENTALES PARA EL TRABAJO REMOTO EN CASA,DIURNA,Sin registro,Sin registro,Envigado,40.3,Media,Perfil 2
Femenino,55,EXTENSIÓN MANIPULACIÓN DE ALIMENTOS,DIURNA,Sin registro,Sin registro,Envigado,40.3,Media,Perfil 2
Femenino,55,EXTENSIÓN - BIOSEGURIDAD,DIURNA,Sin registro,Sin registro,Envigado,40.3,Media,Perfil 1
Femenino,55,EXTENSION HERRAMIENTAS TICS,DIURNA,Sin registro,Sin registro,Envigado,40.3,Media,Perfil 2
Masculino,30,17T-TÉCNICO LABORAL EN ENTRENAMIENTO DEPORTIVO,NOCHE,Empleado,EPS Sura,Envigado,40.3,Media,Perfil 1
Femenino,56,EXTENSIÓN - BIOSEGURIDAD,DIURNA,Sin registro,Sin registro,Envigado,40.3,Media,Perfil 2
Femenino,56,EXTENSIÓN HERRAMIENTAS TICS MEDIO,DIURNA,Sin registro,Sin registro,Envigado,40.3,Media,Perfil 2
Femenino,56,EXTENSIÓN - BIOSEGURIDAD,DIURNA,Sin registro,Sin registro,Envigado,40.3,Media,Perfil 1
Femenino,56,EXTENSION HERRAMIENTAS TICS,DIURNA,Sin registro,Sin registro,Envigado,40.3,Media,Perfil 1
Femenino,56,EXTENSIÓN HERRAMIENTAS TICS MEDIO,DIURNA,Sin registro,Sin registro,Envigado,40.3,Media,Perfil 2
Femenino,56,EXTENSION HERRAMIENTAS TICS,DIURNA,Sin registro,Sin registro,Envigado,40.3,Media,Perfil 1
Femenino,56,EXTENSION HERRAMIENTAS TICS,DIURNA,Sin registro,Sin registro,Envigado,40.3,Media,Perfil 1
Femenino,56,EXTENSIÓN - BIOSEGURIDAD,DIURNA,Sin registro,Sin registro,Envigado,40.3,Media,Perfil 2
Femenino,56,EXTENSIÓN HERRAMIENTAS TICS MEDIO,DIURNA,Sin registro,Sin registro,Envigado,40.3,Media,Perfil 2
Femenino,42,09T-TÉCNICO LABORAL EN AUXILIAR ADMINISTRATIVO,NOCHE,Desempleado,EPS Sura,Envigado,40.3,Media,Perfil 1
Masculino,43,CURSO EXTENSIÓN EXCEL,NOCHE,Sin registro,Sin registro,Medellín,40.3,Media,Perfil 1
Masculino,43,CURSO EXTENSIÓN EXCEL,NOCHE,Sin registro,Sin registro,Medellín,40.3,Media,Perfil 1
Masculino,43,CURSO EXTENSIÓN EXCEL,NOCHE,Sin registro,Sin registro,Medellín,40.3,Media,Perfil 2
Femenino,15,MEDIA TECNICA EN TÉCNICO LABORAL EN EDUCACIÓN PARA LA PRIMERA INFANCIA,MEDIA TÉCNICA,Estudiante básica,EPS Sura,Envigado,40.3,Media,Perfil 1
Masculino,44,CURSO EXTENSIÓN EXCEL,NOCHE,Sin registro,Sin registro,Medellín,40.3,Media,Perfil 1
Femenino,54,EXTENSION HERRAMIENTAS TICS,DIURNA,Sin registro,Sin registro,Envigado,40.3,Media,Perfil 1
Femenino,54,EXTENSIÓN WORD AVANZADO VIRTUAL,DIURNA,Sin registro,Sin registro,Envigado,40.3,Media,Perfil 1
Femenino,54,EXTENSIÓN - BIOSEGURIDAD,DIURNA,Sin registro,Sin registro,Envigado,40.3,Media,Perfil 1
Femenino,54,EXTENSION HERRAMIENTAS TICS,DIURNA,Sin registro,Sin registro,Envigado,40.3,Media,Perfil 1
Femenino,25,13T-TÉCNICO LABORAL EN AUXILIAR EN SEGURIDAD OCUPACIONAL,NOCHE,Empleado,EPS Sura,Envigado,40.3,Media,Perfil 1
Femenino,16,MEDIA TECNICA EN TÉCNICO LABORAL EN EDUCACIÓN PARA LA PRIMERA INFANCIA,MEDIA TÉCNICA,Estudiante básica,EPS Sura,Envigado,40.3,Media,Perfil 1
Femenino,57,EXTENSION HERRAMIENTAS TICS,DIURNA,Sin registro,Sin registro,Envigado,40.2,Media,Perfil 1
Femenino,57,EXTENSIÓN WORD AVANZADO VIRTUAL,DIURNA,Sin registro,Sin registro,Envigado,40.2,Media,Perfil 1
Femenino,58,EXTENSIÓN - BIOSEGURIDAD,DIURNA,Sin registro,Sin registro,Envigado,40.2,Media,Perfil 1
Femenino,58,EXTENSION HERRAMIENTAS TICS,DIURNA,Sin registro,Sin registro,Envigado,40.2,Media,Perfil 2
Femenino,58,EXTENSIÓN - BIOSEGURIDAD,DIURNA,Sin registro,Sin registro,Envigado,40.2,Media,Perfil 1
Femenino,59,EXTENSIÓN - BIOSEGURIDAD,DIURNA,Sin registro,Sin registro,Envigado,40.2,Media,Perfil 1
Femenino,58,EXTENSIÓN MANIPULACIÓN DE ALIMENTOS,DIURNA,Sin registro,Sin registro,Envigado,40.2,Media,Perfil 1
Femenino,58,EXTENSIÓN HERRAMIENTAS TICS MEDIO,DIURNA,Sin registro,Sin registro,Envigado,40.2,Media,Perfil 2
Femenino,59,EXTENSIÓN COMPETENCIAS COMPORTAMENTALES PARA EL TRABAJO REMOTO EN CASA,DIURNA,Sin registro,Sin registro,Envigado,40.2,Media,Perfil 1
Femenino,59,EXTENSIÓN - BIOSEGURIDAD,DIURNA,Sin registro,Sin registro,Envigado,40.2,Media,Perfil 2
Femenino,59,EXTENSIÓN MANIPULACIÓN DE ALIMENTOS,DIURNA,Sin registro,Sin registro,Envigado,40.2,Media,Perfil 1
Femenino,59,EXTENSIÓN MANIPULACIÓN DE ALIMENTOS,DIURNA,Sin registro,Sin registro,Envigado,40.2,Media,Perfil 1
Femenino,59,EXTENSIÓN HERRAMIENTAS TICS Y COMPETENCIAS COMPORTAMENTALES PARA EL TRABAJO REMOTO EN CASA,DIURNA,Sin registro,Sin registro,Envigado,40.2,Media,Perfil 1
Masculino,42,CURSO EXTENSIÓN EXCEL,NOCHE,Sin registro,Sin registro,Medellín,40.2,Media,Perfil 1
Masculino,42,CURSO EXTENSIÓN EXCEL,NOCHE,Sin registro,Sin registro,Medellín,40.2,Media,Perfil 1
Masculino,22,17T-TÉCNICO LABORAL EN ENTRENAMIENTO DEPORTIVO,DIURNA,Estudiante superior,Nueva Promotora de Salud - Nueva EPS,Envigado,40.2,Media,Perfil 1
Femenino,36,09T-TÉCNICO LABORAL EN AUXILIAR ADMINISTRATIVO,NOCHE,Empleado,EPS Sura,Envigado,40.2,Media,Perfil 1
Masculino,45,CURSO EXTENSIÓN EXCEL,NOCHE,Sin registro,Sin registro,Medellín,40.2,Media,Perfil 1
Femenino,37,14T-TÉCNICO LABORAL EN CONTABILIDAD,NOCHE,Empleado,Coomeva EPS,Envigado,40.2,Media,Perfil 1
Femenino,29,29T-TÉCNICO LABORAL EN PANADERIA Y REPOSTERIA,DIURNA,Empleado,EPS Sura,Envigado,40.2,Media,Perfil 1
Femenino,16,MEDIA TECNICA MARKETING DIGITAL,MEDIA TÉCNICA,Estudiante básica,EPS Sura,Envigado,40.2,Media,Perfil 1
Femenino,21,17T-TÉCNICO LABORAL EN ENTRENAMIENTO DEPORTIVO,NOCHE,Estudiante superior,EPS Sura,Envigado,40.2,Media,Perfil 1
Femenino,53,29T-TÉCNICO LABORAL EN PANADERIA Y REPOSTERIA,DIURNA,Empleado,Sin registro,Envigado,40.2,Media,Perfil 1
Femenino,21,12T-TÉCNICO LABORAL EN AUXILIAR DE RECURSO HUMANO,DIURNA,Desempleado,EPS Sura,Envigado,40.2,Media,Perfil 1
Femenino,30,09T-TÉCNICO LABORAL EN AUXILIAR ADMINISTRATIVO,NOCHE,Desempleado,EPS Sura,Envigado,40.2,Media,Perfil 1
Femenino,19,12T-TÉCNICO LABORAL EN AUXILIAR DE RECURSO HUMANO,DIURNA,Estudiante superior,EPS Sura,Envigado,40.2,Media,Perfil 1
Masculino,47,CURSO EXTENSIÓN EXCEL,NOCHE,Sin registro,Sin registro,Medellín,40.1,Media,Perfil 1
Masculino,48,CURSO EXTENSIÓN EXCEL,NOCHE,Sin registro,Sin registro,Medellín,40.1,Media,Perfil 1
Femenino,15,MEDIA TÉCNICA TÉCNICO EN MARKETING Y VENTA DE PRODUCTOS Y SERVICIOS,MEDIA TÉCNICA,Estudiante básica,EPS Sura,Envigado,40.1,Media,Perfil 1
Femenino,28,09T-TÉCNICO LABORAL EN AUXILIAR ADMINISTRATIVO,NOCHE,Empleado,Salud Total EPS,Envigado,40.1,Media,Perfil 1
Femenino,26,09T-TÉCNICO LABORAL EN AUXILIAR ADMINISTRATIVO,NOCHE,Empleado,EPS Sura,Envigado,40.1,Media,Perfil 1
Femenino,34,14T-TÉCNICO LABORAL EN CONTABILIDAD,NOCHE,Empleado,EPS Sura,Envigado,40.1,Media,Perfil 1
Masculino,35,09T-TÉCNICO LABORAL EN AUXILIAR ADMINISTRATIVO,NOCHE,Empleado,EPS Sura,Envigado,40.1,Media,Perfil 1
Femenino,43,FORMACIÓN EN CONOCIMIENTOS ACADÉMICOS PARA LA ACTUALIZACIÓN DEL DESEMPEÑO DOCENTE CEFIT,NOCHE,Empleado,EPS Sura,Envigado,40.1,Media,Perfil 1
Masculino,42,09T-TÉCNICO LABORAL EN AUXILIAR ADMINISTRATIVO,NOCHE,Empleado,EPS Sura,Envigado,40.1,Media,Perfil 1
Femenino,47,12T-TÉCNICO LABORAL EN AUXILIAR DE RECURSO HUMANO,NOCHE,Desempleado,EPS Sura,Envigado,40.0,Baja,Perfil 1
Femenino,44,14T-TÉCNICO LABORAL EN CONTABILIDAD,NOCHE,Empleado,EPS Sura,Envigado,40.0,Baja,Perfil 1
Femenino,17,MEDIA TÉCNICA EN PANADERIA Y REPOSTERIA 2025,MEDIA TÉCNICA,Estudiante básica,EPS Sura,Envigado,40.0,Baja,Perfil 2
Femenino,43,29T-TÉCNICO LABORAL EN PANADERIA Y REPOSTERIA,NOCHE,Empleado,EPS Sura,Envigado,40.0,Baja,Perfil 1
Femenino,35,06-VTécnico Laboral en Asistente Community Manager y Redes Sociales (50% Modalidad Distancia),DIURNA,Empleado,Nueva Promotora de Salud - Nueva EPS,Envigado,40.0,Baja,Perfil 1
Femenino,15,MEDIA TECNICA EN TÉCNICO LABORAL EN EDUCACIÓN PARA LA PRIMERA INFANCIA,MEDIA TÉCNICA,Estudiante superior,EPS Sura,Envigado,40.0,Baja,Perfil 2
Femenino,17,MEDIA TECNICA EN TÉCNICO LABORAL EN EDUCACIÓN PARA LA PRIMERA INFANCIA,MEDIA TÉCNICA,Estudiante básica,EPS Sura,Envigado,40.0,Baja,Perfil 1
Femenino,20,09T-TÉCNICO LABORAL EN AUXILIAR ADMINISTRATIVO,DIURNA,Desempleado,Nueva Promotora de Salud - Nueva EPS,Envigado,40.0,Baja,Perfil 1
Femenino,20,22T-TÉCNICO LABORAL EN MARKETING DIGITAL,DIURNA,Estudiante básica,EPS Sura,Envigado,40.0,Baja,Perfil 1
Femenino,15,MEDIA TÉCNICA EN PANADERIA Y REPOSTERIA 2025,MEDIA TÉCNICA,Estudiante básica,EPS Sura,Envigado,40.0,Baja,Perfil 1
Masculino,60,EXTENSIÓN INDUCCION Q10,TARDE,Sin registro,Sin registro,Itagui,39.9,Baja,Perfil 1
Femenino,30,13T-TÉCNICO LABORAL EN AUXILIAR EN SEGURIDAD OCUPACIONAL,NOCHE,Empleado,EPS Sura,Envigado,39.9,Baja,Perfil 1
Masculino,49,CURSO EXTENSIÓN EXCEL,NOCHE,Sin registro,Sin registro,Medellín,39.9,Baja,Perfil 1
Masculino,49,CURSO EXTENSIÓN EXCEL,NOCHE,Sin registro,Sin registro,Medellín,39.9,Baja,Perfil 1
Masculino,35,17T-TÉCNICO LABORAL EN ENTRENAMIENTO DEPORTIVO,DIURNA,Empleado,EPS Sura,La Estrella,39.9,Baja,Perfil 1
Femenino,36,14T-TÉCNICO LABORAL EN CONTABILIDAD,DIURNA,Empleado,EPS Sura,Envigado,39.9,Baja,Perfil 1
Femenino,19,29T-TÉCNICO LABORAL EN PANADERIA Y REPOSTERIA,DIURNA,Estudiante básica,EPS Sura,Envigado,39.9,Baja,Perfil 1
Femenino,18,MEDIA TÉCNICA EN PANADERIA Y REPOSTERIA 2025,MEDIA TÉCNICA,Estudiante básica,EPS Sura,Envigado,39.9,Baja,Perfil 2
Femenino,17,MEDIA TÉCNICA TÉCNICO EN MARKETING Y VENTA DE PRODUCTOS Y SERVICIOS,MEDIA TÉCNICA,Estudiante básica,EPS Sura,Envigado,39.9,Baja,Perfil 1
Femenino,15,MEDIA TÉCNICA EN PANADERIA Y REPOSTERIA 2025,MEDIA TÉCNICA,Estudiante básica,EPS Sura,Envigado,39.9,Baja,Perfil 1
Femenino,15,MEDIA TECNICA EN TÉCNICO LABORAL EN EDUCACIÓN PARA LA PRIMERA INFANCIA,MEDIA TÉCNICA,Estudiante básica,EPS Sura,Envigado,39.9,Baja,Perfil 1
Femenino,17,MEDIA TÉCNICA EN PANADERIA Y REPOSTERIA 2025,MEDIA TÉCNICA,Estudiante básica,EPS Sura,Envigado,39.9,Baja,Perfil 1
Femenino,21,17T-TÉCNICO LABORAL EN ENTRENAMIENTO DEPORTIVO,DIURNA,Desempleado,Sin registro,Envigado,39.8,Baja,Perfil 1
Masculino,34,17T-TÉCNICO LABORAL EN ENTRENAMIENTO DEPORTIVO,NOCHE,Empleado,Coomeva EPS,Envigado,39.8,Baja,Perfil 1
Masculino,29,17T-TÉCNICO LABORAL EN ENTRENAMIENTO DEPORTIVO,NOCHE,Estudiante superior,EPS Sura,Envigado,39.8,Baja,Perfil 2
Masculino,22,17T-TÉCNICO LABORAL EN ENTRENAMIENTO DEPORTIVO,DIURNA,Empleado,EPS Sura,Envigado,39.8,Baja,Perfil 1
Femenino,35,12T-TÉCNICO LABORAL EN AUXILIAR DE RECURSO HUMANO,DIURNA,Empleado,EPS Sura,Envigado,39.8,Baja,Perfil 1
Femenino,22,22T-TÉCNICO LABORAL EN MARKETING DIGITAL,NOCHE,Empleado,EPS Sura,Envigado,39.8,Baja,Perfil 1
Femenino,51,EXTENSIÓN MANIPULACIÓN DE ALIMENTOS,DIURNA,Sin registro,Sin registro,Sabaneta,39.8,Baja,Perfil 1
Masculino,69,CURSO EXTENSIÓN EXCEL,NOCHE,Sin registro,Sin registro,Medellín,39.7,Baja,Perfil 1
Femenino,16,MEDIA TECNICA MARKETING DIGITAL,MEDIA TÉCNICA,Estudiante básica,EPS Sura,Envigado,39.7,Baja,Perfil 1
Femenino,15,MEDIA TÉCNICA TÉCNICO EN MARKETING Y VENTA DE PRODUCTOS Y SERVICIOS,MEDIA TÉCNICA,Estudiante básica,EPS Sura,Envigado,39.7,Baja,Perfil 1
Masculino,39,22T-TÉCNICO LABORAL EN MARKETING DIGITAL,NOCHE,Empleado,EPS Sura,Envigado,39.7,Baja,Perfil 1
Femenino,32,12T-TÉCNICO LABORAL EN AUXILIAR DE RECURSO HUMANO,NOCHE,Desempleado,EPS Sura,Envigado,39.7,Baja,Perfil 1
Femenino,20,36T -  TÉCNICO LABORAL EN AUXILIAR ANÁLISIS Y PROGRAMACIÓN DE SOFTWARE,NOCHE,Empleado,EPS Sura,Envigado,39.7,Baja,Perfil 2
Femenino,36,14T-TÉCNICO LABORAL EN CONTABILIDAD,NOCHE,Empleado,Salud Total EPS,Envigado,39.6,Baja,Perfil 1
Femenino,16,MEDIA TECNICA EN TÉCNICO LABORAL EN EDUCACIÓN PARA LA PRIMERA INFANCIA,MEDIA TÉCNICA,Estudiante básica,EPS Sura,Envigado,39.6,Baja,Perfil 1
Femenino,47,14T-TÉCNICO LABORAL EN CONTABILIDAD,NOCHE,Empleado,EPS Sura,Envigado,39.6,Baja,Perfil 1
Femenino,40,01-V- TÉCNICO LABORAL EN MARKETING DIGITAL A DISTANCIA,NOCHE,Empleado,EPS Sura,Envigado,39.6,Baja,Perfil 1
Masculino,51,CURSO EXTENSIÓN EXCEL,NOCHE,Sin registro,Sin registro,Medellín,39.6,Baja,Perfil 2
Masculino,51,CURSO EXTENSIÓN EXCEL,NOCHE,Sin registro,Sin registro,Medellín,39.6,Baja,Perfil 1
Masculino,51,CURSO EXTENSIÓN EXCEL,NOCHE,Sin registro,Sin registro,Medellín,39.6,Baja,Perfil 1
Femenino,30,30T-TÉCNICO LABORAL EN EDUCACIÓN PARA LA PRIMERA INFANCIA,NOCHE,Independiente,EPS Sura,Envigado,39.6,Baja,Perfil 1
Masculino,48,17T-TÉCNICO LABORAL EN ENTRENAMIENTO DEPORTIVO,NOCHE,Empleado,EPS Sura,Sabaneta,39.6,Baja,Perfil 1
Masculino,40,12T-TÉCNICO LABORAL EN AUXILIAR DE RECURSO HUMANO,NOCHE,Empleado,EPS Sura,Envigado,39.5,Baja,Perfil 1
Femenino,53,14T-TÉCNICO LABORAL EN CONTABILIDAD,NOCHE,Empleado,EPS Sura,Envigado,39.5,Baja,Perfil 1
Femenino,17,09T-TÉCNICO LABORAL EN AUXILIAR ADMINISTRATIVO,DIURNA,Desempleado,EPS Sura,Envigado,39.5,Baja,Perfil 1
Femenino,31,12T-TÉCNICO LABORAL EN AUXILIAR DE RECURSO HUMANO,DIURNA,Empleado,EPS Sura,Envigado,39.5,Baja,Perfil 1
Femenino,26,MEDIA TÉCNICA - ORIENTACIÓN VOCACIONAL,MEDIA TÉCNICA,Estudiante básica,EPS Sura,Envigado,39.5,Baja,Perfil 1
Masculino,20,17T-TÉCNICO LABORAL EN ENTRENAMIENTO DEPORTIVO,DIURNA,Estudiante básica,Savia Salud,Envigado,39.4,Baja,Perfil 1
Femenino,30,EXTENSIÓN MANIPULACIÓN DE ALIMENTOS,DIURNA,Independiente,Nueva Promotora de Salud - Nueva EPS,Envigado,39.4,Baja,Perfil 1
Femenino,54,29T-TÉCNICO LABORAL EN PANADERIA Y REPOSTERIA,DIURNA,Desempleado,SISBEN,Envigado,39.4,Baja,Perfil 1
Femenino,48,29T-TÉCNICO LABORAL EN PANADERIA Y REPOSTERIA,DIURNA,Desempleado,EPS Sura,Envigado,39.4,Baja,Perfil 2
Femenino,29,13T-TÉCNICO LABORAL EN AUXILIAR EN SEGURIDAD OCUPACIONAL,NOCHE,Estudiante superior,EPS Sura,Envigado,39.4,Baja,Perfil 2
Masculino,54,CURSO EXTENSIÓN EXCEL,NOCHE,Sin registro,Sin registro,Medellín,39.4,Baja,Perfil 1
Masculino,54,CURSO EXTENSIÓN EXCEL,NOCHE,Sin registro,Sin registro,Medellín,39.4,Baja,Perfil 1
Masculino,54,CURSO EXTENSIÓN EXCEL,NOCHE,Sin registro,Sin registro,Medellín,39.4,Baja,Perfil 1
Femenino,38,09T-TÉCNICO LABORAL EN AUXILIAR ADMINISTRATIVO,NOCHE,Desempleado,Salud Total EPS,Envigado,39.4,Baja,Perfil 2
Masculino,58,CURSO EXTENSIÓN EXCEL,NOCHE,Sin registro,Sin registro,Medellín,39.4,Baja,Perfil 1
Femenino,16,MEDIA TÉCNICA - ORIENTACIÓN VOCACIONAL,MEDIA TÉCNICA,Estudiante básica,EPS Sura,Envigado,39.4,Baja,Perfil 2
Femenino,16,MEDIA TECNICA MARKETING DIGITAL,MEDIA TÉCNICA,Estudiante básica,EPS Sura,Envigado,39.4,Baja,Perfil 2
Femenino,53,EXTENSIÓN MANIPULACIÓN DE ALIMENTOS,DIURNA,Sin registro,Sin registro,Sabaneta,39.4,Baja,Perfil 2
Femenino,53,EXTENSION HERRAMIENTAS TICS,DIURNA,Sin registro,Sin registro,Sabaneta,39.4,Baja,Perfil 2
Femenino,52,EXTENSION HERRAMIENTAS TICS,DIURNA,Sin registro,Sin registro,Sabaneta,39.4,Baja,Perfil 1
Masculino,56,CURSO EXTENSIÓN EXCEL,NOCHE,Sin registro,Sin registro,Medellín,39.3,Baja,Perfil 1
Masculino,56,CURSO EXTENSIÓN EXCEL,NOCHE,Sin registro,Sin registro,Medellín,39.3,Baja,Perfil 2
Femenino,34,14T-TÉCNICO LABORAL EN CONTABILIDAD,NOCHE,Empleado,EPS Sura,Envigado,39.3,Baja,Perfil 2
Femenino,26,06T-TÉCNICO LABORAL EN ATENCIÓN Y CUIDADO AL ADULTO MAYOR EN EL DOMICILIO,NOCHE,Estudiante superior,EPS Sura,Envigado,39.3,Baja,Perfil 1
Femenino,15,MEDIA TECNICA MARKETING DIGITAL,MEDIA TÉCNICA,Estudiante básica,EPS Sura,Envigado,39.3,Baja,Perfil 1
Femenino,16,MEDIA TECNICA EN TÉCNICO LABORAL EN EDUCACIÓN PARA LA PRIMERA INFANCIA,MEDIA TÉCNICA,Estudiante básica,EPS Sura,Envigado,39.3,Baja,Perfil 1
Femenino,15,MEDIA TÉCNICA EN PANADERIA Y REPOSTERIA 2025,MEDIA TÉCNICA,Estudiante básica,EPS Sura,Envigado,39.3,Baja,Perfil 1
Femenino,16,MEDIA TÉCNICA EN PANADERIA Y REPOSTERIA 2025,MEDIA TÉCNICA,Estudiante básica,EPS Sura,Envigado,39.3,Baja,Perfil 2
Femenino,15,MEDIA TÉCNICA EN PANADERIA Y REPOSTERIA 2025,MEDIA TÉCNICA,Estudiante básica,EPS Sura,Envigado,39.3,Baja,Perfil 2
Femenino,15,MEDIA TECNICA EN TÉCNICO LABORAL EN EDUCACIÓN PARA LA PRIMERA INFANCIA,MEDIA TÉCNICA,Estudiante básica,EPS Sura,Envigado,39.3,Baja,Perfil 1
Femenino,15,MEDIA TECNICA EN TÉCNICO LABORAL EN EDUCACIÓN PARA LA PRIMERA INFANCIA,MEDIA TÉCNICA,Estudiante básica,EPS Sura,Envigado,39.3,Baja,Perfil 1
Femenino,52,09T-TÉCNICO LABORAL EN AUXILIAR ADMINISTRATIVO,NOCHE,Empleado,EPS Sura,Envigado,39.3,Baja,Perfil 1
Femenino,57,29T-TÉCNICO LABORAL EN PANADERIA Y REPOSTERIA,DIURNA,Desempleado,SISBEN,Envigado,39.3,Baja,Perfil 1
Femenino,36,14T-TÉCNICO LABORAL EN CONTABILIDAD,NOCHE,Empleado,EPS Sura,Envigado,39.3,Baja,Perfil 1
Femenino,29,FORMACIÓN EN CONOCIMIENTOS ACADÉMICOS PARA LA ACTUALIZACIÓN DEL DESEMPEÑO DOCENTE CEFIT,NOCHE,Empleado,Nueva Promotora de Salud - Nueva EPS,Envigado,39.3,Baja,Perfil 1
Femenino,36,22T-TÉCNICO LABORAL EN MARKETING DIGITAL,NOCHE,Empleado,Sanitas EPS,Envigado,39.2,Baja,Perfil 3
Femenino,16,MEDIA TÉCNICA EN PANADERIA Y REPOSTERIA 2025,MEDIA TÉCNICA,Estudiante básica,EPS Sura,Envigado,39.2,Baja,Perfil 3
Femenino,57,EXTENSIÓN - OFFICE 365 VIRTUAL,DIURNA,Sin registro,Sin registro,Sabaneta,39.2,Baja,Perfil 3
Femenino,57,EXTENSIÓN HERRAMIENTAS TICS Y COMPETENCIAS COMPORTAMENTALES PARA EL TRABAJO REMOTO EN CASA,DIURNA,Sin registro,Sin registro,Sabaneta,39.2,Baja,Perfil 3
Femenino,57,EXTENSIÓN COMPETENCIAS COMPORTAMENTALES PARA EL TRABAJO REMOTO EN CASA,DIURNA,Sin registro,Sin registro,Sabaneta,39.2,Baja,Perfil 3
Femenino,20,12T-TÉCNICO LABORAL EN AUXILIAR DE RECURSO HUMANO,DIURNA,Estudiante superior,EPS Sura,Envigado,39.2,Baja,Perfil 3
Femenino,24,29T-TÉCNICO LABORAL EN PANADERIA Y REPOSTERIA,DIURNA,Desempleado,EPS Sura,Envigado,39.2,Baja,Perfil 3
Femenino,45,29T-TÉCNICO LABORAL EN PANADERIA Y REPOSTERIA,TARDE,Desempleado,EPS Sura,Envigado,39.2,Baja,Perfil 3
Femenino,17,MEDIA TÉCNICA TÉCNICO EN MARKETING Y VENTA DE PRODUCTOS Y SERVICIOS,MEDIA TÉCNICA,Estudiante básica,EPS Sura,Envigado,39.2,Baja,Perfil 3
Femenino,25,19T-TÉCNICO LABORAL EN GASTRONOMIA INTERNACIONAL,NOCHE,Estudiante superior,EPS Sura,Medellín,39.2,Baja,Perfil 3
Femenino,28,27T-TÉCNICO LABORAL EN MERCADEO Y VENTAS (Estudiantes Antiguos),NOCHE,Estudiante superior,EPS Sura,Envigado,39.1,Baja,Perfil 3
Femenino,17,MEDIA TÉCNICA TÉCNICO EN MARKETING Y VENTA DE PRODUCTOS Y SERVICIOS,MEDIA TÉCNICA,Estudiante básica,EPS Sura,Envigado,39.1,Baja,Perfil 3
Femenino,51,18T-TÉCNICO LABORAL EN GASTRONOMÍA,NOCHE,Desempleado,EPS Sura,Envigado,39.1,Baja,Perfil 3
Femenino,34,12T-TÉCNICO LABORAL EN AUXILIAR DE RECURSO HUMANO,NOCHE,Empleado,EPS Sura,Envigado,39.1,Baja,Perfil 3
Femenino,25,27T-TÉCNICO LABORAL EN MERCADEO Y VENTAS (Estudiantes Antiguos),NOCHE,Empleado,Sin registro,Envigado,39.1,Baja,Perfil 3
Femenino,44,07T-TÉCNICO LABORAL EN ATENCION Y CUIDADO DE PERSONAS MAYORES,NOCHE,Estudiante superior,EPS Sura,Envigado,39.0,Baja,Perfil 3
Femenino,27,31T-TÉCNICO LABORAL EN SISTEMAS (Estudiantes Antiguos),NOCHE,Estudiante superior,EPS Sura,Envigado,39.0,Baja,Perfil 3
Femenino,17,29T-TÉCNICO LABORAL EN PANADERIA Y REPOSTERIA,DIURNA,Desempleado,EPS Sura,Envigado,39.0,Baja,Perfil 3
Femenino,15,MEDIA TECNICA EN TÉCNICO LABORAL EN EDUCACIÓN PARA LA PRIMERA INFANCIA,MEDIA TÉCNICA,Estudiante básica,EPS Sura,Envigado,39.0,Baja,Perfil 3
Femenino,15,MEDIA TECNICA MARKETING DIGITAL,MEDIA TÉCNICA,Estudiante básica,EPS Sura,Envigado,39.0,Baja,Perfil 3
Femenino,16,MEDIA TECNICA MARKETING DIGITAL,MEDIA TÉCNICA,Estudiante básica,EPS Sura,Envigado,39.0,Baja,Perfil 3
Femenino,31,21T-TÉCNICO LABORAL EN MANTENIMIENTO DE COMPUTADORES Y REDES LOCALES DE DATOS,NOCHE,Desempleado,EPS Sura,Envigado,39.0,Baja,Perfil 3
Femenino,31,14T-TÉCNICO LABORAL EN CONTABILIDAD,NOCHE,Desempleado,EPS Sura,Envigado,39.0,Baja,Perfil 3
Femenino,51,30T-TÉCNICO LABORAL EN EDUCACIÓN PARA LA PRIMERA INFANCIA,NOCHE,Empleado,Savia Salud,Envigado,38.9,Baja,Perfil 3
Masculino,35,26T-TÉCNICO LABORAL EN MECÁNICA DE MOTOS  (Estudiantes Antiguos),NOCHE,Empleado,EPS Sura,Envigado,38.9,Baja,Perfil 3
Masculino,32,25T-TÉCNICO LABORAL EN MECANICA DE MOTOCICLETAS,DIURNA,Empleado,EPS Sura,Envigado,38.9,Baja,Perfil 3
Femenino,16,MEDIA TECNICA MARKETING DIGITAL,MEDIA TÉCNICA,Estudiante básica,EPS Sura,Envigado,38.9,Baja,Perfil 3
Femenino,17,MEDIA TÉCNICA TÉCNICO EN MARKETING Y VENTA DE PRODUCTOS Y SERVICIOS,MEDIA TÉCNICA,Estudiante básica,EPS Sura,Envigado,38.9,Baja,Perfil 3
Femenino,17,MEDIA TÉCNICA EN PANADERIA Y REPOSTERIA 2025,MEDIA TÉCNICA,Estudiante básica,EPS Sura,Envigado,38.9,Baja,Perfil 3
Femenino,17,MEDIA TÉCNICA EN PANADERIA Y REPOSTERIA 2025,MEDIA TÉCNICA,Estudiante básica,EPS Sura,Envigado,38.9,Baja,Perfil 3
Femenino,17,MEDIA TECNICA EN TÉCNICO LABORAL EN EDUCACIÓN PARA LA PRIMERA INFANCIA,MEDIA TÉCNICA,Estudiante básica,EPS Sura,Envigado,38.9,Baja,Perfil 3
Femenino,16,MEDIA TÉCNICA EN PANADERIA Y REPOSTERIA 2025,MEDIA TÉCNICA,Estudiante básica,EPS Sura,Envigado,38.9,Baja,Perfil 3
Femenino,67,EXTENSIÓN - BIOSEGURIDAD,DIURNA,Sin registro,Sin registro,Itagui,38.9,Baja,Perfil 3
Femenino,46,14T-TÉCNICO LABORAL EN CONTABILIDAD,NOCHE,Empleado,Savia Salud,Envigado,38.9,Baja,Perfil 3
Femenino,15,MEDIA TÉCNICA TÉCNICO EN MARKETING Y VENTA DE PRODUCTOS Y SERVICIOS,MEDIA TÉCNICA,Estudiante básica,EPS Sura,Envigado,38.9,Baja,Perfil 3
Femenino,16,MEDIA TÉCNICA TÉCNICO EN MARKETING Y VENTA DE PRODUCTOS Y SERVICIOS,MEDIA TÉCNICA,Estudiante básica,EPS Sura,Envigado,38.9,Baja,Perfil 3
Femenino,16,MEDIA TECNICA EN TÉCNICO LABORAL EN EDUCACIÓN PARA LA PRIMERA INFANCIA,MEDIA TÉCNICA,Estudiante básica,EPS Sura,Envigado,38.8,Baja,Perfil 3
Femenino,32,09T-TÉCNICO LABORAL EN AUXILIAR ADMINISTRATIVO,NOCHE,Empleado,EPS Sura,Envigado,38.8,Baja,Perfil 3
Femenino,39,01T-TÉCNICO LABORAL AUXILIAR DE TALENTO HUMANO,DIURNA,Estudiante superior,EPS Sura,Envigado,38.8,Baja,Perfil 3
Femenino,36,09T-TÉCNICO LABORAL EN AUXILIAR ADMINISTRATIVO,NOCHE,Desempleado,EPS Sura,Envigado,38.8,Baja,Perfil 3
Masculino,41,16T-TÉCNICO LABORAL EN ELECTRICISTA,NOCHE,Empleado,EPS Sura,Envigado,38.8,Baja,Perfil 3
Masculino,39,09T-TÉCNICO LABORAL EN AUXILIAR ADMINISTRATIVO,NOCHE,Empleado,EPS Sura,Envigado,38.7,Baja,Perfil 3
Femenino,16,MEDIA TÉCNICA EN PANADERIA Y REPOSTERIA 2025,MEDIA TÉCNICA,Estudiante básica,EPS Sura,Envigado,38.7,Baja,Perfil 3
Femenino,15,MEDIA TECNICA EN TÉCNICO LABORAL EN EDUCACIÓN PARA LA PRIMERA INFANCIA,MEDIA TÉCNICA,Estudiante básica,EPS Sura,Envigado,38.7,Baja,Perfil 3
Femenino,16,MEDIA TECNICA MARKETING DIGITAL,MEDIA TÉCNICA,Estudiante básica,EPS Sura,Envigado,38.7,Baja,Perfil 3
Femenino,39,14T-TÉCNICO LABORAL EN CONTABILIDAD,DIURNA,Empleado,Salud Total EPS,Envigado,38.7,Baja,Perfil 3
Femenino,36,14T-TÉCNICO LABORAL EN CONTABILIDAD,NOCHE,Empleado,EPS Sura,Envigado,38.6,Baja,Perfil 3
Femenino,35,09T-TÉCNICO LABORAL EN AUXILIAR ADMINISTRATIVO,NOCHE,Empleado,EPS Sura,Envigado,38.6,Baja,Perfil 3
Femenino,42,07T-TÉCNICO LABORAL EN ATENCION Y CUIDADO DE PERSONAS MAYORES,NOCHE,Desempleado,Nueva Promotora de Salud - Nueva EPS,Envigado,38.5,Baja,Perfil 3
Masculino,32,13T-TÉCNICO LABORAL EN AUXILIAR EN SEGURIDAD OCUPACIONAL,NOCHE,Empleado,Salud Total EPS,Envigado,38.4,Baja,Perfil 3
Femenino,55,EXTENSIÓN - BIOSEGURIDAD,DIURNA,Sin registro,Sin registro,Itagui,38.4,Baja,Perfil 3
Femenino,59,EXTENSIÓN - BIOSEGURIDAD,DIURNA,Sin registro,Sin registro,Hérmedes de Cerrato,38.4,Baja,Perfil 3
Femenino,46,23T-TÉCNICO LABORAL EN MARKETING Y VENTA DE PRODUCTOS Y SERVICIOS,NOCHE,Empleado,Suramericana,Envigado,38.3,Baja,Perfil 3
Femenino,19,17T-TÉCNICO LABORAL EN ENTRENAMIENTO DEPORTIVO,NOCHE,Desempleado,Sin registro,Envigado,38.3,Baja,Perfil 3
Femenino,51,09T-TÉCNICO LABORAL EN AUXILIAR ADMINISTRATIVO,NOCHE,Empleado,Salud Total EPS,Envigado,38.2,Baja,Perfil 3
Masculino,41,CURSO EXTENSION PARRILLA Y MARIDAJE,NOCHE,Sin registro,Sin registro,Envigado,38.2,Baja,Perfil 3
Femenino,37,23T-TÉCNICO LABORAL EN MARKETING Y VENTA DE PRODUCTOS Y SERVICIOS,NOCHE,Empleado,EPS Sura,Envigado,38.2,Baja,Perfil 3
Femenino,37,13T-TÉCNICO LABORAL EN AUXILIAR EN SEGURIDAD OCUPACIONAL,NOCHE,Empleado,EPS Sura,Envigado,38.2,Baja,Perfil 3
Femenino,44,FORMACIÓN EN CONOCIMIENTOS ACADÉMICOS PARA LA ACTUALIZACIÓN DEL DESEMPEÑO DOCENTE CEFIT,NOCHE,Desempleado,EPS Sura,Envigado,38.2,Baja,Perfil 3
Femenino,49,30T-TÉCNICO LABORAL EN EDUCACIÓN PARA LA PRIMERA INFANCIA,NOCHE,Empleado,Sin registro,Envigado,38.2,Baja,Perfil 3
Masculino,33,EXTENSIÓN MANIPULACIÓN DE ALIMENTOS,DIURNA,Sin registro,Sin registro,Sin registro,38.2,Baja,Perfil 3
Femenino,23,17T-TÉCNICO LABORAL EN ENTRENAMIENTO DEPORTIVO,NOCHE,Empleado,EPS Sura,Envigado,38.1,Baja,Perfil 3
Femenino,28,27T-TÉCNICO LABORAL EN MERCADEO Y VENTAS (Estudiantes Antiguos),NOCHE,Desempleado,Suramericana,Envigado,38.1,Baja,Perfil 3
Femenino,23,17T-TÉCNICO LABORAL EN ENTRENAMIENTO DEPORTIVO,DIURNA,Empleado,EPS Sura,Envigado,38.1,Baja,Perfil 3
Femenino,39,22T-TÉCNICO LABORAL EN MARKETING DIGITAL,NOCHE,Desempleado,EPS Sura,Envigado,37.9,Baja,Perfil 3
Femenino,38,29T-TÉCNICO LABORAL EN PANADERIA Y REPOSTERIA,DIURNA,Desempleado,Salud Total EPS,Envigado,37.9,Baja,Perfil 3
Femenino,35,18T-TÉCNICO LABORAL EN GASTRONOMÍA,NOCHE,Empleado,Salud Total EPS,Envigado,37.9,Baja,Perfil 3
Masculino,42,CURSO EXTENSION PARRILLA Y MARIDAJE,NOCHE,Sin registro,Sin registro,Envigado,37.9,Baja,Perfil 3
Femenino,29,12T-TÉCNICO LABORAL EN AUXILIAR DE RECURSO HUMANO,DIURNA,Desempleado,Salud Total EPS,Envigado,37.9,Baja,Perfil 3
Masculino,34,25T-TÉCNICO LABORAL EN MECANICA DE MOTOCICLETAS,NOCHE,Empleado,EPS Sura,Envigado,37.9,Baja,Perfil 3
Femenino,56,09T-TÉCNICO LABORAL EN AUXILIAR ADMINISTRATIVO,NOCHE,Empleado,EPS Sura,Envigado,37.9,Baja,Perfil 3
Masculino,49,16T-TÉCNICO LABORAL EN ELECTRICISTA,NOCHE,Empleado,EPS Sura,Envigado,37.8,Baja,Perfil 3
Femenino,19,23T-TÉCNICO LABORAL EN MARKETING Y VENTA DE PRODUCTOS Y SERVICIOS,DIURNA,Empleado,EPS Sura,Envigado,37.6,Baja,Perfil 3
Masculino,38,14T-TÉCNICO LABORAL EN CONTABILIDAD,DIURNA,Empleado,EPS Sura,Envigado,37.6,Baja,Perfil 3
Femenino,17,17T-TÉCNICO LABORAL EN ENTRENAMIENTO DEPORTIVO,DIURNA,Desempleado,EPS Sura,Envigado,37.6,Baja,Perfil 3
Femenino,28,01T-TÉCNICO LABORAL AUXILIAR DE TALENTO HUMANO,DIURNA,Estudiante superior,Nueva Promotora de Salud - Nueva EPS,Envigado,37.6,Baja,Perfil 3
Femenino,53,14T-TÉCNICO LABORAL EN CONTABILIDAD,NOCHE,Empleado,EPS Sura,Envigado,37.5,Baja,Perfil 3
Femenino,22,01T-TÉCNICO LABORAL AUXILIAR DE TALENTO HUMANO,DIURNA,Estudiante básica,Nueva Promotora de Salud - Nueva EPS,Envigado,37.4,Baja,Perfil 3
Femenino,26,23T-TÉCNICO LABORAL EN MARKETING Y VENTA DE PRODUCTOS Y SERVICIOS,NOCHE,Empleado,EPS Sura,Envigado,37.4,Baja,Perfil 3
Femenino,35,19T-TÉCNICO LABORAL EN GASTRONOMIA INTERNACIONAL,DIURNA,Estudiante superior,EPS Sura,Envigado,37.3,Baja,Perfil 3
Femenino,24,09T-TÉCNICO LABORAL EN AUXILIAR ADMINISTRATIVO,NOCHE,Empleado,EPS Sura,Envigado,37.3,Baja,Perfil 3
Femenino,21,17T-TÉCNICO LABORAL EN ENTRENAMIENTO DEPORTIVO,DIURNA,Estudiante superior,Salud Total EPS,Envigado,37.3,Baja,Perfil 3
Femenino,45,28T-TÉCNICO LABORAL EN PANADERIA (Estudiantes Antiguos),NOCHE,Desempleado,SISBEN,Envigado,37.2,Baja,Perfil 3
Masculino,32,EXT GASTRONOMÍA,NOCHE,Sin registro,Sin registro,Sin registro,37.2,Baja,Perfil 3
Femenino,45,17T-TÉCNICO LABORAL EN ENTRENAMIENTO DEPORTIVO,DIURNA,Independiente,EPS Sura,Envigado,37.2,Baja,Perfil 3
Femenino,21,19T-TÉCNICO LABORAL EN GASTRONOMIA INTERNACIONAL,DIURNA,Estudiante superior,EPS Sura,Copacabana,37.2,Baja,Perfil 3
Femenino,32,EXTENSIÓN - BIOSEGURIDAD,DIURNA,Empleado,Coomeva EPS,Envigado,37.1,Baja,Perfil 3
Femenino,37,12T-TÉCNICO LABORAL EN AUXILIAR DE RECURSO HUMANO,NOCHE,Empleado,EPS Sura,Envigado,37.1,Baja,Perfil 3
Femenino,33,12T-TÉCNICO LABORAL EN AUXILIAR DE RECURSO HUMANO,NOCHE,Empleado,EPS Sura,Envigado,37.0,Baja,Perfil 3
Masculino,60,CURSO EXTENSION PARRILLA Y MARIDAJE,NOCHE,Sin registro,Sin registro,Envigado,37.0,Baja,Perfil 3
Femenino,25,EXT GASTRONOMÍA,NOCHE,Sin registro,Sin registro,Sin registro,36.9,Baja,Perfil 3
Femenino,32,14T-TÉCNICO LABORAL EN CONTABILIDAD,NOCHE,Empleado,EPS Sura,Envigado,36.9,Baja,Perfil 3
Masculino,58,CURSO EXTENSION PARRILLA Y MARIDAJE,NOCHE,Sin registro,Sin registro,Envigado,36.8,Baja,Perfil 3
Femenino,43,09T-TÉCNICO LABORAL EN AUXILIAR ADMINISTRATIVO,NOCHE,Empleado,EPS Sura,Envigado,36.8,Baja,Perfil 3
Femenino,54,30T-TÉCNICO LABORAL EN EDUCACIÓN PARA LA PRIMERA INFANCIA,NOCHE,Empleado,EPS Sura,Envigado,36.7,Baja,Perfil 3
Femenino,51,12T-TÉCNICO LABORAL EN AUXILIAR DE RECURSO HUMANO,NOCHE,Empleado,EPS Sura,Envigado,36.7,Baja,Perfil 3
Femenino,25,17T-TÉCNICO LABORAL EN ENTRENAMIENTO DEPORTIVO,DIURNA,Estudiante superior,EPS Sura,Envigado,36.5,Baja,Perfil 3
Masculino,36,EXT GASTRONOMÍA,NOCHE,Sin registro,Sin registro,Sin registro,36.5,Baja,Perfil 3
Femenino,49,04T-TÉCNICO LABORAL AUXILIAR EN SEGURIDAD Y PREVENCIÓN  DE RIESGOS LABORALES (Estudiantes Antiguos),NOCHE,Empleado,EPS Sura,Envigado,36.4,Baja,Perfil 3
Femenino,21,17T-TÉCNICO LABORAL EN ENTRENAMIENTO DEPORTIVO,NOCHE,Independiente,Colsanitas,Envigado,36.3,Baja,Perfil 3
Femenino,45,11T-TÉCNICO LABORAL EN AUXILIAR CONTABLE (Solo Estudiantes Antiguos),DIURNA,Estudiante superior,EPS Sura,Envigado,36.3,Baja,Perfil 3
Masculino,30,03T-TÉCNICO LABORAL AUXILIAR EN LOGÍSTICA,NOCHE,Empleado,Salud Total EPS,Envigado,36.1,Baja,Perfil 3
Femenino,28,12T-TÉCNICO LABORAL EN AUXILIAR DE RECURSO HUMANO,NOCHE,Desempleado,EPS Sura,Envigado,36.1,Baja,Perfil 3
Masculino,26,03T-TÉCNICO LABORAL AUXILIAR EN LOGÍSTICA,NOCHE,Empleado,EPS Sura,Envigado,35.9,Baja,Perfil 3
Femenino,41,14T-TÉCNICO LABORAL EN CONTABILIDAD,NOCHE,Empleado,EPS Sura,Envigado,35.9,Baja,Perfil 3
Femenino,46,EXTENSIÓN MANIPULACIÓN DE ALIMENTOS,DIURNA,Estudiante superior,EPS Sura,Envigado,35.9,Baja,Perfil 3
Femenino,32,EXTENSIÓN MANIPULACIÓN DE ALIMENTOS,DIURNA,Empleado,Salud Total EPS,Envigado,35.6,Baja,Perfil 3
Femenino,42,CURSO EXTENSION PARRILLA Y MARIDAJE,NOCHE,Sin registro,Sin registro,Envigado,35.5,Baja,Perfil 3
Femenino,38,23T-TÉCNICO LABORAL EN MARKETING Y VENTA DE PRODUCTOS Y SERVICIOS,NOCHE,Empleado,EPS Sura,Envigado,35.4,Baja,Perfil 3
Femenino,28,01T-TÉCNICO LABORAL AUXILIAR DE TALENTO HUMANO,NOCHE,Estudiante superior,EPS Sura,Envigado,35.2,Baja,Perfil 3
Masculino,34,26T-TÉCNICO LABORAL EN MECÁNICA DE MOTOS  (Estudiantes Antiguos),NOCHE,Empleado,EPS Sura,Envigado,35.1,Baja,Perfil 3
Femenino,47,13T-TÉCNICO LABORAL EN AUXILIAR EN SEGURIDAD OCUPACIONAL,NOCHE,Empleado,EPS Sura,Envigado,35.1,Baja,Perfil 3
Femenino,29,27T-TÉCNICO LABORAL EN MERCADEO Y VENTAS (Estudiantes Antiguos),NOCHE,Desempleado,SISBEN,Envigado,35.1,Baja,Perfil 3
Femenino,23,01T-TÉCNICO LABORAL AUXILIAR DE TALENTO HUMANO,DIURNA,Estudiante superior,EPS Sura,Envigado,35.1,Baja,Perfil 3
Femenino,42,17T-TÉCNICO LABORAL EN ENTRENAMIENTO DEPORTIVO,NOCHE,Desempleado,Sanitas EPS,Envigado,35.0,Baja,Perfil 3
Femenino,24,03T-TÉCNICO LABORAL AUXILIAR EN LOGÍSTICA,NOCHE,Estudiante superior,EPS Sura,Envigado,34.8,Baja,Perfil 3
Femenino,42,30T-TÉCNICO LABORAL EN EDUCACIÓN PARA LA PRIMERA INFANCIA,NOCHE,Empleado,EPS Sura,Envigado,34.6,Baja,Perfil 3
Femenino,51,CURSO EXTENSION PARRILLA Y MARIDAJE,NOCHE,Sin registro,Sin registro,Envigado,34.6,Baja,Perfil 3
Femenino,32,EXT GASTRONOMÍA,NOCHE,Sin registro,Sin registro,Sin registro,34.4,Baja,Perfil 3
Femenino,57,CURSO EXTENSION PARRILLA Y MARIDAJE,NOCHE,Sin registro,Sin registro,Envigado,34.0,Baja,Perfil 3
Femenino,20,17T-TÉCNICO LABORAL EN ENTRENAMIENTO DEPORTIVO,NOCHE,Estudiante superior,EPS Sura,Envigado,33.9,Baja,Perfil 3
Masculino,35,09T-TÉCNICO LABORAL EN AUXILIAR ADMINISTRATIVO,NOCHE,Empleado,EPS Sura,Envigado,33.9,Baja,Perfil 3
Femenino,23,10T-TÉCNICO LABORAL EN AUXILIAR ADMINISTRATIVO CON ÉNFASIS EN SISTEMAS (Solo Estudiantes Antiguos),DIURNA,Empleado,EPS Sura,Envigado,33.5,Baja,Perfil 3
Femenino,44,EXTENSIÓN MANIPULACIÓN DE ALIMENTOS,DIURNA,Sin registro,Sin registro,Sin registro,33.5,Baja,Perfil 3
Masculino,42,17T-TÉCNICO LABORAL EN ENTRENAMIENTO DEPORTIVO,NOCHE,Empleado,EPS Sura,Envigado,33.3,Baja,Perfil 3
Femenino,19,01T-TÉCNICO LABORAL AUXILIAR DE TALENTO HUMANO,DIURNA,Estudiante superior,Savia Salud,Envigado,33.3,Baja,Perfil 3
Femenino,29,27T-TÉCNICO LABORAL EN MERCADEO Y VENTAS (Estudiantes Antiguos),DIURNA,Empleado,EPS Sura,Envigado,33.1,Baja,Perfil 3
Femenino,27,01T-TÉCNICO LABORAL AUXILIAR DE TALENTO HUMANO,DIURNA,Desempleado,Sanitas EPS,Envigado,33.1,Baja,Perfil 3
Femenino,54,06T-TÉCNICO LABORAL EN ATENCIÓN Y CUIDADO AL ADULTO MAYOR EN EL DOMICILIO,NOCHE,Empleado,EPS Sura,Envigado,32.8,Baja,Perfil 3
Femenino,24,27T-TÉCNICO LABORAL EN MERCADEO Y VENTAS (Estudiantes Antiguos),NOCHE,Estudiante superior,EPS Sura,Envigado,32.7,Baja,Perfil 3
Femenino,63,EXTENSION HERRAMIENTAS TICS,DIURNA,Sin registro,Sin registro,Sin registro,32.7,Baja,Perfil 3
Femenino,53,EXT - COCINA BÁSICA,NOCHE,Sin registro,Sin registro,Sin registro,32.6,Baja,Perfil 3
Femenino,59,EXT - COCINA BÁSICA,NOCHE,Sin registro,Sin registro,Sin registro,32.6,Baja,Perfil 3
Femenino,30,17T-TÉCNICO LABORAL EN ENTRENAMIENTO DEPORTIVO,DIURNA,Desempleado,EPS Sura,Envigado,32.5,Baja,Perfil 3
Femenino,53,EXTENSION HERRAMIENTAS TICS,DIURNA,Sin registro,Sin registro,Sin registro,32.4,Baja,Perfil 3
Femenino,52,EXTENSIÓN EXCEL AVANZADO,DIURNA,Sin registro,Sin registro,Sin registro,32.4,Baja,Perfil 3
Femenino,59,EXTENSIÓN - OFFICE 365 VIRTUAL,DIURNA,Sin registro,Sin registro,Sin registro,32.3,Baja,Perfil 3
Femenino,57,EXTENSIÓN - BIOSEGURIDAD,DIURNA,Sin registro,Sin registro,Sin registro,32.3,Baja,Perfil 3
Femenino,57,EXTENSION HERRAMIENTAS TICS,DIURNA,Sin registro,Sin registro,Sin registro,32.3,Baja,Perfil 3
Femenino,21,10T-TÉCNICO LABORAL EN AUXILIAR ADMINISTRATIVO CON ÉNFASIS EN SISTEMAS (Solo Estudiantes Antiguos),NOCHE,Estudiante superior,Salud Total EPS,Envigado,32.0,Baja,Perfil 3
Femenino,21,17T-TÉCNICO LABORAL EN ENTRENAMIENTO DEPORTIVO,DIURNA,Desempleado,EPS Sura,Envigado,32.0,Baja,Perfil 3
Femenino,21,17T-TÉCNICO LABORAL EN ENTRENAMIENTO DEPORTIVO,DIURNA,Desempleado,EPS Sura,Envigado,31.4,Baja,Perfil 3
Masculino,54,EXT GASTRONOMÍA,NOCHE,Sin registro,Sin registro,Sin registro,31.1,Baja,Perfil 3
Femenino,19,10T-TÉCNICO LABORAL EN AUXILIAR ADMINISTRATIVO CON ÉNFASIS EN SISTEMAS (Solo Estudiantes Antiguos),DIURNA,Estudiante superior,Savia Salud,Envigado,31.1,Baja,Perfil 3
Masculino,30,CURSO EXTENSION PARRILLA Y MARIDAJE,NOCHE,Sin registro,Sin registro,Sin registro,30.9,Baja,Perfil 3
Femenino,33,CURSO EXTENSION PARRILLA Y MARIDAJE,NOCHE,Sin registro,Sin registro,Sin registro,30.5,Baja,Perfil 3
Femenino,41,EXT GASTRONOMÍA,NOCHE,Sin registro,Sin registro,Sin registro,29.9,Baja,Perfil 3
Femenino,37,CURSO EXTENSION PARRILLA Y MARIDAJE,NOCHE,Sin registro,Sin registro,Sin registro,29.8,Baja,Perfil 3
Masculino,32,CURSO EXTENSION PARRILLA Y MARIDAJE,NOCHE,Sin registro,Sin registro,Sin registro,29.8,Baja,Perfil 3
Masculino,34,CURSO EXTENSION PARRILLA Y MARIDAJE,NOCHE,Sin registro,Sin registro,Sin registro,29.7,Baja,Perfil 3
Femenino,43,EXT GASTRONOMÍA,NOCHE,Sin registro,Sin registro,Sin registro,29.6,Baja,Perfil 3
Masculino,36,CURSO EXTENSION PARRILLA Y MARIDAJE,NOCHE,Sin registro,Sin registro,Sin registro,29.5,Baja,Perfil 3
Femenino,47,EXT GASTRONOMÍA,NOCHE,Sin registro,Sin registro,Sin registro,29.2,Baja,Perfil 3
Femenino,50,EXT GASTRONOMÍA,NOCHE,Sin registro,Sin registro,Sin registro,29.0,Baja,Perfil 3
Femenino,67,EXT GASTRONOMÍA,NOCHE,Sin registro,Sin registro,Sin registro,28.5,Baja,Perfil 3
Femenino,61,EXT GASTRONOMÍA,NOCHE,Sin registro,Sin registro,Sin registro,28.4,Baja,Perfil 3
Femenino,53,EXT GASTRONOMÍA,NOCHE,Sin registro,Sin registro,Sin registro,28.3,Baja,Perfil 3
Femenino,59,EXT GASTRONOMÍA,NOCHE,Sin registro,Sin registro,Sin registro,28.2,Baja,Perfil 3
Femenino,59,EXT GASTRONOMÍA,NOCHE,Sin registro,Sin registro,Sin registro,28.2,Baja,Perfil 3
Masculino,44,CURSO EXTENSION PARRILLA Y MARIDAJE,NOCHE,Sin registro,Sin registro,Sin registro,26.1,Baja,Perfil 3
Masculino,43,CURSO EXTENSION PARRILLA Y MARIDAJE,NOCHE,Sin registro,Sin registro,Sin registro,26.1,Baja,Perfil 3
Masculino,42,CURSO EXTENSION PARRILLA Y MARIDAJE,NOCHE,Sin registro,Sin registro,Sin registro,26.1,Baja,Perfil 3
Femenino,54,CURSO EXTENSION PARRILLA Y MARIDAJE,NOCHE,Sin registro,Sin registro,Sin registro,25.9,Baja,Perfil 3
Masculino,49,CURSO EXTENSION PARRILLA Y MARIDAJE,NOCHE,Sin registro,Sin registro,Sin registro,25.8,Baja,Perfil 3
Masculino,52,CURSO EXTENSION PARRILLA Y MARIDAJE,NOCHE,Sin registro,Sin registro,Sin registro,25.5,Baja,Perfil 3
Masculino,53,CURSO EXTENSION PARRILLA Y MARIDAJE,NOCHE,Sin registro,Sin registro,Sin registro,25.5,Baja,Perfil 3
Masculino,58,CURSO EXTENSION PARRILLA Y MARIDAJE,NOCHE,Sin registro,Sin registro,Sin registro,25.4,Baja,Perfil 3
Masculino,55,CURSO EXTENSION PARRILLA Y MARIDAJE,NOCHE,Sin registro,Sin registro,Sin registro,25.4,Baja,Perfil 3
